Codigo_IBGE,Municipio,UF,Regiao,Populacao_2024,Faixa_populacao,Onibus_intramunicipal,Onibus_intermunicipal,Intermunicipal_circula_interno,Frota_adaptada_PCD,Tem_onibus_publico_local,Classificacao,Status_Verificacao_Web,Fonte_Verificacao,Data_Verificacao,Observacao_Verificacao
1100015,Alta Floresta DOeste,RO,1 - Norte,22853,4 - 20001 até 50000,Não,Não,-,-,Não,Não possui transporte coletivo por ônibus,Sem fonte encontrada,,2026-08-07,Busca retornou apenas informações sobre rodoviária/transporte intermunicipal; sem confirmação confiável específica. Mantido dado original do MUNIC.
1100023,Ariquemes,RO,1 - Norte,108573,6 - 100001 até 500000,Não,Não,-,-,Não,Não possui transporte coletivo por ônibus,Confirmado,https://diariodotransporte.com.br/2019/05/11/ariquemes-em-rondonia-lanca-pmi-para-avaliar-implantacao-de-transporte-publico-na-cidade/,2026-08-07,Confirmado: Ariquemes não possui sistema de transporte coletivo por ônibus; locomoção é majoritariamente por mototáxi. Prefeitura estudava implantação desde 2019.
1100031,Cabixi,RO,1 - Norte,5690,2 - 5001 até 10000,Não,Não,-,-,Não,Não possui transporte coletivo por ônibus,Sem fonte encontrada,Fonte indica cidade pequena explorável a pé/transporte local limitado (Cabixi-RO),2026-08-11,"Evidência sugere ausência de ônibus urbano, mas não é fonte formal suficiente para Confirmado"
1100049,Cacoal,RO,1 - Norte,97637,5 - 50001 até 100000,Sim,Não,-,Totalmente adaptada,Sim,Possui ônibus urbano (intramunicipal),Pendente,,,
1100056,Cerejeiras,RO,1 - Norte,16975,3 - 10001 até 20000,Não,Não,-,-,Não,Não possui transporte coletivo por ônibus,Sem fonte encontrada,,2026-08-08,"Lei orgânica prevê competência sobre transporte coletivo, mas sem confirmação de sistema efetivamente operante. Mantido dado original do MUNIC."
1100064,Colorado do Oeste,RO,1 - Norte,16588,3 - 10001 até 20000,Não,Não,-,-,Não,Não possui transporte coletivo por ônibus,Sem fonte encontrada,,2026-08-08,Busca retornou apenas informações sobre rodoviária/transporte intermunicipal; sem confirmação confiável específica. Mantido dado original do MUNIC.
1100072,Corumbiara,RO,1 - Norte,8001,2 - 5001 até 10000,Não,Não,-,-,Não,Não possui transporte coletivo por ônibus,Sem fonte encontrada,Buscas retornaram apenas transporte de Porto Velho e rodoviária intermunicipal (Corumbiara-RO),2026-08-10,Nenhuma evidência específica de ônibus urbano intramunicipal encontrada
1100080,Costa Marques,RO,1 - Norte,13522,3 - 10001 até 20000,Não,Não,-,-,Não,Não possui transporte coletivo por ônibus,Sem fonte encontrada,,2026-08-08,Busca retornou apenas informações sobre rodoviária/transporte intermunicipal/regional; sem confirmação confiável específica de circulação urbana interna. Mantido dado original do MUNIC.
1100098,Espigão DOeste,RO,1 - Norte,32717,4 - 20001 até 50000,Não,Não,-,-,Não,Não possui transporte coletivo por ônibus,Sem fonte encontrada,,2026-08-07,Apenas rodoviária intermunicipal; sem fonte específica sobre ônibus urbano. Mantido dado original do MUNIC.
1100106,Guajará-Mirim,RO,1 - Norte,43553,4 - 20001 até 50000,Não,Não,-,-,Não,Não possui transporte coletivo por ônibus,Sem fonte encontrada,,2026-08-07,Busca retornou apenas informações sobre rodoviária/transporte intermunicipal; sem fonte confiável específica sobre transporte urbano por ônibus. Mantido dado original do MUNIC.
1100114,Jaru,RO,1 - Norte,55583,5 - 50001 até 100000,Sim,Não,-,-,Sim,Possui ônibus urbano (intramunicipal),Corrigido,https://www.telelistas.net/ro/jaru/onibus+urbanos,2026-08-07,"Diretório de empresas (TeleListas) lista especificamente 5 empresas de 'Ônibus Urbanos' em Jaru/RO, divergindo do 'Não' do MUNIC 2024."
1100122,Ji-Paraná,RO,1 - Norte,139359,6 - 100001 até 500000,Sim,Sim,Não,Sem adaptação,Sim,Possui ônibus urbano (intramunicipal),Pendente,,,
1100130,Machadinho DOeste,RO,1 - Norte,34063,4 - 20001 até 50000,Não,Não,-,-,Não,Não possui transporte coletivo por ônibus,Sem fonte encontrada,,2026-08-07,Apenas rodoviária intermunicipal; sem fonte específica sobre ônibus urbano. Mantido dado original do MUNIC.
1100148,Nova Brasilândia DOeste,RO,1 - Norte,16504,3 - 10001 até 20000,Não,Não,-,-,Não,Não possui transporte coletivo por ônibus,Sem fonte encontrada,,2026-08-08,Busca retornou apenas informações sobre rodoviária/transporte intermunicipal; sem confirmação confiável específica. Mantido dado original do MUNIC.
1100155,Ouro Preto do Oeste,RO,1 - Norte,38681,4 - 20001 até 50000,Não,Não,-,-,Não,Não possui transporte coletivo por ônibus,Sem fonte encontrada,,2026-08-07,Texto genérico/padronizado semelhante ao de outras cidades pesquisadas (baixa confiabilidade); sem confirmação oficial específica. Mantido dado original do MUNIC.
1100189,Pimenta Bueno,RO,1 - Norte,39053,4 - 20001 até 50000,Não,Não,-,-,Não,Não possui transporte coletivo por ônibus,Sem fonte encontrada,,2026-08-07,Texto genérico/padronizado de blog de turismo (mesmo padrão repetido em várias cidades) sem confirmação confiável específica. Mantido dado original do MUNIC.
1100205,Porto Velho,RO,1 - Norte,514873,7 - Maior que 500000,Sim,Sim,Sim,Totalmente adaptada,Sim,Possui ônibus urbano (intramunicipal),Confirmado,Sistema de transporte público municipal amplamente documentado (site da prefeitura/empresa de transporte municipal),2026-08-07,Capital estadual com sistema de ônibus urbano consolidado e publicamente conhecido; dado do MUNIC 2024 já indicava 'Sim' corretamente.
1100254,Presidente Médici,RO,1 - Norte,20518,4 - 20001 até 50000,Não,Não,-,-,Não,Não possui transporte coletivo por ônibus,Sem fonte encontrada,,2026-08-07,Apenas rodoviária intermunicipal; sem fonte específica sobre ônibus urbano. Mantido dado original do MUNIC.
1100262,Rio Crespo,RO,1 - Norte,3753,1 - Até 5000,Não,Não,-,-,Não,Não possui transporte coletivo por ônibus,Pendente,,,
1100288,Rolim de Moura,RO,1 - Norte,62559,5 - 50001 até 100000,Não,Não,-,-,Não,Não possui transporte coletivo por ônibus,Sem fonte encontrada,,2026-08-07,"Apenas menção genérica a 'transporte público municipal opera em linhas regulares', sem fonte oficial ou específica confirmando. Mantido dado original do MUNIC."
1100296,Santa Luzia DOeste,RO,1 - Norte,7877,2 - 5001 até 10000,Não,Não,-,-,Não,Não possui transporte coletivo por ônibus,Sem fonte encontrada,Buscas retornaram apenas rodoviária intermunicipal (Santa Luzia D'Oeste-RO),2026-08-10,Nenhuma evidência específica de ônibus urbano intramunicipal encontrada
1100304,Vilhena,RO,1 - Norte,108528,6 - 100001 até 500000,Sim,Não,-,Parcialmente adaptada,Sim,Possui ônibus urbano (intramunicipal),Pendente,,,
1100320,São Miguel do Guaporé,RO,1 - Norte,22267,4 - 20001 até 50000,Não,Não,-,-,Não,Não possui transporte coletivo por ônibus,Sem fonte encontrada,,2026-08-07,Apenas rodoviária intermunicipal; sem fonte específica sobre ônibus urbano. Mantido dado original do MUNIC.
1100338,Nova Mamoré,RO,1 - Norte,28496,4 - 20001 até 50000,Não,Não,-,-,Não,Não possui transporte coletivo por ônibus,Sem fonte encontrada,,2026-08-07,Apenas rodoviária intermunicipal; sem fonte específica sobre ônibus urbano. Mantido dado original do MUNIC.
1100346,Alvorada DOeste,RO,1 - Norte,13837,3 - 10001 até 20000,Sim,Não,-,-,Sim,Possui ônibus urbano (intramunicipal),Corrigido,https://www.transportesalvorada.com.br/,2026-08-08,"Empresa 'Transportes Alvorada' (fundada em 1960) opera especificamente serviços de transporte de passageiros urbano, interurbano e rodoviário em Alvorada D'Oeste/RO. Diverge do 'Não' do MUNIC 2024."
1100379,Alto Alegre dos Parecis,RO,1 - Norte,12263,3 - 10001 até 20000,Sim,Não,-,-,Sim,Possui ônibus urbano (intramunicipal),Corrigido,https://onibusbrasil.com/empresa/prefeitura-municipal-de-alto-alegre-dos-parecis,2026-08-08,"Prefeitura Municipal de Alto Alegre dos Parecis está registrada como operadora de ônibus (Ônibus Brasil), indicando prestação direta de serviço de transporte coletivo municipal. Diverge do 'Não' do MUNIC 2024."
1100403,Alto Paraíso,RO,1 - Norte,17463,3 - 10001 até 20000,Não,Não,-,-,Não,Não possui transporte coletivo por ônibus,Sem fonte encontrada,,2026-08-08,Busca retornou apenas informações sobre rodoviária/transporte intermunicipal ou localidades homônimas; sem confirmação confiável específica. Mantido dado original do MUNIC.
1100452,Buritis,RO,1 - Norte,30729,4 - 20001 até 50000,Não,Sim,Não,-,Não,Só ônibus intermunicipal (sem circulação interna),Pendente,,,
1100502,Novo Horizonte do Oeste,RO,1 - Norte,8056,2 - 5001 até 10000,Não,Não,-,-,Não,Não possui transporte coletivo por ônibus,Sem fonte encontrada,"Texto indica cobertura limitada de ônibus urbano com táxi como alternativa principal, mas é texto genérico/templado (Novo Horizonte do Oeste-RO)",2026-08-08,"Texto padronizado, insuficiente como confirmação"
1100601,Cacaulândia,RO,1 - Norte,4345,1 - Até 5000,Não,Não,-,-,Não,Não possui transporte coletivo por ônibus,Pendente,,,
1100700,Campo Novo de Rondônia,RO,1 - Norte,9225,2 - 5001 até 10000,Não,Não,-,-,Não,Não possui transporte coletivo por ônibus,Sem fonte encontrada,Texto genérico/templado sobre 'linhas locais' sem fonte verificável (Campo Novo de Rondônia-RO),2026-08-08,"Texto padronizado característico de conteúdo genérico, não confiável como evidência"
1100809,Candeias do Jamari,RO,1 - Norte,24163,4 - 20001 até 50000,Não,Sim,Não,-,Não,Só ônibus intermunicipal (sem circulação interna),Pendente,,,
1100908,Castanheiras,RO,1 - Norte,3456,1 - Até 5000,Não,Não,-,-,Não,Não possui transporte coletivo por ônibus,Pendente,,,
1100924,Chupinguaia,RO,1 - Norte,10129,3 - 10001 até 20000,Não,Não,-,-,Não,Não possui transporte coletivo por ônibus,Sem fonte encontrada,,2026-08-08,Apenas rodoviária intermunicipal; sem fonte específica sobre ônibus urbano. Mantido dado original do MUNIC.
1100940,Cujubim,RO,1 - Norte,15883,3 - 10001 até 20000,Não,Não,-,-,Não,Não possui transporte coletivo por ônibus,Sem fonte encontrada,,2026-08-08,Apenas rodoviária intermunicipal; sem fonte específica sobre ônibus urbano. Mantido dado original do MUNIC.
1101005,Governador Jorge Teixeira,RO,1 - Norte,8420,2 - 5001 até 10000,Não,Não,-,-,Não,Não possui transporte coletivo por ônibus,Sem fonte encontrada,"Resultados sobre transporte coletivo referem-se a Porto Velho-RO (avenida homônima), não ao município Governador Jorge Teixeira",2026-08-08,"Confusão com avenida homônima em Porto Velho, sem evidência válida"
1101104,Itapuã do Oeste,RO,1 - Norte,9209,2 - 5001 até 10000,Não,Não,-,-,Não,Não possui transporte coletivo por ônibus,Sem fonte encontrada,Buscas retornaram apenas rodoviária intermunicipal (Itapuã do Oeste-RO),2026-08-08,Nenhuma evidência específica de ônibus urbano intramunicipal encontrada
1101203,Ministro Andreazza,RO,1 - Norte,6657,2 - 5001 até 10000,Não,Não,-,-,Não,Não possui transporte coletivo por ônibus,Sem fonte encontrada,Buscas retornaram apenas ônibus escolares estaduais e rodoviária intermunicipal (Ministro Andreazza-RO),2026-08-10,Nenhuma evidência específica de ônibus urbano intramunicipal encontrada
1101302,Mirante da Serra,RO,1 - Norte,9740,2 - 5001 até 10000,Não,Não,-,-,Não,Não possui transporte coletivo por ônibus,Sem fonte encontrada,Buscas retornaram apenas rodoviária intermunicipal (Mirante da Serra-RO),2026-08-08,Nenhuma evidência específica de ônibus urbano intramunicipal encontrada
1101401,Monte Negro,RO,1 - Norte,12241,3 - 10001 até 20000,Sim,Não,-,-,Sim,Possui ônibus urbano (intramunicipal),Corrigido,https://www.econodata.com.br/consulta-empresa/09088861000148-A-M-TRANSPORTES-LTDA,2026-08-08,Empresa 'Monte Negro Transportes' (A.M. Transportes LTDA) tem como atividade principal 'transporte rodoviário coletivo municipal de passageiros com itinerário fixo' em Monte Negro/RO. Diverge do 'Não' do MUNIC 2024.
1101435,Nova União,RO,1 - Norte,6577,2 - 5001 até 10000,Não,Não,-,-,Não,Não possui transporte coletivo por ônibus,Sem fonte encontrada,"Resultados confundidos com Nova União-MG e empresas homônimas, nada específico sobre transporte urbano em Nova União-RO",2026-08-10,"Confusão com município/empresas homônimas, sem evidência válida"
1101450,Parecis,RO,1 - Norte,4390,1 - Até 5000,Não,Não,-,-,Não,Não possui transporte coletivo por ônibus,Pendente,,,
1101468,Pimenteiras do Oeste,RO,1 - Norte,2311,1 - Até 5000,Não,Não,-,-,Não,Não possui transporte coletivo por ônibus,Pendente,,,
1101476,Primavera de Rondônia,RO,1 - Norte,3279,1 - Até 5000,Não,Não,-,-,Não,Não possui transporte coletivo por ônibus,Pendente,,,
1101484,São Felipe DOeste,RO,1 - Norte,5605,2 - 5001 até 10000,Não,Não,-,-,Não,Não possui transporte coletivo por ônibus,Sem fonte encontrada,Texto genérico/templado sobre locomoção particular/táxi (São Felipe d'Oeste-RO),2026-08-11,"Texto padronizado/genérico, sem menção confiável a ônibus urbano"
1101492,São Francisco do Guaporé,RO,1 - Norte,17511,3 - 10001 até 20000,Não,Não,-,-,Não,Não possui transporte coletivo por ônibus,Sem fonte encontrada,,2026-08-07,Apenas rodoviária intermunicipal; sem fonte específica sobre ônibus urbano. Mantido dado original do MUNIC.
1101500,Seringueiras,RO,1 - Norte,12954,3 - 10001 até 20000,Não,Não,-,-,Não,Não possui transporte coletivo por ônibus,Sem fonte encontrada,,2026-08-08,Busca retornou apenas informações sobre rodoviária/transporte intermunicipal; sem confirmação confiável específica. Mantido dado original do MUNIC.
1101559,Teixeirópolis,RO,1 - Norte,4536,1 - Até 5000,Não,Não,-,-,Não,Não possui transporte coletivo por ônibus,Sem fonte encontrada,"Notícia sobre compra de veículos é para uso técnico/administrativo, não linha de ônibus coletivo (Teixeirópolis-RO)",2026-08-13,"Evidência refere-se a veículos administrativos, não coletivo urbano"
1101609,Theobroma,RO,1 - Norte,8540,2 - 5001 até 10000,Não,Não,-,-,Não,Não possui transporte coletivo por ônibus,Sem fonte encontrada,Buscas retornaram apenas rodoviária intermunicipal (Theobroma-RO),2026-08-08,Nenhuma evidência específica de ônibus urbano intramunicipal encontrada
1101708,Urupá,RO,1 - Norte,11377,3 - 10001 até 20000,Não,Não,-,-,Não,Não possui transporte coletivo por ônibus,Sem fonte encontrada,,2026-08-08,Busca retornou apenas informações sobre rodoviária/transporte intermunicipal; sem confirmação confiável específica de ônibus urbano. Mantido dado original do MUNIC.
1101757,Vale do Anari,RO,1 - Norte,8265,2 - 5001 até 10000,Não,Não,-,-,Não,Não possui transporte coletivo por ônibus,Sem fonte encontrada,Buscas retornaram apenas rodoviária intermunicipal (Vale do Anari-RO),2026-08-08,Nenhuma evidência específica de ônibus urbano intramunicipal encontrada
1101807,Vale do Paraíso,RO,1 - Norte,6843,2 - 5001 até 10000,Não,Não,-,-,Não,Não possui transporte coletivo por ônibus,Sem fonte encontrada,Buscas retornaram apenas rodoviária intermunicipal e transporte de Porto Velho/Ji-Paraná (Vale do Paraíso-RO),2026-08-10,Nenhuma evidência específica de ônibus urbano intramunicipal encontrada
1200013,Acrelândia,AC,1 - Norte,14657,3 - 10001 até 20000,Não,Sim,Não,-,Não,Só ônibus intermunicipal (sem circulação interna),Pendente,,,
1200054,Assis Brasil,AC,1 - Norte,8573,2 - 5001 até 10000,Não,Sim,Não,-,Não,Só ônibus intermunicipal (sem circulação interna),Pendente,,,
1200104,Brasiléia,AC,1 - Norte,27841,4 - 20001 até 50000,Não,Sim,Não,-,Não,Só ônibus intermunicipal (sem circulação interna),Pendente,,,
1200138,Bujari,AC,1 - Norte,13766,3 - 10001 até 20000,Sim,Sim,Não,Totalmente adaptada,Sim,Possui ônibus urbano (intramunicipal),Pendente,,,
1200179,Capixaba,AC,1 - Norte,10922,3 - 10001 até 20000,Não,Sim,Sim,-,Sim,Possui ônibus local (via intermunicipal que circula internamente),Pendente,,,
1200203,Cruzeiro do Sul,AC,1 - Norte,98382,5 - 50001 até 100000,Sim,Sim,Não,Parcialmente adaptada,Sim,Possui ônibus urbano (intramunicipal),Pendente,,,
1200252,Epitaciolândia,AC,1 - Norte,19739,3 - 10001 até 20000,Não,Sim,Não,-,Não,Só ônibus intermunicipal (sem circulação interna),Pendente,,,
1200302,Feijó,AC,1 - Norte,37644,4 - 20001 até 50000,Não,Sim,Não,-,Não,Só ônibus intermunicipal (sem circulação interna),Pendente,,,
1200328,Jordão,AC,1 - Norte,9787,2 - 5001 até 10000,Não,Não,-,-,Não,Não possui transporte coletivo por ônibus,Sem fonte encontrada,Buscas retornaram apenas rodoviária/terminal intermunicipal (Jordão-AC),2026-08-08,Nenhuma evidência específica de ônibus urbano intramunicipal encontrada
1200336,Mâncio Lima,AC,1 - Norte,20329,4 - 20001 até 50000,Não,Sim,Sim,-,Sim,Possui ônibus local (via intermunicipal que circula internamente),Pendente,,,
1200344,Manoel Urbano,AC,1 - Norte,12776,3 - 10001 até 20000,Não,Sim,Não,-,Não,Só ônibus intermunicipal (sem circulação interna),Pendente,,,
1200351,Marechal Thaumaturgo,AC,1 - Norte,17951,3 - 10001 até 20000,Não,Não,-,-,Não,Não possui transporte coletivo por ônibus,Confirmado,Busca web sobre mobilidade em Marechal Thaumaturgo/AC,2026-08-07,Confirmado: infraestrutura de transporte público limitada; locomoção é por embarcações no Rio Juruá e a pé; sem sistema de ônibus urbano.
1200385,Plácido de Castro,AC,1 - Norte,17127,3 - 10001 até 20000,Não,Sim,Não,-,Não,Só ônibus intermunicipal (sem circulação interna),Pendente,,,
1200393,Porto Walter,AC,1 - Norte,11275,3 - 10001 até 20000,Não,Não,-,-,Não,Não possui transporte coletivo por ônibus,Sem fonte encontrada,,2026-08-08,Busca retornou apenas informações sobre rodoviária/transporte intermunicipal; sem confirmação confiável específica de ônibus urbano. Mantido dado original do MUNIC.
1200401,Rio Branco,AC,1 - Norte,387852,6 - 100001 até 500000,Sim,Sim,Não,Totalmente adaptada,Sim,Possui ônibus urbano (intramunicipal),Confirmado,Sistema de transporte público municipal amplamente documentado (site da prefeitura/empresa de transporte municipal),2026-08-07,Capital estadual com sistema de ônibus urbano consolidado e publicamente conhecido; dado do MUNIC 2024 já indicava 'Sim' corretamente.
1200427,Rodrigues Alves,AC,1 - Norte,15537,3 - 10001 até 20000,Não,Sim,Não,-,Não,Só ônibus intermunicipal (sem circulação interna),Pendente,,,
1200435,Santa Rosa do Purus,AC,1 - Norte,7143,2 - 5001 até 10000,Não,Não,-,-,Não,Não possui transporte coletivo por ônibus,Sem fonte encontrada,Buscas retornaram apenas transporte intermunicipal/aéreo até Rio Branco (Santa Rosa do Purus-AC),2026-08-10,Nenhuma evidência específica de ônibus urbano intramunicipal encontrada
1200450,Senador Guiomard,AC,1 - Norte,22352,4 - 20001 até 50000,Não,Sim,Sim,-,Sim,Possui ônibus local (via intermunicipal que circula internamente),Pendente,,,
1200500,Sena Madureira,AC,1 - Norte,43916,4 - 20001 até 50000,Não,Sim,Não,-,Não,Só ônibus intermunicipal (sem circulação interna),Pendente,,,
1200609,Tarauacá,AC,1 - Norte,46517,4 - 20001 até 50000,Não,Sim,Não,-,Não,Só ônibus intermunicipal (sem circulação interna),Pendente,,,
1200708,Xapuri,AC,1 - Norte,19090,3 - 10001 até 20000,Recusa,Recusa,Recusa,Recusa,Sem info,Sem informação (recusa/não informou),Pendente,,,
1200807,Porto Acre,AC,1 - Norte,17455,3 - 10001 até 20000,Não,Sim,Não,-,Não,Só ônibus intermunicipal (sem circulação interna),Pendente,,,
1300029,Alvarães,AM,1 - Norte,16670,3 - 10001 até 20000,Não,Não,-,-,Não,Não possui transporte coletivo por ônibus,Confirmado,Busca web sobre mobilidade em Alvarães/AM,2026-08-08,"Confirmado: cidade ribeirinha sem rodoviária central de ônibus tradicionais; acesso predominantemente fluvial, locomoção interna a pé/mototáxi."
1300060,Amaturá,AM,1 - Norte,11411,3 - 10001 até 20000,Não,Não,-,-,Não,Não possui transporte coletivo por ônibus,Sem fonte encontrada,,2026-08-08,Busca retornou apenas informações sobre rodoviária/transporte intermunicipal; sem confirmação confiável específica de ônibus urbano. Mantido dado original do MUNIC.
1300086,Anamã,AM,1 - Norte,10318,3 - 10001 até 20000,Não,Não,-,-,Não,Não possui transporte coletivo por ônibus,Sem fonte encontrada,"Buscas retornaram apenas dados de Manaus-AM, não de Anamã",2026-08-08,Nenhuma evidência específica sobre Anamã encontrada
1300102,Anori,AM,1 - Norte,17932,3 - 10001 até 20000,Não,Não,-,-,Não,Não possui transporte coletivo por ônibus,Sem fonte encontrada,,2026-08-07,Busca retornou apenas informações sobre Manaus; sem fonte específica sobre Anori/AM. Mantido dado original do MUNIC.
1300144,Apuí,AM,1 - Norte,21735,4 - 20001 até 50000,Não,Sim,Não,-,Não,Só ônibus intermunicipal (sem circulação interna),Pendente,,,
1300201,Atalaia do Norte,AM,1 - Norte,15892,3 - 10001 até 20000,Não,Não,-,-,Não,Não possui transporte coletivo por ônibus,Sem fonte encontrada,,2026-08-08,Locomoção é a pé/fluvial devido ao porte compacto da cidade; sem confirmação específica de ônibus urbano. Mantido dado original do MUNIC.
1300300,Autazes,AM,1 - Norte,45328,4 - 20001 até 50000,Sim,Sim,Sim,Sem adaptação,Sim,Possui ônibus urbano (intramunicipal),Pendente,,,
1300409,Barcelos,AM,1 - Norte,18626,3 - 10001 até 20000,Não,Não,-,-,Não,Não possui transporte coletivo por ônibus,Sem fonte encontrada,,2026-08-07,Resultados confundidos com Barcelos/Portugal e Avenida Barcelos em Manaus; sem fonte específica sobre o município de Barcelos/AM. Mantido dado original do MUNIC.
1300508,Barreirinha,AM,1 - Norte,33436,4 - 20001 até 50000,Não,Não,-,-,Não,Não possui transporte coletivo por ônibus,Sem fonte encontrada,,2026-08-07,Resultados confundidos com bairros homônimos em Curitiba/Manaus; sem fonte específica sobre o município de Barreirinha/AM. Mantido dado original do MUNIC.
1300607,Benjamin Constant,AM,1 - Norte,40509,4 - 20001 até 50000,Não,Não,-,-,Não,Não possui transporte coletivo por ônibus,Sem fonte encontrada,,2026-08-07,"Cidade ribeirinha isolada, acesso só fluvial; menção a associação de táxi/transporte coletivo (ASTAC-BC) mas sem confirmação específica de ônibus urbano. Mantido dado original do MUNIC."
1300631,Beruri,AM,1 - Norte,22136,4 - 20001 até 50000,Não,Não,-,-,Não,Não possui transporte coletivo por ônibus,Confirmado,Busca web sobre mobilidade em Beruri/AM,2026-08-07,Confirmado: sem sistema de transporte público urbano formal; pequenas embarcações ('rabetas') e canoas são o principal meio de locomoção; acesso à cidade é fluvial pelo Rio Purus.
1300680,Boa Vista do Ramos,AM,1 - Norte,25769,4 - 20001 até 50000,Sim,Não,-,Sem adaptação,Sim,Possui ônibus urbano (intramunicipal),Pendente,,,
1300706,Boca do Acre,AM,1 - Norte,38246,4 - 20001 até 50000,Não,Sim,Não,-,Não,Só ônibus intermunicipal (sem circulação interna),Pendente,,,
1300805,Borba,AM,1 - Norte,34879,4 - 20001 até 50000,Não,Não,-,-,Não,Não possui transporte coletivo por ônibus,Sem fonte encontrada,,2026-08-07,Cidade ribeirinha isolada no Rio Madeira; menção a transporte fluvial mas sem confirmação específica sobre ônibus urbano. Mantido dado original do MUNIC.
1300839,Caapiranga,AM,1 - Norte,14310,3 - 10001 até 20000,Não informou,Não informou,Não informou,Não informou,Sem info,Sem informação (recusa/não informou),Pendente,,,
1300904,Canutama,AM,1 - Norte,17885,3 - 10001 até 20000,Não,Não,-,-,Não,Não possui transporte coletivo por ônibus,Confirmado,Busca web sobre mobilidade em Canutama/AM,2026-08-07,Confirmado explicitamente: não há transporte urbano de ônibus coletivo dentro de Canutama; acesso é fluvial a partir de Manaus.
1301001,Carauari,AM,1 - Norte,30892,4 - 20001 até 50000,Não,Não,-,-,Não,Não possui transporte coletivo por ônibus,Sem fonte encontrada,,2026-08-07,Busca retornou apenas informações sobre rodoviária/transporte intermunicipal ou localidades homônimas; sem confirmação confiável específica. Mantido dado original do MUNIC.
1301100,Careiro,AM,1 - Norte,32442,4 - 20001 até 50000,Sim,Sim,Não,Sem adaptação,Sim,Possui ônibus urbano (intramunicipal),Pendente,,,
1301159,Careiro da Várzea,AM,1 - Norte,19809,3 - 10001 até 20000,Não,Não,-,-,Não,Não possui transporte coletivo por ônibus,Sem fonte encontrada,,2026-08-07,Apenas transporte intermunicipal com Manaus; sem fonte específica sobre ônibus urbano interno. Mantido dado original do MUNIC.
1301209,Coari,AM,1 - Norte,73820,5 - 50001 até 100000,Não,Não,-,-,Não,Não possui transporte coletivo por ônibus,Sem fonte encontrada,,2026-08-07,Fontes encontradas tratam apenas de transporte rodoviário intermunicipal (rodoviária); sem confirmação sobre sistema urbano próprio. Mantido dado original do MUNIC.
1301308,Codajás,AM,1 - Norte,24451,4 - 20001 até 50000,Não,Não,-,-,Não,Não possui transporte coletivo por ônibus,Confirmado,Busca web sobre mobilidade em Codajás/AM,2026-08-07,"Confirmado: acesso e locomoção predominantemente fluvial (barcos/lanchas conectam comunidades ribeirinhas, ilhas e centro urbano); sem sistema de ônibus urbano terrestre."
1301407,Eirunepé,AM,1 - Norte,35534,4 - 20001 até 50000,Não,Não,-,-,Não,Não possui transporte coletivo por ônibus,Sem fonte encontrada,,2026-08-07,Apenas rodoviária intermunicipal; sem fonte específica sobre ônibus urbano. Mantido dado original do MUNIC.
1301506,Envira,AM,1 - Norte,17920,3 - 10001 até 20000,Não,Não,-,-,Não,Não possui transporte coletivo por ônibus,Sem fonte encontrada,,2026-08-07,Busca retornou apenas resultados sobre Manaus; sem fonte específica sobre Envira/AM. Mantido dado original do MUNIC.
1301605,Fonte Boa,AM,1 - Norte,27875,4 - 20001 até 50000,Não,Não,-,-,Não,Não possui transporte coletivo por ônibus,Sem fonte encontrada,,2026-08-07,Busca retornou apenas informações sobre rodoviária/transporte intermunicipal ou localidades homônimas; sem confirmação confiável específica. Mantido dado original do MUNIC.
1301654,Guajará,AM,1 - Norte,14332,3 - 10001 até 20000,Não,Não,-,-,Não,Não possui transporte coletivo por ônibus,Sem fonte encontrada,,2026-08-08,Busca retornou apenas informações sobre rodoviária/transporte intermunicipal; sem confirmação confiável específica. Mantido dado original do MUNIC.
1301704,Humaitá,AM,1 - Norte,62312,5 - 50001 até 100000,Não,Sim,Não,-,Não,Só ônibus intermunicipal (sem circulação interna),Pendente,,,
1301803,Ipixuna,AM,1 - Norte,25458,4 - 20001 até 50000,Não,Não,-,-,Não,Não possui transporte coletivo por ônibus,Sem fonte encontrada,,2026-08-07,Resultados confundidos com bairro homônimo em Manaus e com Ipixuna do Pará; sem fonte específica sobre Ipixuna/AM. Mantido dado original do MUNIC.
1301852,Iranduba,AM,1 - Norte,67114,5 - 50001 até 100000,Sim,Não,-,Parcialmente adaptada,Sim,Possui ônibus urbano (intramunicipal),Pendente,,,
1301902,Itacoatiara,AM,1 - Norte,112520,6 - 100001 até 500000,Sim,Sim,Não,Parcialmente adaptada,Sim,Possui ônibus urbano (intramunicipal),Pendente,,,
1301951,Itamarati,AM,1 - Norte,11730,3 - 10001 até 20000,Não,Não,-,-,Não,Não possui transporte coletivo por ônibus,Sem fonte encontrada,,2026-08-08,Busca retornou apenas informações sobre rodoviária/transporte intermunicipal ou empresa homônima que atua em outra região; sem confirmação confiável específica. Mantido dado original do MUNIC.
1302009,Itapiranga,AM,1 - Norte,10805,3 - 10001 até 20000,Não,Sim,Não,-,Não,Só ônibus intermunicipal (sem circulação interna),Pendente,,,
1302108,Japurá,AM,1 - Norte,9397,2 - 5001 até 10000,Não,Não,-,-,Não,Não possui transporte coletivo por ônibus,Sem fonte encontrada,"Buscas retornaram apenas dados de avenida em Manaus-AM, não do município Japurá",2026-08-08,Nenhuma evidência específica sobre o município Japurá encontrada
1302207,Juruá,AM,1 - Norte,11152,3 - 10001 até 20000,Não,Não,-,-,Não,Não possui transporte coletivo por ônibus,Sem fonte encontrada,,2026-08-08,Resultados confundidos com bairros homônimos em Manaus; sem fonte específica sobre Juruá/AM. Mantido dado original do MUNIC.
1302306,Jutaí,AM,1 - Norte,27656,4 - 20001 até 50000,Não,Não,-,-,Não,Não possui transporte coletivo por ônibus,Sem fonte encontrada,,2026-08-07,Busca retornou apenas informações sobre rodoviária/transporte intermunicipal; sem confirmação confiável específica. Mantido dado original do MUNIC.
1302405,Lábrea,AM,1 - Norte,48927,4 - 20001 até 50000,Não,Sim,Não,-,Não,Só ônibus intermunicipal (sem circulação interna),Pendente,,,
1302504,Manacapuru,AM,1 - Norte,110691,6 - 100001 até 500000,Sim,Sim,Não,Sem adaptação,Sim,Possui ônibus urbano (intramunicipal),Pendente,,,
1302553,Manaquiri,AM,1 - Norte,17009,3 - 10001 até 20000,Não,Sim,Sim,-,Sim,Possui ônibus local (via intermunicipal que circula internamente),Pendente,,,
1302603,Manaus,AM,1 - Norte,2279686,7 - Maior que 500000,Sim,Sim,Não,Totalmente adaptada,Sim,Possui ônibus urbano (intramunicipal),Confirmado,Sistema de transporte público municipal amplamente documentado (site da prefeitura/empresa de transporte municipal),2026-08-07,Capital estadual com sistema de ônibus urbano consolidado e publicamente conhecido; dado do MUNIC 2024 já indicava 'Sim' corretamente.
1302702,Manicoré,AM,1 - Norte,57758,5 - 50001 até 100000,Não,Sim,Não,-,Não,Só ônibus intermunicipal (sem circulação interna),Pendente,,,
1302801,Maraã,AM,1 - Norte,15843,3 - 10001 até 20000,Não,Não,-,-,Não,Não possui transporte coletivo por ônibus,Sem fonte encontrada,,2026-08-08,Menção genérica a empresas de ônibus do Amazonas; sem confirmação específica sobre Maraã. Mantido dado original do MUNIC.
1302900,Maués,AM,1 - Norte,65714,5 - 50001 até 100000,Não,Não,-,-,Não,Não possui transporte coletivo por ônibus,Confirmado,Busca web sobre mobilidade urbana em Maués/AM,2026-08-07,"Confirmado: Maués não possui sistema de ônibus urbano; locomoção interna é por mototáxi e a pé, com transporte fluvial para acesso externo."
1303007,Nhamundá,AM,1 - Norte,21106,4 - 20001 até 50000,Não,Não,-,-,Não,Não possui transporte coletivo por ônibus,Confirmado,Busca web sobre mobilidade em Nhamundá/AM,2026-08-07,"Confirmado: sem rodoviária/sistema de ônibus próprio; acesso e locomoção são fluviais, com mototáxi para deslocamentos curtos internos."
1303106,Nova Olinda do Norte,AM,1 - Norte,28267,4 - 20001 até 50000,Não,Não,-,-,Não,Não possui transporte coletivo por ônibus,Sem fonte encontrada,,2026-08-07,Busca retornou apenas informações sobre rodoviária/transporte intermunicipal; sem confirmação confiável específica. Mantido dado original do MUNIC.
1303205,Novo Airão,AM,1 - Norte,16467,3 - 10001 até 20000,Sim,Sim,Não,Sem adaptação,Sim,Possui ônibus urbano (intramunicipal),Pendente,,,
1303304,Novo Aripuanã,AM,1 - Norte,24987,4 - 20001 até 50000,Não,Sim,Sim,-,Sim,Possui ônibus local (via intermunicipal que circula internamente),Pendente,,,
1303403,Parintins,AM,1 - Norte,101956,6 - 100001 até 500000,Não,Não,-,-,Não,Não possui transporte coletivo por ônibus,Confirmado,Busca web sobre mobilidade urbana em Parintins/AM,2026-08-07,Confirmado: Parintins não possui sistema de ônibus urbano; locomoção é por taxi/mototáxi. Rodoviária existente atende apenas linhas intermunicipais.
1303502,Pauini,AM,1 - Norte,20232,4 - 20001 até 50000,Não,Não,-,-,Não,Não possui transporte coletivo por ônibus,Sem fonte encontrada,,2026-08-07,Apenas empresa de fretamento intermunicipal/interestadual; sem fonte específica sobre ônibus urbano interno. Mantido dado original do MUNIC.
1303536,Presidente Figueiredo,AM,1 - Norte,33004,4 - 20001 até 50000,Sim,Sim,Não,Sem adaptação,Sim,Possui ônibus urbano (intramunicipal),Pendente,,,
1303569,Rio Preto da Eva,AM,1 - Norte,25723,4 - 20001 até 50000,Sim,Sim,Não,Parcialmente adaptada,Sim,Possui ônibus urbano (intramunicipal),Pendente,,,
1303601,Santa Isabel do Rio Negro,AM,1 - Norte,14176,3 - 10001 até 20000,Não,Não,-,-,Não,Não possui transporte coletivo por ônibus,Sem fonte encontrada,,2026-08-08,Busca retornou apenas informações sobre rodoviária/transporte intermunicipal ou texto genérico de baixa confiabilidade; sem confirmação confiável específica. Mantido dado original do MUNIC.
1303700,Santo Antônio do Içá,AM,1 - Norte,30448,4 - 20001 até 50000,Não,Não,-,-,Não,Não possui transporte coletivo por ônibus,Sem fonte encontrada,,2026-08-07,Apenas rodoviária intermunicipal; sem fonte específica sobre ônibus urbano. Mantido dado original do MUNIC.
1303809,São Gabriel da Cachoeira,AM,1 - Norte,56406,5 - 50001 até 100000,Sim,Não,-,Parcialmente adaptada,Sim,Possui ônibus urbano (intramunicipal),Pendente,,,
1303908,São Paulo de Olivença,AM,1 - Norte,35196,4 - 20001 até 50000,Sim,Não,-,Sem adaptação,Sim,Possui ônibus urbano (intramunicipal),Pendente,,,
1303957,São Sebastião do Uatumã,AM,1 - Norte,12247,3 - 10001 até 20000,Não,Não,-,-,Não,Não possui transporte coletivo por ônibus,Sem fonte encontrada,,2026-08-08,Apenas transporte interurbano com Manaus; sem fonte específica sobre ônibus urbano interno. Mantido dado original do MUNIC.
1304005,Silves,AM,1 - Norte,12404,3 - 10001 até 20000,Não,Sim,Não,-,Não,Só ônibus intermunicipal (sem circulação interna),Pendente,,,
1304062,Tabatinga,AM,1 - Norte,72283,5 - 50001 até 100000,Não,Não,-,-,Não,Não possui transporte coletivo por ônibus,Sem fonte encontrada,,2026-08-07,Resultados de busca confundidos com bairro homônimo em Manaus; sem fonte confiável específica sobre a cidade de Tabatinga/AM. Mantido dado original do MUNIC.
1304104,Tapauá,AM,1 - Norte,20501,4 - 20001 até 50000,Não,Não,-,-,Não,Não possui transporte coletivo por ônibus,Sem fonte encontrada,,2026-08-07,Busca retornou apenas informações sobre rodoviária/transporte intermunicipal ou localidades homônimas; sem confirmação confiável específica. Mantido dado original do MUNIC.
1304203,Tefé,AM,1 - Norte,79278,5 - 50001 até 100000,Não,Não,-,-,Não,Não possui transporte coletivo por ônibus,Sem fonte encontrada,,2026-08-07,Nenhuma fonte específica e confiável encontrada sobre transporte urbano por ônibus; predomínio de transporte fluvial e mototáxi mencionado em fontes genéricas. Mantido dado original do MUNIC.
1304237,Tonantins,AM,1 - Norte,20224,4 - 20001 até 50000,Não,Não,-,-,Não,Não possui transporte coletivo por ônibus,Sem fonte encontrada,,2026-08-07,"Cidade ribeirinha isolada; predomínio de transporte fluvial e mototáxi, mas sem confirmação definitiva. Mantido dado original do MUNIC."
1304260,Uarini,AM,1 - Norte,15278,3 - 10001 até 20000,Não,Não,-,-,Não,Não possui transporte coletivo por ônibus,Sem fonte encontrada,,2026-08-08,Apenas rodoviária intermunicipal; sem fonte específica sobre ônibus urbano. Mantido dado original do MUNIC.
1304302,Urucará,AM,1 - Norte,19505,3 - 10001 até 20000,Não,Não,-,-,Não,Não possui transporte coletivo por ônibus,Confirmado,Busca web sobre mobilidade em Urucará/AM,2026-08-07,Confirmado: transporte predominantemente fluvial (barcos/canoas); não há sistema de ônibus urbano coletivo típico.
1304401,Urucurituba,AM,1 - Norte,25592,4 - 20001 até 50000,Não,Não,-,-,Não,Não possui transporte coletivo por ônibus,Sem fonte encontrada,,2026-08-07,Nenhuma fonte específica encontrada sobre transporte urbano em Urucurituba. Mantido dado original do MUNIC.
1400027,Amajari,RR,1 - Norte,15583,3 - 10001 até 20000,Não,Sim,Não,-,Não,Só ônibus intermunicipal (sem circulação interna),Pendente,,,
1400050,Alto Alegre,RR,1 - Norte,23049,4 - 20001 até 50000,Não,Sim,Não,-,Não,Só ônibus intermunicipal (sem circulação interna),Pendente,,,
1400100,Boa Vista,RR,1 - Norte,470169,6 - 100001 até 500000,Sim,Não,-,-,Sim,Possui ônibus urbano (intramunicipal),Corrigido,https://cidadeboavista.com.br/ | https://boavista.rr.gov.br/canal-do-cidadao/frota-e-horario-dos-onibus | https://diariodotransporte.com.br/2025/10/18/boa-vista-rr-renova-frota-com-18-onibus-climatizados-e-acessiveis/,2026-08-07,"MUNIC 2024 registrou 'Não' incorretamente (erro de preenchimento da prefeitura). Boa Vista opera sistema municipal com 78 ônibus, 17 linhas, ~24-40 mil passageiros/dia."
1400159,Bonfim,RR,1 - Norte,15222,3 - 10001 até 20000,Sim,Sim,Sim,Parcialmente adaptada,Sim,Possui ônibus urbano (intramunicipal),Pendente,,,
1400175,Cantá,RR,1 - Norte,20552,4 - 20001 até 50000,Sim,Sim,Sim,Parcialmente adaptada,Sim,Possui ônibus urbano (intramunicipal),Pendente,,,
1400209,Caracaraí,RR,1 - Norte,22443,4 - 20001 até 50000,Não,Sim,Não,-,Não,Só ônibus intermunicipal (sem circulação interna),Pendente,,,
1400233,Caroebe,RR,1 - Norte,11708,3 - 10001 até 20000,Não,Sim,Não,-,Não,Só ônibus intermunicipal (sem circulação interna),Pendente,,,
1400282,Iracema,RR,1 - Norte,10778,3 - 10001 até 20000,Não,Sim,Não,-,Não,Só ônibus intermunicipal (sem circulação interna),Pendente,,,
1400308,Mucajaí,RR,1 - Norte,19619,3 - 10001 até 20000,Sim,Sim,Não,Totalmente adaptada,Sim,Possui ônibus urbano (intramunicipal),Pendente,,,
1400407,Normandia,RR,1 - Norte,15744,3 - 10001 até 20000,Sim,Sim,Não,Sem adaptação,Sim,Possui ônibus urbano (intramunicipal),Pendente,,,
1400456,Pacaraima,RR,1 - Norte,22104,4 - 20001 até 50000,Não,Sim,Não,-,Não,Só ônibus intermunicipal (sem circulação interna),Pendente,,,
1400472,Rorainópolis,RR,1 - Norte,36747,4 - 20001 até 50000,Não,Não,-,-,Não,Não possui transporte coletivo por ônibus,Sem fonte encontrada,,2026-08-07,Predomínio de táxi/mototáxi mencionado; sem confirmação específica sobre ônibus urbano municipal. Mantido dado original do MUNIC.
1400506,São João da Baliza,RR,1 - Norte,9727,2 - 5001 até 10000,Sim,Sim,Sim,Parcialmente adaptada,Sim,Possui ônibus urbano (intramunicipal),Pendente,,,
1400605,São Luiz,RR,1 - Norte,7777,2 - 5001 até 10000,Não,Sim,Sim,-,Sim,Possui ônibus local (via intermunicipal que circula internamente),Pendente,,,
1400704,Uiramutã,RR,1 - Norte,15571,3 - 10001 até 20000,Não,Não,-,-,Não,Não possui transporte coletivo por ônibus,Sem fonte encontrada,,2026-08-08,Busca retornou apenas informações sobre rodoviária/transporte intermunicipal ou localidades homônimas; sem confirmação confiável específica. Mantido dado original do MUNIC.
1500107,Abaetetuba,PA,1 - Norte,170999,6 - 100001 até 500000,Sim,Sim,Sim,Parcialmente adaptada,Sim,Possui ônibus urbano (intramunicipal),Pendente,,,
1500131,Abel Figueiredo,PA,1 - Norte,6302,2 - 5001 até 10000,Não,Não,-,-,Não,Não possui transporte coletivo por ônibus,Sem fonte encontrada,Secretaria de Obras/Transportes/Urbanismo existe mas sem evidência de linha urbana coletiva (Abel Figueiredo-PA),2026-08-10,Evidência insuficiente para confirmar ônibus urbano coletivo
1500206,Acará,PA,1 - Norte,62701,5 - 50001 até 100000,Sim,Sim,Sim,Parcialmente adaptada,Sim,Possui ônibus urbano (intramunicipal),Pendente,,,
1500305,Afuá,PA,1 - Norte,40246,4 - 20001 até 50000,Não,Não,-,-,Não,Não possui transporte coletivo por ônibus,Confirmado,https://en.clickpetroleoegas.com.br/nessa-cidade-brasileira-e-proibido-carro-e-ate-ambulancia-e-de-bicicleta-afch/,2026-08-07,"Confirmado: Afuá é cidade sem ruas para carros (construída sobre palafitas/pontes), proibição de veículos automotores; locomoção é só a pé, de bicicleta ou barco. Não há e não pode haver ônibus."
1500347,Água Azul do Norte,PA,1 - Norte,17960,3 - 10001 até 20000,Sim,Sim,Não,Sem adaptação,Sim,Possui ônibus urbano (intramunicipal),Pendente,,,
1500404,Alenquer,PA,1 - Norte,74836,5 - 50001 até 100000,Sim,Sim,Sim,Sem adaptação,Sim,Possui ônibus urbano (intramunicipal),Pendente,,,
1500503,Almeirim,PA,1 - Norte,36334,4 - 20001 até 50000,Não,Sim,Sim,-,Sim,Possui ônibus local (via intermunicipal que circula internamente),Pendente,,,
1500602,Altamira,PA,1 - Norte,136982,6 - 100001 até 500000,Sim,Sim,Sim,Sem adaptação,Sim,Possui ônibus urbano (intramunicipal),Pendente,,,
1500701,Anajás,PA,1 - Norte,30003,4 - 20001 até 50000,Não,Não,-,-,Não,Não possui transporte coletivo por ônibus,Confirmado,https://anajas.pa.gov.br/o-municipio/meios-de-transporte/,2026-08-07,"Confirmado pela própria prefeitura: não há sistema de ônibus urbano coletivo estruturado dentro da cidade; locomoção local é por mototáxi e a pé, com transporte fluvial para viagens externas."
1500800,Ananindeua,PA,1 - Norte,507838,7 - Maior que 500000,Sim,Sim,Sim,Parcialmente adaptada,Sim,Possui ônibus urbano (intramunicipal),Confirmado,Cidade de grande porte com sistema de transporte público municipal/metropolitano amplamente documentado (prefeitura/consórcio de transporte),2026-08-07,Município de grande população (>280 mil hab.) com sistema de ônibus consolidado e publicamente conhecido; dado do MUNIC 2024 já indicava 'Sim' corretamente.
1500859,Anapu,PA,1 - Norte,34947,4 - 20001 até 50000,Não,Sim,Não,-,Não,Só ônibus intermunicipal (sem circulação interna),Pendente,,,
1500909,Augusto Corrêa,PA,1 - Norte,47596,4 - 20001 até 50000,Sim,Sim,Não,Sem adaptação,Sim,Possui ônibus urbano (intramunicipal),Pendente,,,
1500958,Aurora do Pará,PA,1 - Norte,24321,4 - 20001 até 50000,Não,Sim,Não,-,Não,Só ônibus intermunicipal (sem circulação interna),Pendente,,,
1501006,Aveiro,PA,1 - Norte,19223,3 - 10001 até 20000,Não,Sim,Não,-,Não,Só ônibus intermunicipal (sem circulação interna),Pendente,,,
1501105,Bagre,PA,1 - Norte,34633,4 - 20001 até 50000,Não,Não,-,-,Não,Não possui transporte coletivo por ônibus,Sem fonte encontrada,,2026-08-07,Resultados confundidos com Bagé/RS e distrito de Bagre/MG; sem fonte específica sobre o município de Bagre/PA. Mantido dado original do MUNIC.
1501204,Baião,PA,1 - Norte,55949,5 - 50001 até 100000,Sim,Sim,Sim,Parcialmente adaptada,Sim,Possui ônibus urbano (intramunicipal),Pendente,,,
1501253,Bannach,PA,1 - Norte,4252,1 - Até 5000,Não,Sim,Não,-,Não,Só ônibus intermunicipal (sem circulação interna),Pendente,,,
1501303,Barcarena,PA,1 - Norte,137331,6 - 100001 até 500000,Sim,Sim,Não,Parcialmente adaptada,Sim,Possui ônibus urbano (intramunicipal),Pendente,,,
1501402,Belém,PA,1 - Norte,1398531,7 - Maior que 500000,Sim,Sim,Não,Parcialmente adaptada,Sim,Possui ônibus urbano (intramunicipal),Confirmado,Sistema de transporte público municipal amplamente documentado (site da prefeitura/empresa de transporte municipal),2026-08-07,Capital estadual com sistema de ônibus urbano consolidado e publicamente conhecido; dado do MUNIC 2024 já indicava 'Sim' corretamente.
1501451,Belterra,PA,1 - Norte,18954,3 - 10001 até 20000,Sim,Sim,Sim,Sem adaptação,Sim,Possui ônibus urbano (intramunicipal),Pendente,,,
1501501,Benevides,PA,1 - Norte,68191,5 - 50001 até 100000,Sim,Sim,Sim,Parcialmente adaptada,Sim,Possui ônibus urbano (intramunicipal),Pendente,,,
1501576,Bom Jesus do Tocantins,PA,1 - Norte,18958,3 - 10001 até 20000,Não,Sim,Não,-,Não,Só ônibus intermunicipal (sem circulação interna),Pendente,,,
1501600,Bonito,PA,1 - Norte,12998,3 - 10001 até 20000,Não,Sim,Não,-,Não,Só ônibus intermunicipal (sem circulação interna),Pendente,,,
1501709,Bragança,PA,1 - Norte,131679,6 - 100001 até 500000,Sim,Sim,Sim,Parcialmente adaptada,Sim,Possui ônibus urbano (intramunicipal),Pendente,,,
1501725,Brasil Novo,PA,1 - Norte,26606,4 - 20001 até 50000,Não,Não,-,-,Não,Não possui transporte coletivo por ônibus,Sem fonte encontrada,,2026-08-07,Busca retornou apenas informações sobre rodoviária/transporte intermunicipal ou textos genéricos; sem confirmação confiável específica. Mantido dado original do MUNIC.
1501758,Brejo Grande do Araguaia,PA,1 - Norte,6985,2 - 5001 até 10000,Não,Não,-,-,Não,Não possui transporte coletivo por ônibus,Sem fonte encontrada,Texto genérico/templado sobre táxi/mototáxi/bicicleta como meio principal (Brejo Grande do Araguaia-PA),2026-08-10,"Texto padronizado/genérico, sem menção confiável a ônibus urbano"
1501782,Breu Branco,PA,1 - Norte,47351,4 - 20001 até 50000,Não,Sim,Sim,-,Sim,Possui ônibus local (via intermunicipal que circula internamente),Pendente,,,
1501808,Breves,PA,1 - Norte,115051,6 - 100001 até 500000,Não,Não,-,-,Não,Não possui transporte coletivo por ônibus,Sem fonte encontrada,,2026-08-07,Resultados de busca confundidos com ônibus urbanos de Belém/PA (linhas que passam perto de bairro homônimo); sem fonte confiável específica sobre Breves. Mantido dado original do MUNIC.
1501907,Bujaru,PA,1 - Norte,25112,4 - 20001 até 50000,Não informou,Não informou,Não informou,Não informou,Sem info,Sem informação (recusa/não informou),Pendente,,,
1501956,Cachoeira do Piriá,PA,1 - Norte,19578,3 - 10001 até 20000,Sim,Sim,Não,Sem adaptação,Sim,Possui ônibus urbano (intramunicipal),Pendente,,,
1502004,Cachoeira do Arari,PA,1 - Norte,25243,4 - 20001 até 50000,Sim,Sim,Sim,Sem adaptação,Sim,Possui ônibus urbano (intramunicipal),Pendente,,,
1502103,Cametá,PA,1 - Norte,143837,6 - 100001 até 500000,Não,Sim,Não,-,Não,Só ônibus intermunicipal (sem circulação interna),Pendente,,,
1502152,Canaã dos Carajás,PA,1 - Norte,86629,5 - 50001 até 100000,Não,Sim,Não,-,Não,Só ônibus intermunicipal (sem circulação interna),Pendente,,,
1502202,Capanema,PA,1 - Norte,74808,5 - 50001 até 100000,Sim,Sim,Sim,Sem adaptação,Sim,Possui ônibus urbano (intramunicipal),Pendente,,,
1502301,Capitão Poço,PA,1 - Norte,59960,5 - 50001 até 100000,Sim,Sim,Sim,Parcialmente adaptada,Sim,Possui ônibus urbano (intramunicipal),Pendente,,,
1502400,Castanhal,PA,1 - Norte,207603,6 - 100001 até 500000,Sim,Sim,Não,Sem adaptação,Sim,Possui ônibus urbano (intramunicipal),Pendente,,,
1502509,Chaves,PA,1 - Norte,21487,4 - 20001 até 50000,Não,Não,-,-,Não,Não possui transporte coletivo por ônibus,Sem fonte encontrada,,2026-08-07,Resultados confundidos com Chaves/Portugal; sem fonte específica sobre Chaves/PA. Mantido dado original do MUNIC.
1502608,Colares,PA,1 - Norte,13526,3 - 10001 até 20000,Recusa,Recusa,Recusa,Recusa,Sem info,Sem informação (recusa/não informou),Pendente,,,
1502707,Conceição do Araguaia,PA,1 - Norte,47099,4 - 20001 até 50000,Sim,Sim,Sim,Totalmente adaptada,Sim,Possui ônibus urbano (intramunicipal),Pendente,,,
1502756,Concórdia do Pará,PA,1 - Norte,28287,4 - 20001 até 50000,Não,Não,-,-,Não,Não possui transporte coletivo por ônibus,Sem fonte encontrada,,2026-08-07,Busca retornou apenas informações sobre rodoviária/transporte intermunicipal ou textos genéricos; sem confirmação confiável específica. Mantido dado original do MUNIC.
1502764,Cumaru do Norte,PA,1 - Norte,14937,3 - 10001 até 20000,Não,Sim,Não,-,Não,Só ônibus intermunicipal (sem circulação interna),Pendente,,,
1502772,Curionópolis,PA,1 - Norte,20859,4 - 20001 até 50000,Não,Sim,Não,-,Não,Só ônibus intermunicipal (sem circulação interna),Pendente,,,
1502806,Curralinho,PA,1 - Norte,36451,4 - 20001 até 50000,Não,Não,-,-,Não,Não possui transporte coletivo por ônibus,Confirmado,Busca web sobre mobilidade urbana em Curralinho/PA,2026-08-07,"Confirmado: cidade ribeirinha (Marajó), locomoção urbana é a pé e transporte externo é fluvial (barcos/canoas motorizadas funcionam como 'ônibus aquáticos'); não há ônibus terrestre."
1502855,Curuá,PA,1 - Norte,14834,3 - 10001 até 20000,Não,Sim,Sim,-,Sim,Possui ônibus local (via intermunicipal que circula internamente),Pendente,,,
1502905,Curuçá,PA,1 - Norte,44413,4 - 20001 até 50000,Não,Não,-,-,Não,Não possui transporte coletivo por ônibus,Sem fonte encontrada,,2026-08-07,Busca retornou apenas informações sobre rodoviária/transporte intermunicipal; sem fonte confiável específica sobre transporte urbano por ônibus. Mantido dado original do MUNIC.
1502939,Dom Eliseu,PA,1 - Norte,62322,5 - 50001 até 100000,Não,Não,-,-,Não,Não possui transporte coletivo por ônibus,Sem fonte encontrada,,2026-08-07,"Apenas rodoviária intermunicipal e menção a departamento de trânsito, sem confirmação de sistema de ônibus urbano. Mantido dado original do MUNIC."
1502954,Eldorado do Carajás,PA,1 - Norte,29425,4 - 20001 até 50000,Não,Sim,Não,-,Não,Só ônibus intermunicipal (sem circulação interna),Pendente,,,
1503002,Faro,PA,1 - Norte,9125,2 - 5001 até 10000,Não,Não,-,-,Não,Não possui transporte coletivo por ônibus,Sem fonte encontrada,Buscas retornaram majoritariamente resultados de Faro-Portugal (homônimo),2026-08-08,"Confusão com cidade homônima em Portugal, sem evidência válida sobre Faro-PA"
1503044,Floresta do Araguaia,PA,1 - Norte,18565,3 - 10001 até 20000,Não,Sim,Não,-,Não,Só ônibus intermunicipal (sem circulação interna),Pendente,,,
1503077,Garrafão do Norte,PA,1 - Norte,25552,4 - 20001 até 50000,Sim,Sim,Não,Sem adaptação,Sim,Possui ônibus urbano (intramunicipal),Pendente,,,
1503093,Goianésia do Pará,PA,1 - Norte,27059,4 - 20001 até 50000,Não,Não,-,-,Não,Não possui transporte coletivo por ônibus,Sem fonte encontrada,,2026-08-07,Busca retornou apenas informações sobre rodoviária/transporte intermunicipal ou textos genéricos; sem confirmação confiável específica. Mantido dado original do MUNIC.
1503101,Gurupá,PA,1 - Norte,33922,4 - 20001 até 50000,Não,Não,-,-,Não,Não possui transporte coletivo por ônibus,Sem fonte encontrada,,2026-08-07,Busca retornou apenas informações sobre rodoviária/transporte intermunicipal ou localidades homônimas; sem confirmação confiável específica. Mantido dado original do MUNIC.
1503200,Igarapé-Açu,PA,1 - Norte,37855,4 - 20001 até 50000,Sim,Sim,Não,Sem adaptação,Sim,Possui ônibus urbano (intramunicipal),Pendente,,,
1503309,Igarapé-Miri,PA,1 - Norte,68955,5 - 50001 até 100000,Não,Sim,Sim,-,Sim,Possui ônibus local (via intermunicipal que circula internamente),Pendente,,,
1503408,Inhangapi,PA,1 - Norte,10754,3 - 10001 até 20000,Não,Sim,Sim,-,Sim,Possui ônibus local (via intermunicipal que circula internamente),Pendente,,,
1503457,Ipixuna do Pará,PA,1 - Norte,30158,4 - 20001 até 50000,Sim,Sim,Sim,Parcialmente adaptada,Sim,Possui ônibus urbano (intramunicipal),Pendente,,,
1503507,Irituia,PA,1 - Norte,32698,4 - 20001 até 50000,Sim,Sim,Não,Sem adaptação,Sim,Possui ônibus urbano (intramunicipal),Pendente,,,
1503606,Itaituba,PA,1 - Norte,133684,6 - 100001 até 500000,Não,Sim,Sim,-,Sim,Possui ônibus local (via intermunicipal que circula internamente),Pendente,,,
1503705,Itupiranga,PA,1 - Norte,52187,5 - 50001 até 100000,Não,Não,-,-,Não,Não possui transporte coletivo por ônibus,Sem fonte encontrada,,2026-08-07,Busca retornou apenas informações sobre rodoviária/transporte intermunicipal; sem fonte confiável específica sobre transporte urbano por ônibus. Mantido dado original do MUNIC.
1503754,Jacareacanga,PA,1 - Norte,26006,4 - 20001 até 50000,Não,Sim,Sim,-,Sim,Possui ônibus local (via intermunicipal que circula internamente),Pendente,,,
1503804,Jacundá,PA,1 - Norte,38391,4 - 20001 até 50000,Sim,Sim,Não,Parcialmente adaptada,Sim,Possui ônibus urbano (intramunicipal),Pendente,,,
1503903,Juruti,PA,1 - Norte,53952,5 - 50001 até 100000,Sim,Sim,Sim,Sem adaptação,Sim,Possui ônibus urbano (intramunicipal),Pendente,,,
1504000,Limoeiro do Ajuru,PA,1 - Norte,31778,4 - 20001 até 50000,Não,Sim,Não,-,Não,Só ônibus intermunicipal (sem circulação interna),Pendente,,,
1504059,Mãe do Rio,PA,1 - Norte,37048,4 - 20001 até 50000,Não,Sim,Não,-,Não,Só ônibus intermunicipal (sem circulação interna),Pendente,,,
1504109,Magalhães Barata,PA,1 - Norte,8428,2 - 5001 até 10000,Não,Não,-,-,Não,Não possui transporte coletivo por ônibus,Sem fonte encontrada,"Resultados majoritariamente sobre linhas urbanas de Belém-PA, referentes a rua homônima, não ao município Magalhães Barata",2026-08-08,"Confusão com rua/bairro homônimo em Belém, sem evidência válida"
1504208,Marabá,PA,1 - Norte,288513,6 - 100001 até 500000,Sim,Sim,Não,Parcialmente adaptada,Sim,Possui ônibus urbano (intramunicipal),Confirmado,Cidade de grande porte com sistema de transporte público municipal/metropolitano amplamente documentado (prefeitura/consórcio de transporte),2026-08-07,Município de grande população (>280 mil hab.) com sistema de ônibus consolidado e publicamente conhecido; dado do MUNIC 2024 já indicava 'Sim' corretamente.
1504307,Maracanã,PA,1 - Norte,27207,4 - 20001 até 50000,Não,Não,-,-,Não,Não possui transporte coletivo por ônibus,Sem fonte encontrada,,2026-08-07,Busca retornou apenas informações sobre rodoviária/transporte intermunicipal ou localidades homônimas; sem confirmação confiável específica. Mantido dado original do MUNIC.
1504406,Marapanim,PA,1 - Norte,28105,4 - 20001 até 50000,Sim,Não,-,Sem adaptação,Sim,Possui ônibus urbano (intramunicipal),Pendente,,,
1504422,Marituba,PA,1 - Norte,118998,6 - 100001 até 500000,Não,Sim,Sim,-,Sim,Possui ônibus local (via intermunicipal que circula internamente),Pendente,,,
1504455,Medicilândia,PA,1 - Norte,28633,4 - 20001 até 50000,Não,Sim,Não,-,Não,Só ônibus intermunicipal (sem circulação interna),Pendente,,,
1504505,Melgaço,PA,1 - Norte,29846,4 - 20001 até 50000,Não,Não,-,-,Não,Não possui transporte coletivo por ônibus,Confirmado,Busca web sobre mobilidade urbana em Melgaço/PA,2026-08-07,Confirmado: sistemas de ônibus urbano coletivo não são presentes em Melgaço/PA; cidade depende de transporte fluvial ('táxi fluvial') e mototáxi.
1504604,Mocajuba,PA,1 - Norte,28821,4 - 20001 até 50000,Sim,Sim,Sim,Sem adaptação,Sim,Possui ônibus urbano (intramunicipal),Pendente,,,
1504703,Moju,PA,1 - Norte,90795,5 - 50001 até 100000,Sim,Sim,Não,Sem adaptação,Sim,Possui ônibus urbano (intramunicipal),Pendente,,,
1504752,Mojuí dos Campos,PA,1 - Norte,25312,4 - 20001 até 50000,Sim,Sim,Sim,Sem adaptação,Sim,Possui ônibus urbano (intramunicipal),Pendente,,,
1504802,Monte Alegre,PA,1 - Norte,63641,5 - 50001 até 100000,Não,Sim,Sim,-,Sim,Possui ônibus local (via intermunicipal que circula internamente),Pendente,,,
1504901,Muaná,PA,1 - Norte,48955,4 - 20001 até 50000,Não,Não,-,-,Não,Não possui transporte coletivo por ônibus,Sem fonte encontrada,,2026-08-07,Nenhuma fonte específica sobre transporte urbano em Muaná. Mantido dado original do MUNIC.
1504950,Nova Esperança do Piriá,PA,1 - Norte,21259,4 - 20001 até 50000,Sim,Sim,Não,Parcialmente adaptada,Sim,Possui ônibus urbano (intramunicipal),Pendente,,,
1504976,Nova Ipixuna,PA,1 - Norte,14417,3 - 10001 até 20000,Não,Sim,Não,-,Não,Só ônibus intermunicipal (sem circulação interna),Pendente,,,
1505007,Nova Timboteua,PA,1 - Norte,13204,3 - 10001 até 20000,Sim,Sim,Sim,Sem adaptação,Sim,Possui ônibus urbano (intramunicipal),Pendente,,,
1505031,Novo Progresso,PA,1 - Norte,36518,4 - 20001 até 50000,Não,Sim,Sim,-,Sim,Possui ônibus local (via intermunicipal que circula internamente),Pendente,,,
1505064,Novo Repartimento,PA,1 - Norte,63754,5 - 50001 até 100000,Sim,Sim,Sim,Sem adaptação,Sim,Possui ônibus urbano (intramunicipal),Pendente,,,
1505106,Óbidos,PA,1 - Norte,55271,5 - 50001 até 100000,Sim,Sim,Sim,Sem adaptação,Sim,Possui ônibus urbano (intramunicipal),Pendente,,,
1505205,Oeiras do Pará,PA,1 - Norte,36377,4 - 20001 até 50000,Sim,Não,-,Sem adaptação,Sim,Possui ônibus urbano (intramunicipal),Pendente,,,
1505304,Oriximiná,PA,1 - Norte,72460,5 - 50001 até 100000,Não,Não,-,-,Não,Não possui transporte coletivo por ônibus,Sem fonte encontrada,,2026-08-07,"Secretaria de Infraestrutura menciona política de transporte coletivo, mas sem confirmação de sistema de ônibus urbano operante. Mantido dado original do MUNIC."
1505403,Ourém,PA,1 - Norte,18675,3 - 10001 até 20000,Sim,Sim,Sim,Sem adaptação,Sim,Possui ônibus urbano (intramunicipal),Pendente,,,
1505437,Ourilândia do Norte,PA,1 - Norte,34905,4 - 20001 até 50000,Não,Não,-,-,Não,Não possui transporte coletivo por ônibus,Sem fonte encontrada,,2026-08-07,Fontes encontradas eram genéricas/padronizadas (mesmo texto repetido em várias cidades) ou confundidas com localidades homônimas; sem confirmação confiável específica. Mantido dado original do MUNIC.
1505486,Pacajá,PA,1 - Norte,43594,4 - 20001 até 50000,Não,Sim,Sim,-,Sim,Possui ônibus local (via intermunicipal que circula internamente),Pendente,,,
1505494,Palestina do Pará,PA,1 - Norte,7086,2 - 5001 até 10000,Não,Não,-,-,Não,Não possui transporte coletivo por ônibus,Sem fonte encontrada,Texto genérico/templado sobre locomoção a pé/táxi/mototáxi (Palestina do Pará-PA),2026-08-10,"Texto padronizado/genérico, sem menção confiável a ônibus urbano"
1505502,Paragominas,PA,1 - Norte,112843,6 - 100001 até 500000,Sim,Não,-,Totalmente adaptada,Sim,Possui ônibus urbano (intramunicipal),Pendente,,,
1505536,Parauapebas,PA,1 - Norte,298854,6 - 100001 até 500000,Sim,Sim,Não,Parcialmente adaptada,Sim,Possui ônibus urbano (intramunicipal),Confirmado,Cidade de grande porte com sistema de transporte público municipal/metropolitano amplamente documentado (prefeitura/consórcio de transporte),2026-08-07,Município de grande população (>280 mil hab.) com sistema de ônibus consolidado e publicamente conhecido; dado do MUNIC 2024 já indicava 'Sim' corretamente.
1505551,Pau DArco,PA,1 - Norte,7296,2 - 5001 até 10000,Não,Sim,Não,-,Não,Só ônibus intermunicipal (sem circulação interna),Pendente,,,
1505601,Peixe-Boi,PA,1 - Norte,8651,2 - 5001 até 10000,Não,Sim,Não,-,Não,Só ônibus intermunicipal (sem circulação interna),Pendente,,,
1505635,Piçarra,PA,1 - Norte,13341,3 - 10001 até 20000,Não,Não,-,-,Não,Não possui transporte coletivo por ônibus,Sem fonte encontrada,,2026-08-08,Busca retornou apenas informações sobre localidades homônimas ou serviços intermunicipais experimentais insuficientes para confirmação; sem confiança suficiente. Mantido dado original do MUNIC.
1505650,Placas,PA,1 - Norte,18772,3 - 10001 até 20000,Não,Sim,Sim,-,Sim,Possui ônibus local (via intermunicipal que circula internamente),Pendente,,,
1505700,Ponta de Pedras,PA,1 - Norte,25767,4 - 20001 até 50000,Sim,Não,-,Sem adaptação,Sim,Possui ônibus urbano (intramunicipal),Pendente,,,
1505809,Portel,PA,1 - Norte,66898,5 - 50001 até 100000,Não,Não,-,-,Não,Não possui transporte coletivo por ônibus,Sem fonte encontrada,,2026-08-07,Nenhuma fonte específica encontrada sobre transporte urbano em Portel. Mantido dado original do MUNIC.
1505908,Porto de Moz,PA,1 - Norte,43673,4 - 20001 até 50000,Não,Não,-,-,Não,Não possui transporte coletivo por ônibus,Sem fonte encontrada,,2026-08-07,Busca retornou apenas informações sobre rodoviária/transporte intermunicipal; sem fonte confiável específica sobre transporte urbano por ônibus. Mantido dado original do MUNIC.
1506005,Prainha,PA,1 - Norte,38318,4 - 20001 até 50000,Não,Não,-,-,Não,Não possui transporte coletivo por ônibus,Sem fonte encontrada,,2026-08-07,Sem fonte específica sobre Prainha/PA (confundido com bairros homônimos). Mantido dado original do MUNIC.
1506104,Primavera,PA,1 - Norte,11332,3 - 10001 até 20000,Sim,Não,-,Parcialmente adaptada,Sim,Possui ônibus urbano (intramunicipal),Pendente,,,
1506112,Quatipuru,PA,1 - Norte,11870,3 - 10001 até 20000,Não,Sim,Não,-,Não,Só ônibus intermunicipal (sem circulação interna),Pendente,,,
1506138,Redenção,PA,1 - Norte,91947,5 - 50001 até 100000,Não,Sim,Não,-,Não,Só ônibus intermunicipal (sem circulação interna),Pendente,,,
1506161,Rio Maria,PA,1 - Norte,19129,3 - 10001 até 20000,Não,Sim,Não,-,Não,Só ônibus intermunicipal (sem circulação interna),Pendente,,,
1506187,Rondon do Pará,PA,1 - Norte,56593,5 - 50001 até 100000,Não,Sim,Não,-,Não,Só ônibus intermunicipal (sem circulação interna),Pendente,,,
1506195,Rurópolis,PA,1 - Norte,37360,4 - 20001 até 50000,Não,Sim,Sim,-,Sim,Possui ônibus local (via intermunicipal que circula internamente),Pendente,,,
1506203,Salinópolis,PA,1 - Norte,48168,4 - 20001 até 50000,Sim,Sim,Sim,Sem adaptação,Sim,Possui ônibus urbano (intramunicipal),Pendente,,,
1506302,Salvaterra,PA,1 - Norte,25441,4 - 20001 até 50000,Não,Não,-,-,Não,Não possui transporte coletivo por ônibus,Sem fonte encontrada,,2026-08-07,"Menções ambíguas a ônibus/vans que podem ser apenas conexões do porto para outras cidades da Ilha de Marajó, não necessariamente circulação urbana interna. Mantido dado original do MUNIC."
1506351,Santa Bárbara do Pará,PA,1 - Norte,22288,4 - 20001 até 50000,Sim,Sim,Não,Parcialmente adaptada,Sim,Possui ônibus urbano (intramunicipal),Pendente,,,
1506401,Santa Cruz do Arari,PA,1 - Norte,7654,2 - 5001 até 10000,Não,Não,-,-,Não,Não possui transporte coletivo por ônibus,Sem fonte encontrada,"Resultados majoritariamente confundidos com Santa Cruz-RS/PB (homônimos), nada específico sobre Santa Cruz do Arari-PA",2026-08-10,"Confusão com municípios homônimos, sem evidência válida"
1506500,Santa Izabel do Pará,PA,1 - Norte,78317,5 - 50001 até 100000,Sim,Sim,Não,Sem adaptação,Sim,Possui ônibus urbano (intramunicipal),Pendente,,,
1506559,Santa Luzia do Pará,PA,1 - Norte,21217,4 - 20001 até 50000,Sim,Sim,Não,Totalmente adaptada,Sim,Possui ônibus urbano (intramunicipal),Pendente,,,
1506583,Santa Maria das Barreiras,PA,1 - Norte,17079,3 - 10001 até 20000,Não,Sim,Não,-,Não,Só ônibus intermunicipal (sem circulação interna),Pendente,,,
1506609,Santa Maria do Pará,PA,1 - Norte,25696,4 - 20001 até 50000,Não,Sim,Não,-,Não,Só ônibus intermunicipal (sem circulação interna),Pendente,,,
1506708,Santana do Araguaia,PA,1 - Norte,31683,4 - 20001 até 50000,Não,Sim,Não,-,Não,Só ônibus intermunicipal (sem circulação interna),Pendente,,,
1506807,Santarém,PA,1 - Norte,357311,6 - 100001 até 500000,Sim,Sim,Não,Parcialmente adaptada,Sim,Possui ônibus urbano (intramunicipal),Confirmado,Cidade de grande porte com sistema de transporte público municipal/metropolitano amplamente documentado (prefeitura/consórcio de transporte),2026-08-07,Município de grande população (>280 mil hab.) com sistema de ônibus consolidado e publicamente conhecido; dado do MUNIC 2024 já indicava 'Sim' corretamente.
1506906,Santarém Novo,PA,1 - Norte,6348,2 - 5001 até 10000,Sim,Sim,Sim,Sem adaptação,Sim,Possui ônibus urbano (intramunicipal),Pendente,,,
1507003,Santo Antônio do Tauá,PA,1 - Norte,29134,4 - 20001 até 50000,Não,Sim,Sim,-,Sim,Possui ônibus local (via intermunicipal que circula internamente),Pendente,,,
1507102,São Caetano de Odivelas,PA,1 - Norte,17248,3 - 10001 até 20000,Não,Sim,Não,-,Não,Só ônibus intermunicipal (sem circulação interna),Pendente,,,
1507151,São Domingos do Araguaia,PA,1 - Norte,21638,4 - 20001 até 50000,Não,Sim,Não,-,Não,Só ônibus intermunicipal (sem circulação interna),Pendente,,,
1507201,São Domingos do Capim,PA,1 - Norte,32449,4 - 20001 até 50000,Sim,Sim,Sim,Sem adaptação,Sim,Possui ônibus urbano (intramunicipal),Pendente,,,
1507300,São Félix do Xingu,PA,1 - Norte,65957,5 - 50001 até 100000,Sim,Sim,Não,Sem adaptação,Sim,Possui ônibus urbano (intramunicipal),Pendente,,,
1507409,São Francisco do Pará,PA,1 - Norte,15418,3 - 10001 até 20000,Não,Não,-,-,Não,Não possui transporte coletivo por ônibus,Sem fonte encontrada,,2026-08-08,Busca retornou apenas informações sobre rodoviária/transporte intermunicipal ou localidades homônimas; sem confirmação confiável específica. Mantido dado original do MUNIC.
1507458,São Geraldo do Araguaia,PA,1 - Norte,24978,4 - 20001 até 50000,Sim,Sim,Não,Parcialmente adaptada,Sim,Possui ônibus urbano (intramunicipal),Pendente,,,
1507466,São João da Ponta,PA,1 - Norte,4509,1 - Até 5000,Não,Não,-,-,Não,Não possui transporte coletivo por ônibus,Sem fonte encontrada,Nenhuma informação específica sobre ônibus urbano em São João da Ponta-PA,2026-08-13,Nenhuma evidência específica encontrada
1507474,São João de Pirabas,PA,1 - Norte,21447,4 - 20001 até 50000,Sim,Sim,Sim,Sem adaptação,Sim,Possui ônibus urbano (intramunicipal),Pendente,,,
1507508,São João do Araguaia,PA,1 - Norte,14246,3 - 10001 até 20000,Não,Não,-,-,Não,Não possui transporte coletivo por ônibus,Sem fonte encontrada,,2026-08-08,Busca retornou apenas informações sobre rodoviária/transporte intermunicipal ou texto genérico de baixa confiabilidade; sem confirmação confiável específica. Mantido dado original do MUNIC.
1507607,São Miguel do Guamá,PA,1 - Norte,55798,5 - 50001 até 100000,Sim,Sim,Não,Parcialmente adaptada,Sim,Possui ônibus urbano (intramunicipal),Pendente,,,
1507706,São Sebastião da Boa Vista,PA,1 - Norte,27441,4 - 20001 até 50000,Não,Não,-,-,Não,Não possui transporte coletivo por ônibus,Sem fonte encontrada,,2026-08-07,Busca retornou apenas informações sobre rodoviária/transporte intermunicipal ou localidades homônimas; sem confirmação confiável específica. Mantido dado original do MUNIC.
1507755,Sapucaia,PA,1 - Norte,6160,2 - 5001 até 10000,Não,Sim,Não,-,Não,Só ônibus intermunicipal (sem circulação interna),Pendente,,,
1507805,Senador José Porfírio,PA,1 - Norte,24441,4 - 20001 até 50000,Não,Não,-,-,Não,Não possui transporte coletivo por ônibus,Sem fonte encontrada,,2026-08-07,Apenas menção a abrigos de ônibus/infraestrutura urbana genérica; sem confirmação clara de sistema operante. Mantido dado original do MUNIC.
1507904,Soure,PA,1 - Norte,25218,4 - 20001 até 50000,Não,Não,-,-,Não,Não possui transporte coletivo por ônibus,Confirmado,Pesquisa acadêmica sobre transporte fluvial em Soure/Marajó/PA (ResearchGate),2026-08-07,"Confirmado: moradores relatam que havia serviço de ônibus no passado, mas não há há muitos anos; locomoção é por van/pequenos veículos apenas nas conexões do porto, sem linha regular de ônibus urbano."
1507953,Tailândia,PA,1 - Norte,75526,5 - 50001 até 100000,Sim,Não,-,Parcialmente adaptada,Sim,Possui ônibus urbano (intramunicipal),Pendente,,,
1507961,Terra Alta,PA,1 - Norte,10815,3 - 10001 até 20000,Não,Sim,Não,-,Não,Só ônibus intermunicipal (sem circulação interna),Pendente,,,
1507979,Terra Santa,PA,1 - Norte,19667,3 - 10001 até 20000,Não,Sim,Não,-,Não,Só ônibus intermunicipal (sem circulação interna),Pendente,,,
1508001,Tomé-Açu,PA,1 - Norte,72326,5 - 50001 até 100000,Sim,Sim,Sim,Sem adaptação,Sim,Possui ônibus urbano (intramunicipal),Pendente,,,
1508035,Tracuateua,PA,1 - Norte,30373,4 - 20001 até 50000,Sim,Sim,Não,Sem adaptação,Sim,Possui ônibus urbano (intramunicipal),Pendente,,,
1508050,Trairão,PA,1 - Norte,15619,3 - 10001 até 20000,Não,Sim,Sim,-,Sim,Possui ônibus local (via intermunicipal que circula internamente),Pendente,,,
1508084,Tucumã,PA,1 - Norte,42480,4 - 20001 até 50000,Não,Sim,Não,-,Não,Só ônibus intermunicipal (sem circulação interna),Pendente,,,
1508100,Tucuruí,PA,1 - Norte,96238,5 - 50001 até 100000,Sim,Sim,Sim,Parcialmente adaptada,Sim,Possui ônibus urbano (intramunicipal),Pendente,,,
1508126,Ulianópolis,PA,1 - Norte,39576,4 - 20001 até 50000,Não,Sim,Sim,-,Sim,Possui ônibus local (via intermunicipal que circula internamente),Pendente,,,
1508159,Uruará,PA,1 - Norte,45939,4 - 20001 até 50000,Sim,Sim,Sim,Parcialmente adaptada,Sim,Possui ônibus urbano (intramunicipal),Pendente,,,
1508209,Vigia,PA,1 - Norte,53806,5 - 50001 até 100000,Recusa,Recusa,Recusa,Recusa,Sem info,Sem informação (recusa/não informou),Pendente,,,
1508308,Viseu,PA,1 - Norte,61970,5 - 50001 até 100000,Sim,Sim,Sim,Sem adaptação,Sim,Possui ônibus urbano (intramunicipal),Pendente,,,
1508357,Vitória do Xingu,PA,1 - Norte,16414,3 - 10001 até 20000,Não,Sim,Sim,-,Sim,Possui ônibus local (via intermunicipal que circula internamente),Pendente,,,
1508407,Xinguara,PA,1 - Norte,56999,5 - 50001 até 100000,Não,Sim,Sim,-,Sim,Possui ônibus local (via intermunicipal que circula internamente),Pendente,,,
1600055,Serra do Navio,AP,1 - Norte,4986,1 - Até 5000,Sim,Sim,Sim,Sem adaptação,Sim,Possui ônibus urbano (intramunicipal),Pendente,,,
1600105,Amapá,AP,1 - Norte,8434,2 - 5001 até 10000,Sim,Sim,Sim,Sem adaptação,Sim,Possui ônibus urbano (intramunicipal),Pendente,,,
1600154,Pedra Branca do Amapari,AP,1 - Norte,13798,3 - 10001 até 20000,Sim,Sim,Sim,Parcialmente adaptada,Sim,Possui ônibus urbano (intramunicipal),Pendente,,,
1600204,Calçoene,AP,1 - Norte,11391,3 - 10001 até 20000,Sim,Sim,Sim,Sem adaptação,Sim,Possui ônibus urbano (intramunicipal),Pendente,,,
1600212,Cutias,AP,1 - Norte,4725,1 - Até 5000,Não,Sim,Não,-,Não,Só ônibus intermunicipal (sem circulação interna),Pendente,,,
1600238,Ferreira Gomes,AP,1 - Norte,7145,2 - 5001 até 10000,Sim,Sim,Sim,Sem adaptação,Sim,Possui ônibus urbano (intramunicipal),Pendente,,,
1600253,Itaubal,AP,1 - Norte,6043,2 - 5001 até 10000,Não,Sim,Não,-,Não,Só ônibus intermunicipal (sem circulação interna),Pendente,,,
1600279,Laranjal do Jari,AP,1 - Norte,37969,4 - 20001 até 50000,Sim,Sim,Sim,Parcialmente adaptada,Sim,Possui ônibus urbano (intramunicipal),Pendente,,,
1600303,Macapá,AP,1 - Norte,487200,6 - 100001 até 500000,Sim,Sim,Não,Totalmente adaptada,Sim,Possui ônibus urbano (intramunicipal),Confirmado,Sistema de transporte público municipal amplamente documentado (site da prefeitura/empresa de transporte municipal),2026-08-07,Capital estadual com sistema de ônibus urbano consolidado e publicamente conhecido; dado do MUNIC 2024 já indicava 'Sim' corretamente.
1600402,Mazagão,AP,1 - Norte,23575,4 - 20001 até 50000,Sim,Sim,Não,Parcialmente adaptada,Sim,Possui ônibus urbano (intramunicipal),Pendente,,,
1600501,Oiapoque,AP,1 - Norte,30481,4 - 20001 até 50000,Não,Sim,Sim,-,Sim,Possui ônibus local (via intermunicipal que circula internamente),Pendente,,,
1600535,Porto Grande,AP,1 - Norte,18988,3 - 10001 até 20000,Não,Sim,Sim,-,Sim,Possui ônibus local (via intermunicipal que circula internamente),Pendente,,,
1600550,Pracuúba,AP,1 - Norte,4042,1 - Até 5000,Não,Não,-,-,Não,Não possui transporte coletivo por ônibus,Pendente,,,
1600600,Santana,AP,1 - Norte,118353,6 - 100001 até 500000,Sim,Sim,Sim,Parcialmente adaptada,Sim,Possui ônibus urbano (intramunicipal),Pendente,,,
1600709,Tartarugalzinho,AP,1 - Norte,13785,3 - 10001 até 20000,Sim,Sim,Sim,Sem adaptação,Sim,Possui ônibus urbano (intramunicipal),Pendente,,,
1600808,Vitória do Jari,AP,1 - Norte,11922,3 - 10001 até 20000,Não,Sim,Sim,-,Sim,Possui ônibus local (via intermunicipal que circula internamente),Pendente,,,
1700251,Abreulândia,TO,1 - Norte,2668,1 - Até 5000,Não,Sim,Não,-,Não,Só ônibus intermunicipal (sem circulação interna),Pendente,,,
1700301,Aguiarnópolis,TO,1 - Norte,4537,1 - Até 5000,Não,Não,-,-,Não,Não possui transporte coletivo por ônibus,Sem fonte encontrada,Buscas retornaram apenas rodoviária intermunicipal (Aguiarnópolis-TO),2026-08-13,Nenhuma evidência específica de ônibus urbano intramunicipal encontrada
1700350,Aliança do Tocantins,TO,1 - Norte,5222,2 - 5001 até 10000,Não,Sim,Não,-,Não,Só ônibus intermunicipal (sem circulação interna),Pendente,,,
1700400,Almas,TO,1 - Norte,6542,2 - 5001 até 10000,Não,Sim,Sim,-,Sim,Possui ônibus local (via intermunicipal que circula internamente),Pendente,,,
1700707,Alvorada,TO,1 - Norte,9094,2 - 5001 até 10000,Não,Sim,Não,-,Não,Só ônibus intermunicipal (sem circulação interna),Pendente,,,
1701002,Ananás,TO,1 - Norte,10662,3 - 10001 até 20000,Não,Sim,Não,-,Não,Só ônibus intermunicipal (sem circulação interna),Pendente,,,
1701051,Angico,TO,1 - Norte,2918,1 - Até 5000,Não,Sim,Não,-,Não,Só ônibus intermunicipal (sem circulação interna),Pendente,,,
1701101,Aparecida do Rio Negro,TO,1 - Norte,5067,2 - 5001 até 10000,Não,Não,-,-,Não,Não possui transporte coletivo por ônibus,Sem fonte encontrada,Buscas retornaram apenas empresas de transporte intermunicipal do TO (Aparecida do Rio Negro-TO),2026-08-11,Nenhuma evidência específica de ônibus urbano intramunicipal encontrada
1701309,Aragominas,TO,1 - Norte,5360,2 - 5001 até 10000,Não,Sim,Não,-,Não,Só ônibus intermunicipal (sem circulação interna),Pendente,,,
1701903,Araguacema,TO,1 - Norte,6039,2 - 5001 até 10000,Não,Sim,Não,-,Não,Só ônibus intermunicipal (sem circulação interna),Pendente,,,
1702000,Araguaçu,TO,1 - Norte,8273,2 - 5001 até 10000,Não,Sim,Não,-,Não,Só ônibus intermunicipal (sem circulação interna),Pendente,,,
1702109,Araguaína,TO,1 - Norte,181493,6 - 100001 até 500000,Sim,Sim,Sim,Parcialmente adaptada,Sim,Possui ônibus urbano (intramunicipal),Pendente,,,
1702158,Araguanã,TO,1 - Norte,4338,1 - Até 5000,Não,Não,-,-,Não,Não possui transporte coletivo por ônibus,Pendente,,,
1702208,Araguatins,TO,1 - Norte,33205,4 - 20001 até 50000,Não informou,Não informou,Não informou,Não informou,Sem info,Sem informação (recusa/não informou),Pendente,,,
1702307,Arapoema,TO,1 - Norte,5553,2 - 5001 até 10000,Não,Sim,Não,-,Não,Só ônibus intermunicipal (sem circulação interna),Pendente,,,
1702406,Arraias,TO,1 - Norte,10522,3 - 10001 até 20000,Não,Sim,Não,-,Não,Só ônibus intermunicipal (sem circulação interna),Pendente,,,
1702554,Augustinópolis,TO,1 - Norte,18128,3 - 10001 até 20000,Não,Sim,Não,-,Não,Só ônibus intermunicipal (sem circulação interna),Pendente,,,
1702703,Aurora do Tocantins,TO,1 - Norte,3420,1 - Até 5000,Não,Sim,Não,-,Não,Só ônibus intermunicipal (sem circulação interna),Pendente,,,
1702901,Axixá do Tocantins,TO,1 - Norte,10663,3 - 10001 até 20000,Não,Sim,Não,-,Não,Só ônibus intermunicipal (sem circulação interna),Pendente,,,
1703008,Babaçulândia,TO,1 - Norte,7779,2 - 5001 até 10000,Não,Sim,Não,-,Não,Só ônibus intermunicipal (sem circulação interna),Pendente,,,
1703057,Bandeirantes do Tocantins,TO,1 - Norte,3534,1 - Até 5000,Não,Sim,Não,-,Não,Só ônibus intermunicipal (sem circulação interna),Pendente,,,
1703073,Barra do Ouro,TO,1 - Norte,4641,1 - Até 5000,Não,Sim,Sim,-,Sim,Possui ônibus local (via intermunicipal que circula internamente),Pendente,,,
1703107,Barrolândia,TO,1 - Norte,4915,1 - Até 5000,Não,Sim,Não,-,Não,Só ônibus intermunicipal (sem circulação interna),Pendente,,,
1703206,Bernardo Sayão,TO,1 - Norte,4316,1 - Até 5000,Não,Sim,Não,-,Não,Só ônibus intermunicipal (sem circulação interna),Pendente,,,
1703305,Bom Jesus do Tocantins,TO,1 - Norte,4181,1 - Até 5000,Não,Sim,Não,-,Não,Só ônibus intermunicipal (sem circulação interna),Pendente,,,
1703602,Brasilândia do Tocantins,TO,1 - Norte,2016,1 - Até 5000,Não,Sim,Não,-,Não,Só ônibus intermunicipal (sem circulação interna),Pendente,,,
1703701,Brejinho de Nazaré,TO,1 - Norte,4796,1 - Até 5000,Não,Sim,Não,-,Não,Só ônibus intermunicipal (sem circulação interna),Pendente,,,
1703800,Buriti do Tocantins,TO,1 - Norte,10654,3 - 10001 até 20000,Não,Sim,Não,-,Não,Só ônibus intermunicipal (sem circulação interna),Pendente,,,
1703826,Cachoeirinha,TO,1 - Norte,1991,1 - Até 5000,Não,Sim,Não,-,Não,Só ônibus intermunicipal (sem circulação interna),Pendente,,,
1703842,Campos Lindos,TO,1 - Norte,8951,2 - 5001 até 10000,Não,Sim,Não,-,Não,Só ônibus intermunicipal (sem circulação interna),Pendente,,,
1703867,Cariri do Tocantins,TO,1 - Norte,4147,1 - Até 5000,Não,Sim,Não,-,Não,Só ônibus intermunicipal (sem circulação interna),Pendente,,,
1703883,Carmolândia,TO,1 - Norte,2246,1 - Até 5000,Não,Sim,Não,-,Não,Só ônibus intermunicipal (sem circulação interna),Pendente,,,
1703891,Carrasco Bonito,TO,1 - Norte,3362,1 - Até 5000,Não,Não,-,-,Não,Não possui transporte coletivo por ônibus,Pendente,,,
1703909,Caseara,TO,1 - Norte,5009,2 - 5001 até 10000,Não,Sim,Não,-,Não,Só ônibus intermunicipal (sem circulação interna),Pendente,,,
1704105,Centenário,TO,1 - Norte,2135,1 - Até 5000,Não,Sim,Não,-,Não,Só ônibus intermunicipal (sem circulação interna),Pendente,,,
1704600,Chapada de Areia,TO,1 - Norte,1563,1 - Até 5000,Não,Sim,Não,-,Não,Só ônibus intermunicipal (sem circulação interna),Pendente,,,
1705102,Chapada da Natividade,TO,1 - Norte,3182,1 - Até 5000,Não,Sim,Não,-,Não,Só ônibus intermunicipal (sem circulação interna),Pendente,,,
1705508,Colinas do Tocantins,TO,1 - Norte,35957,4 - 20001 até 50000,Não,Sim,Não,-,Não,Só ônibus intermunicipal (sem circulação interna),Pendente,,,
1705557,Combinado,TO,1 - Norte,4896,1 - Até 5000,Não,Sim,Não,-,Não,Só ônibus intermunicipal (sem circulação interna),Pendente,,,
1705607,Conceição do Tocantins,TO,1 - Norte,3956,1 - Até 5000,Não,Sim,Não,-,Não,Só ônibus intermunicipal (sem circulação interna),Pendente,,,
1706001,Couto Magalhães,TO,1 - Norte,5515,2 - 5001 até 10000,Não,Sim,Não,-,Não,Só ônibus intermunicipal (sem circulação interna),Pendente,,,
1706100,Cristalândia,TO,1 - Norte,6437,2 - 5001 até 10000,Não,Não,-,-,Não,Não possui transporte coletivo por ônibus,Sem fonte encontrada,Buscas retornaram apenas transporte intermunicipal e resultado confundido com Cristalina-GO (homônimo parcial) (Cristalândia-TO),2026-08-10,Nenhuma evidência específica de ônibus urbano intramunicipal encontrada
1706258,Crixás do Tocantins,TO,1 - Norte,1499,1 - Até 5000,Não,Sim,Não,-,Não,Só ônibus intermunicipal (sem circulação interna),Pendente,,,
1706506,Darcinópolis,TO,1 - Norte,6054,2 - 5001 até 10000,Não,Sim,Não,-,Não,Só ônibus intermunicipal (sem circulação interna),Pendente,,,
1707009,Dianópolis,TO,1 - Norte,18031,3 - 10001 até 20000,Não,Sim,Não,-,Não,Só ônibus intermunicipal (sem circulação interna),Pendente,,,
1707108,Divinópolis do Tocantins,TO,1 - Norte,7297,2 - 5001 até 10000,Não,Sim,Não,-,Não,Só ônibus intermunicipal (sem circulação interna),Pendente,,,
1707207,Dois Irmãos do Tocantins,TO,1 - Norte,6395,2 - 5001 até 10000,Não,Sim,Não,-,Não,Só ônibus intermunicipal (sem circulação interna),Pendente,,,
1707306,Dueré,TO,1 - Norte,4321,1 - Até 5000,Não,Sim,Não,-,Não,Só ônibus intermunicipal (sem circulação interna),Pendente,,,
1707405,Esperantina,TO,1 - Norte,7493,2 - 5001 até 10000,Não,Sim,Não,-,Não,Só ônibus intermunicipal (sem circulação interna),Pendente,,,
1707553,Fátima,TO,1 - Norte,3520,1 - Até 5000,Não,Sim,Não,-,Não,Só ônibus intermunicipal (sem circulação interna),Pendente,,,
1707652,Figueirópolis,TO,1 - Norte,5336,2 - 5001 até 10000,Não,Sim,Não,-,Não,Só ônibus intermunicipal (sem circulação interna),Pendente,,,
1707702,Filadélfia,TO,1 - Norte,7823,2 - 5001 até 10000,Não,Sim,Sim,-,Sim,Possui ônibus local (via intermunicipal que circula internamente),Pendente,,,
1708205,Formoso do Araguaia,TO,1 - Norte,19428,3 - 10001 até 20000,Não,Sim,Não,-,Não,Só ônibus intermunicipal (sem circulação interna),Pendente,,,
1708254,Tabocão,TO,1 - Norte,3676,1 - Até 5000,Não,Sim,Não,-,Não,Só ônibus intermunicipal (sem circulação interna),Pendente,,,
1708304,Goianorte,TO,1 - Norte,4840,1 - Até 5000,Não,Sim,Não,-,Não,Só ônibus intermunicipal (sem circulação interna),Pendente,,,
1709005,Goiatins,TO,1 - Norte,12816,3 - 10001 até 20000,Não,Sim,Não,-,Não,Só ônibus intermunicipal (sem circulação interna),Pendente,,,
1709302,Guaraí,TO,1 - Norte,25681,4 - 20001 até 50000,Não,Sim,Não,-,Não,Só ônibus intermunicipal (sem circulação interna),Pendente,,,
1709500,Gurupi,TO,1 - Norte,89574,5 - 50001 até 100000,Sim,Sim,Não,Totalmente adaptada,Sim,Possui ônibus urbano (intramunicipal),Pendente,,,
1709807,Ipueiras,TO,1 - Norte,1627,1 - Até 5000,Não,Não,-,-,Não,Não possui transporte coletivo por ônibus,Pendente,,,
1710508,Itacajá,TO,1 - Norte,6969,2 - 5001 até 10000,Não,Sim,Não,-,Não,Só ônibus intermunicipal (sem circulação interna),Pendente,,,
1710706,Itaguatins,TO,1 - Norte,5206,2 - 5001 até 10000,Não,Não,-,-,Não,Não possui transporte coletivo por ônibus,Sem fonte encontrada,"Buscas retornaram apenas empresas de transporte intermunicipal do estado do TO, nada específico sobre Itaguatins-TO",2026-08-11,Nenhuma evidência específica de ônibus urbano intramunicipal encontrada
1710904,Itapiratins,TO,1 - Norte,3679,1 - Até 5000,Não,Sim,Não,-,Não,Só ônibus intermunicipal (sem circulação interna),Pendente,,,
1711100,Itaporã do Tocantins,TO,1 - Norte,2464,1 - Até 5000,Não,Sim,Não,-,Não,Só ônibus intermunicipal (sem circulação interna),Pendente,,,
1711506,Jaú do Tocantins,TO,1 - Norte,3403,1 - Até 5000,Não,Sim,Não,-,Não,Só ônibus intermunicipal (sem circulação interna),Pendente,,,
1711803,Juarina,TO,1 - Norte,2305,1 - Até 5000,Não,Sim,Não,-,Não,Só ônibus intermunicipal (sem circulação interna),Pendente,,,
1711902,Lagoa da Confusão,TO,1 - Norte,16312,3 - 10001 até 20000,Não,Sim,Não,-,Não,Só ônibus intermunicipal (sem circulação interna),Pendente,,,
1711951,Lagoa do Tocantins,TO,1 - Norte,3610,1 - Até 5000,Não,Sim,Não,-,Não,Só ônibus intermunicipal (sem circulação interna),Pendente,,,
1712009,Lajeado,TO,1 - Norte,3520,1 - Até 5000,Não,Sim,Não,-,Não,Só ônibus intermunicipal (sem circulação interna),Pendente,,,
1712157,Lavandeira,TO,1 - Norte,1673,1 - Até 5000,Não,Sim,Não,-,Não,Só ônibus intermunicipal (sem circulação interna),Pendente,,,
1712405,Lizarda,TO,1 - Norte,2991,1 - Até 5000,Não,Sim,Sim,-,Sim,Possui ônibus local (via intermunicipal que circula internamente),Pendente,,,
1712454,Luzinópolis,TO,1 - Norte,2803,1 - Até 5000,Não,Sim,Não,-,Não,Só ônibus intermunicipal (sem circulação interna),Pendente,,,
1712504,Marianópolis do Tocantins,TO,1 - Norte,4772,1 - Até 5000,Não,Sim,Não,-,Não,Só ônibus intermunicipal (sem circulação interna),Pendente,,,
1712702,Mateiros,TO,1 - Norte,2888,1 - Até 5000,Não,Sim,Não,-,Não,Só ônibus intermunicipal (sem circulação interna),Pendente,,,
1712801,Maurilândia do Tocantins,TO,1 - Norte,3171,1 - Até 5000,Não,Sim,Não,-,Não,Só ônibus intermunicipal (sem circulação interna),Pendente,,,
1713205,Miracema do Tocantins,TO,1 - Norte,18787,3 - 10001 até 20000,Não,Sim,Não,-,Não,Só ônibus intermunicipal (sem circulação interna),Pendente,,,
1713304,Miranorte,TO,1 - Norte,13056,3 - 10001 até 20000,Não,Sim,Não,-,Não,Só ônibus intermunicipal (sem circulação interna),Pendente,,,
1713601,Monte do Carmo,TO,1 - Norte,5722,2 - 5001 até 10000,Não,Sim,Não,-,Não,Só ônibus intermunicipal (sem circulação interna),Pendente,,,
1713700,Monte Santo do Tocantins,TO,1 - Norte,2500,1 - Até 5000,Não,Sim,Não,-,Não,Só ônibus intermunicipal (sem circulação interna),Pendente,,,
1713809,Palmeiras do Tocantins,TO,1 - Norte,4897,1 - Até 5000,Não,Não,-,-,Não,Não possui transporte coletivo por ônibus,Sem fonte encontrada,"Resultados majoritariamente sobre Palmas-TO (capital), nada específico sobre Palmeiras do Tocantins-TO",2026-08-13,"Confusão com Palmas-TO, sem evidência válida"
1713957,Muricilândia,TO,1 - Norte,3485,1 - Até 5000,Não,Sim,Não,-,Não,Só ônibus intermunicipal (sem circulação interna),Pendente,,,
1714203,Natividade,TO,1 - Norte,8961,2 - 5001 até 10000,Não,Sim,Não,-,Não,Só ônibus intermunicipal (sem circulação interna),Pendente,,,
1714302,Nazaré,TO,1 - Norte,4660,1 - Até 5000,Não,Sim,Não,-,Não,Só ônibus intermunicipal (sem circulação interna),Pendente,,,
1714880,Nova Olinda,TO,1 - Norte,10609,3 - 10001 até 20000,Não,Sim,Sim,-,Sim,Possui ônibus local (via intermunicipal que circula internamente),Pendente,,,
1715002,Nova Rosalândia,TO,1 - Norte,3403,1 - Até 5000,Não,Não,-,-,Não,Não possui transporte coletivo por ônibus,Pendente,,,
1715101,Novo Acordo,TO,1 - Norte,4102,1 - Até 5000,Não,Sim,Não,-,Não,Só ônibus intermunicipal (sem circulação interna),Pendente,,,
1715150,Novo Alegre,TO,1 - Norte,1841,1 - Até 5000,Não,Sim,Não,-,Não,Só ônibus intermunicipal (sem circulação interna),Pendente,,,
1715259,Novo Jardim,TO,1 - Norte,2263,1 - Até 5000,Não,Sim,Não,-,Não,Só ônibus intermunicipal (sem circulação interna),Pendente,,,
1715507,Oliveira de Fátima,TO,1 - Norte,1211,1 - Até 5000,Não,Sim,Não,-,Não,Só ônibus intermunicipal (sem circulação interna),Pendente,,,
1715705,Palmeirante,TO,1 - Norte,4909,1 - Até 5000,Não,Sim,Não,-,Não,Só ônibus intermunicipal (sem circulação interna),Pendente,,,
1715754,Palmeirópolis,TO,1 - Norte,7119,2 - 5001 até 10000,Não,Sim,Não,-,Não,Só ônibus intermunicipal (sem circulação interna),Pendente,,,
1716109,Paraíso do Tocantins,TO,1 - Norte,55164,5 - 50001 até 100000,Sim,Sim,Não,Parcialmente adaptada,Sim,Possui ônibus urbano (intramunicipal),Pendente,,,
1716208,Paranã,TO,1 - Norte,10854,3 - 10001 até 20000,Não,Sim,Não,-,Não,Só ônibus intermunicipal (sem circulação interna),Pendente,,,
1716307,Pau DArco,TO,1 - Norte,4085,1 - Até 5000,Não,Sim,Não,-,Não,Só ônibus intermunicipal (sem circulação interna),Pendente,,,
1716505,Pedro Afonso,TO,1 - Norte,14731,3 - 10001 até 20000,Não,Sim,Não,-,Não,Só ônibus intermunicipal (sem circulação interna),Pendente,,,
1716604,Peixe,TO,1 - Norte,9438,2 - 5001 até 10000,Não,Sim,Não,-,Não,Só ônibus intermunicipal (sem circulação interna),Pendente,,,
1716653,Pequizeiro,TO,1 - Norte,5038,2 - 5001 até 10000,Não,Sim,Não,-,Não,Só ônibus intermunicipal (sem circulação interna),Pendente,,,
1716703,Colméia,TO,1 - Norte,9158,2 - 5001 até 10000,Não,Sim,Não,-,Não,Só ônibus intermunicipal (sem circulação interna),Pendente,,,
1717008,Pindorama do Tocantins,TO,1 - Norte,4596,1 - Até 5000,Não,Sim,Sim,-,Sim,Possui ônibus local (via intermunicipal que circula internamente),Pendente,,,
1717206,Piraquê,TO,1 - Norte,2265,1 - Até 5000,Não,Sim,Não,-,Não,Só ônibus intermunicipal (sem circulação interna),Pendente,,,
1717503,Pium,TO,1 - Norte,7375,2 - 5001 até 10000,Sim,Sim,Não,Sem adaptação,Sim,Possui ônibus urbano (intramunicipal),Pendente,,,
1717800,Ponte Alta do Bom Jesus,TO,1 - Norte,4295,1 - Até 5000,Não,Sim,Não,-,Não,Só ônibus intermunicipal (sem circulação interna),Pendente,,,
1717909,Ponte Alta do Tocantins,TO,1 - Norte,7842,2 - 5001 até 10000,Não,Sim,Não,-,Não,Só ônibus intermunicipal (sem circulação interna),Pendente,,,
1718006,Porto Alegre do Tocantins,TO,1 - Norte,2953,1 - Até 5000,Não,Sim,Não,-,Não,Só ônibus intermunicipal (sem circulação interna),Pendente,,,
1718204,Porto Nacional,TO,1 - Norte,68555,5 - 50001 até 100000,Não,Sim,Não,-,Não,Só ônibus intermunicipal (sem circulação interna),Pendente,,,
1718303,Praia Norte,TO,1 - Norte,9460,2 - 5001 até 10000,Não,Não,-,-,Não,Não possui transporte coletivo por ônibus,Sem fonte encontrada,"Resultado confundido com Praia do Meio em Natal-RN, nada específico sobre Praia Norte-TO",2026-08-08,"Homônimo/confusão geográfica, sem evidência válida"
1718402,Presidente Kennedy,TO,1 - Norte,3051,1 - Até 5000,Não,Sim,Não,-,Não,Só ônibus intermunicipal (sem circulação interna),Pendente,,,
1718451,Pugmil,TO,1 - Norte,2231,1 - Até 5000,Não,Sim,Não,-,Não,Só ônibus intermunicipal (sem circulação interna),Pendente,,,
1718501,Recursolândia,TO,1 - Norte,3471,1 - Até 5000,Não,Sim,Não,-,Não,Só ônibus intermunicipal (sem circulação interna),Pendente,,,
1718550,Riachinho,TO,1 - Norte,4039,1 - Até 5000,Não,Não,-,-,Não,Não possui transporte coletivo por ônibus,Pendente,,,
1718659,Rio da Conceição,TO,1 - Norte,1822,1 - Até 5000,Não,Não,-,-,Não,Não possui transporte coletivo por ônibus,Pendente,,,
1718709,Rio dos Bois,TO,1 - Norte,2833,1 - Até 5000,Não,Não,-,-,Não,Não possui transporte coletivo por ônibus,Pendente,,,
1718758,Rio Sono,TO,1 - Norte,4798,1 - Até 5000,Não,Não,-,-,Não,Não possui transporte coletivo por ônibus,Sem fonte encontrada,Buscas retornaram apenas empresas de transporte intermunicipal do TO e notícia de acidente em outro município (Rio Sono-TO),2026-08-13,Nenhuma evidência específica de ônibus urbano intramunicipal encontrada
1718808,Sampaio,TO,1 - Norte,4372,1 - Até 5000,Não,Não,-,-,Não,Não possui transporte coletivo por ônibus,Pendente,,,
1718840,Sandolândia,TO,1 - Norte,3873,1 - Até 5000,Não,Sim,Não,-,Não,Só ônibus intermunicipal (sem circulação interna),Pendente,,,
1718865,Santa Fé do Araguaia,TO,1 - Norte,7489,2 - 5001 até 10000,Não,Sim,Não,-,Não,Só ônibus intermunicipal (sem circulação interna),Pendente,,,
1718881,Santa Maria do Tocantins,TO,1 - Norte,2726,1 - Até 5000,Não,Sim,Não,-,Não,Só ônibus intermunicipal (sem circulação interna),Pendente,,,
1718899,Santa Rita do Tocantins,TO,1 - Norte,2291,1 - Até 5000,Não,Sim,Não,-,Não,Só ônibus intermunicipal (sem circulação interna),Pendente,,,
1718907,Santa Rosa do Tocantins,TO,1 - Norte,4789,1 - Até 5000,Não,Sim,Não,-,Não,Só ônibus intermunicipal (sem circulação interna),Pendente,,,
1719004,Santa Tereza do Tocantins,TO,1 - Norte,2889,1 - Até 5000,Não,Sim,Não,-,Não,Só ônibus intermunicipal (sem circulação interna),Pendente,,,
1720002,Santa Terezinha do Tocantins,TO,1 - Norte,2463,1 - Até 5000,Não,Sim,Não,-,Não,Só ônibus intermunicipal (sem circulação interna),Pendente,,,
1720101,São Bento do Tocantins,TO,1 - Norte,5936,2 - 5001 até 10000,Não,Sim,Sim,-,Sim,Possui ônibus local (via intermunicipal que circula internamente),Pendente,,,
1720150,São Félix do Tocantins,TO,1 - Norte,1875,1 - Até 5000,Não,Sim,Não,-,Não,Só ônibus intermunicipal (sem circulação interna),Pendente,,,
1720200,São Miguel do Tocantins,TO,1 - Norte,13939,3 - 10001 até 20000,Não,Sim,Sim,-,Sim,Possui ônibus local (via intermunicipal que circula internamente),Pendente,,,
1720259,São Salvador do Tocantins,TO,1 - Norte,2385,1 - Até 5000,Não,Sim,Não,-,Não,Só ônibus intermunicipal (sem circulação interna),Pendente,,,
1720309,São Sebastião do Tocantins,TO,1 - Norte,4189,1 - Até 5000,Não,Não,-,-,Não,Não possui transporte coletivo por ônibus,Pendente,,,
1720499,São Valério,TO,1 - Norte,4547,1 - Até 5000,Não,Sim,Não,-,Não,Só ônibus intermunicipal (sem circulação interna),Pendente,,,
1720655,Silvanópolis,TO,1 - Norte,5252,2 - 5001 até 10000,Não,Sim,Não,-,Não,Só ônibus intermunicipal (sem circulação interna),Pendente,,,
1720804,Sítio Novo do Tocantins,TO,1 - Norte,11334,3 - 10001 até 20000,Não,Sim,Não,-,Não,Só ônibus intermunicipal (sem circulação interna),Pendente,,,
1720853,Sucupira,TO,1 - Norte,1599,1 - Até 5000,Não,Não,-,-,Não,Não possui transporte coletivo por ônibus,Pendente,,,
1720903,Taguatinga,TO,1 - Norte,14247,3 - 10001 até 20000,Não,Sim,Sim,-,Sim,Possui ônibus local (via intermunicipal que circula internamente),Pendente,,,
1720937,Taipas do Tocantins,TO,1 - Norte,2086,1 - Até 5000,Não,Sim,Não,-,Não,Só ônibus intermunicipal (sem circulação interna),Pendente,,,
1720978,Talismã,TO,1 - Norte,2509,1 - Até 5000,Não,Sim,Não,-,Não,Só ônibus intermunicipal (sem circulação interna),Pendente,,,
1721000,Palmas,TO,1 - Norte,323625,6 - 100001 até 500000,Sim,Sim,Não,Totalmente adaptada,Sim,Possui ônibus urbano (intramunicipal),Confirmado,Sistema de transporte público municipal amplamente documentado (site da prefeitura/empresa de transporte municipal),2026-08-07,Capital estadual com sistema de ônibus urbano consolidado e publicamente conhecido; dado do MUNIC 2024 já indicava 'Sim' corretamente.
1721109,Tocantínia,TO,1 - Norte,7751,2 - 5001 até 10000,Não,Sim,Não,-,Não,Só ônibus intermunicipal (sem circulação interna),Pendente,,,
1721208,Tocantinópolis,TO,1 - Norte,23203,4 - 20001 até 50000,Não,Sim,Não,-,Não,Só ônibus intermunicipal (sem circulação interna),Pendente,,,
1721257,Tupirama,TO,1 - Norte,2003,1 - Até 5000,Não,Sim,Não,-,Não,Só ônibus intermunicipal (sem circulação interna),Pendente,,,
1721307,Tupiratins,TO,1 - Norte,1897,1 - Até 5000,Não,Sim,Não,-,Não,Só ônibus intermunicipal (sem circulação interna),Pendente,,,
1722081,Wanderlândia,TO,1 - Norte,10751,3 - 10001 até 20000,Não,Sim,Não,-,Não,Só ônibus intermunicipal (sem circulação interna),Pendente,,,
1722107,Xambioá,TO,1 - Norte,10683,3 - 10001 até 20000,Não,Sim,Não,-,Não,Só ônibus intermunicipal (sem circulação interna),Pendente,,,
2100055,Açailândia,MA,2 - Nordeste,110506,6 - 100001 até 500000,Sim,Não,-,-,Sim,Possui ônibus urbano (intramunicipal),Corrigido,https://omaranhense.com/acailandia-municipio-e-empresa-de-transporte-sao-acionadas-pelo-mpma-por-falta-de-acessibilidade/,2026-08-07,MUNIC 2024 registrou 'Não'. Açailândia possui transporte coletivo urbano operado pela concessionária Linux Transportes – EIRELI desde 2017 (7 veículos).
2100105,Afonso Cunha,MA,2 - Nordeste,6296,2 - 5001 até 10000,Não,Não,-,-,Não,Não possui transporte coletivo por ônibus,Sem fonte encontrada,Buscas retornaram apenas rodoviária intermunicipal (Afonso Cunha-MA),2026-08-10,Nenhuma evidência específica de ônibus urbano intramunicipal encontrada
2100154,Água Doce do Maranhão,MA,2 - Nordeste,12446,3 - 10001 até 20000,Sim,Sim,Sim,Parcialmente adaptada,Sim,Possui ônibus urbano (intramunicipal),Pendente,,,
2100204,Alcântara,MA,2 - Nordeste,18774,3 - 10001 até 20000,Sim,Não,-,Sem adaptação,Sim,Possui ônibus urbano (intramunicipal),Pendente,,,
2100303,Aldeias Altas,MA,2 - Nordeste,23782,4 - 20001 até 50000,Não,Não,-,-,Não,Não possui transporte coletivo por ônibus,Sem fonte encontrada,,2026-08-07,Busca retornou apenas informações sobre rodoviária/transporte intermunicipal; sem confirmação confiável específica. Mantido dado original do MUNIC.
2100402,Altamira do Maranhão,MA,2 - Nordeste,6565,2 - 5001 até 10000,Sim,Sim,Sim,Parcialmente adaptada,Sim,Possui ônibus urbano (intramunicipal),Pendente,,,
2100436,Alto Alegre do Maranhão,MA,2 - Nordeste,24543,4 - 20001 até 50000,Não,Não,-,-,Não,Não possui transporte coletivo por ônibus,Sem fonte encontrada,,2026-08-07,Busca retornou apenas informações sobre rodoviária/transporte intermunicipal; sem confirmação confiável específica. Mantido dado original do MUNIC.
2100477,Alto Alegre do Pindaré,MA,2 - Nordeste,26411,4 - 20001 até 50000,Não,Não,-,-,Não,Não possui transporte coletivo por ônibus,Sem fonte encontrada,,2026-08-07,Busca retornou apenas informações sobre rodoviária/transporte intermunicipal; sem confirmação confiável específica. Mantido dado original do MUNIC.
2100501,Alto Parnaíba,MA,2 - Nordeste,11382,3 - 10001 até 20000,Não,Sim,Não,-,Não,Só ônibus intermunicipal (sem circulação interna),Pendente,,,
2100550,Amapá do Maranhão,MA,2 - Nordeste,7364,2 - 5001 até 10000,Não,Não,-,-,Não,Não possui transporte coletivo por ônibus,Sem fonte encontrada,Buscas retornaram apenas regulamento estadual de transporte intermunicipal (Amapá do Maranhão-MA),2026-08-10,Nenhuma evidência específica de ônibus urbano intramunicipal encontrada
2100600,Amarante do Maranhão,MA,2 - Nordeste,38333,4 - 20001 até 50000,Não,Não,-,-,Não,Não possui transporte coletivo por ônibus,Sem fonte encontrada,,2026-08-07,"Secretaria de infraestrutura/transportes existe e há cooperativa de 'transporte alternativo' (COOPERVAM), mas sem confirmação clara de sistema de ônibus urbano regular. Mantido dado original do MUNIC."
2100709,Anajatuba,MA,2 - Nordeste,26221,4 - 20001 até 50000,Não,Sim,Não,-,Não,Só ônibus intermunicipal (sem circulação interna),Pendente,,,
2100808,Anapurus,MA,2 - Nordeste,14111,3 - 10001 até 20000,Não,Não,-,-,Não,Não possui transporte coletivo por ônibus,Sem fonte encontrada,,2026-08-08,Busca retornou apenas informações sobre rodoviária/transporte intermunicipal ou localidades homônimas; sem confirmação confiável específica. Mantido dado original do MUNIC.
2100832,Apicum-Açu,MA,2 - Nordeste,17984,3 - 10001 até 20000,Não,Não,-,-,Não,Não possui transporte coletivo por ônibus,Sem fonte encontrada,,2026-08-07,Apenas transporte intermunicipal e táxi/mototáxi local; sem confirmação específica. Mantido dado original do MUNIC.
2100873,Araguanã,MA,2 - Nordeste,11347,3 - 10001 até 20000,Não,Não,-,-,Não,Não possui transporte coletivo por ônibus,Sem fonte encontrada,,2026-08-08,Busca retornou apenas informações sobre rodoviária/transporte intermunicipal; sem confirmação confiável específica de ônibus urbano. Mantido dado original do MUNIC.
2100907,Araioses,MA,2 - Nordeste,40278,4 - 20001 até 50000,Não,Sim,Não,-,Não,Só ônibus intermunicipal (sem circulação interna),Pendente,,,
2100956,Arame,MA,2 - Nordeste,26191,4 - 20001 até 50000,Não,Não,-,-,Não,Não possui transporte coletivo por ônibus,Sem fonte encontrada,,2026-08-07,Apenas informações genéricas sobre empresas intermunicipais no Maranhão; sem fonte específica sobre ônibus urbano em Arame. Mantido dado original do MUNIC.
2101004,Arari,MA,2 - Nordeste,30521,4 - 20001 até 50000,Não,Não,-,-,Não,Não possui transporte coletivo por ônibus,Sem fonte encontrada,,2026-08-07,Busca retornou apenas informações sobre rodoviária/transporte intermunicipal; sem confirmação confiável específica. Mantido dado original do MUNIC.
2101103,Axixá,MA,2 - Nordeste,12079,3 - 10001 até 20000,Não,Sim,Sim,-,Sim,Possui ônibus local (via intermunicipal que circula internamente),Pendente,,,
2101202,Bacabal,MA,2 - Nordeste,107620,6 - 100001 até 500000,Sim,Não,-,-,Sim,Possui ônibus urbano (intramunicipal),Corrigido,https://cnpj.biz/23664634000144 (Transcolbac Transporte Coletivo de Bacabal LTDA),2026-08-07,"Empresa Transcolbac - Transporte Coletivo de Bacabal LTDA, registrada especificamente para 'transporte rodoviário coletivo de passageiros com itinerário fixo municipal'. Indica sistema de transporte coletivo municipal, divergindo do 'Não' do MUNIC 2024."
2101251,Bacabeira,MA,2 - Nordeste,17414,3 - 10001 até 20000,Não,Sim,Sim,-,Sim,Possui ônibus local (via intermunicipal que circula internamente),Pendente,,,
2101301,Bacuri,MA,2 - Nordeste,16610,3 - 10001 até 20000,Não,Não,-,-,Não,Não possui transporte coletivo por ônibus,Sem fonte encontrada,,2026-08-08,Busca retornou apenas informações sobre rodoviária/transporte intermunicipal/fretamento ou bairros homônimos; sem confirmação confiável específica. Mantido dado original do MUNIC.
2101350,Bacurituba,MA,2 - Nordeste,5374,2 - 5001 até 10000,Não,Não,-,-,Não,Não possui transporte coletivo por ônibus,Sem fonte encontrada,Buscas retornaram apenas rodoviária/transporte intermunicipal (Bacurituba-MA),2026-08-11,Nenhuma evidência específica de ônibus urbano intramunicipal encontrada
2101400,Balsas,MA,2 - Nordeste,106094,6 - 100001 até 500000,Não,Sim,Não,-,Não,Só ônibus intermunicipal (sem circulação interna),Pendente,,,
2101509,Barão de Grajaú,MA,2 - Nordeste,19458,3 - 10001 até 20000,Não,Sim,Não,-,Não,Só ônibus intermunicipal (sem circulação interna),Pendente,,,
2101608,Barra do Corda,MA,2 - Nordeste,87672,5 - 50001 até 100000,Não,Não,-,-,Não,Não possui transporte coletivo por ônibus,Sem fonte encontrada,,2026-08-07,Nenhuma fonte específica e confiável encontrada sobre existência de sistema de ônibus urbano próprio; textos genéricos de turismo mencionam apenas táxi/mototáxi. Mantido dado original do MUNIC.
2101707,Barreirinhas,MA,2 - Nordeste,67999,5 - 50001 até 100000,Não,Sim,Não,-,Não,Só ônibus intermunicipal (sem circulação interna),Pendente,,,
2101731,Belágua,MA,2 - Nordeste,8716,2 - 5001 até 10000,Não,Não,-,-,Não,Não possui transporte coletivo por ônibus,Sem fonte encontrada,Buscas retornaram apenas passagens intermunicipais (Belágua-MA),2026-08-08,Nenhuma evidência específica de ônibus urbano intramunicipal encontrada
2101772,Bela Vista do Maranhão,MA,2 - Nordeste,12073,3 - 10001 até 20000,Não,Não,-,-,Não,Não possui transporte coletivo por ônibus,Sem fonte encontrada,,2026-08-08,Resultados confundidos com localidades homônimas; sem fonte específica sobre Bela Vista do Maranhão. Mantido dado original do MUNIC.
2101806,Benedito Leite,MA,2 - Nordeste,5597,2 - 5001 até 10000,Não,Sim,Não,-,Não,Só ônibus intermunicipal (sem circulação interna),Pendente,,,
2101905,Bequimão,MA,2 - Nordeste,19983,3 - 10001 até 20000,Não,Sim,Sim,-,Sim,Possui ônibus local (via intermunicipal que circula internamente),Pendente,,,
2101939,Bernardo do Mearim,MA,2 - Nordeste,5983,2 - 5001 até 10000,Não,Sim,Não,-,Não,Só ônibus intermunicipal (sem circulação interna),Pendente,,,
2101970,Boa Vista do Gurupi,MA,2 - Nordeste,7769,2 - 5001 até 10000,Não,Não,-,-,Não,Não possui transporte coletivo por ônibus,Sem fonte encontrada,"Resultados sobre 'ônibus coletivos' referem-se a Gurupi-TO (outro município, outro estado), não a Boa Vista do Gurupi-MA",2026-08-10,"Confusão com Gurupi-TO, sem evidência válida"
2102002,Bom Jardim,MA,2 - Nordeste,34035,4 - 20001 até 50000,Não,Não,-,-,Não,Não possui transporte coletivo por ônibus,Sem fonte encontrada,,2026-08-07,Resultados confundidos com bairros homônimos em outras cidades; sem fonte específica sobre Bom Jardim/MA. Mantido dado original do MUNIC.
2102036,Bom Jesus das Selvas,MA,2 - Nordeste,29588,4 - 20001 até 50000,Sim,Não,-,Totalmente adaptada,Sim,Possui ônibus urbano (intramunicipal),Pendente,,,
2102077,Bom Lugar,MA,2 - Nordeste,12414,3 - 10001 até 20000,Sim,Não,-,Sem adaptação,Sim,Possui ônibus urbano (intramunicipal),Pendente,,,
2102101,Brejo,MA,2 - Nordeste,35322,4 - 20001 até 50000,Não,Não,-,-,Não,Não possui transporte coletivo por ônibus,Sem fonte encontrada,,2026-08-07,Texto genérico/padronizado sem confirmação confiável específica. Mantido dado original do MUNIC.
2102150,Brejo de Areia,MA,2 - Nordeste,9387,2 - 5001 até 10000,Não,Não,-,-,Não,Não possui transporte coletivo por ônibus,Sem fonte encontrada,"Resultado sobre 'ônibus urbanos locais' refere-se à estação rodoviária de Brejo-MA (outro município), não Brejo de Areia",2026-08-08,"Confusão com município homônimo/rodoviária vizinha, descartada"
2102200,Buriti,MA,2 - Nordeste,30799,4 - 20001 até 50000,Recusa,Recusa,Recusa,Recusa,Sem info,Sem informação (recusa/não informou),Pendente,,,
2102309,Buriti Bravo,MA,2 - Nordeste,22940,4 - 20001 até 50000,Não,Sim,Não,-,Não,Só ônibus intermunicipal (sem circulação interna),Pendente,,,
2102325,Buriticupu,MA,2 - Nordeste,56896,5 - 50001 até 100000,Não,Não,-,-,Não,Não possui transporte coletivo por ônibus,Sem fonte encontrada,,2026-08-07,Busca retornou apenas informações sobre rodoviária/transporte intermunicipal; sem fonte confiável específica sobre transporte urbano por ônibus. Mantido dado original do MUNIC.
2102358,Buritirana,MA,2 - Nordeste,13157,3 - 10001 até 20000,Não,Não,-,-,Não,Não possui transporte coletivo por ônibus,Sem fonte encontrada,,2026-08-08,Busca retornou apenas informações sobre localidades homônimas ou serviços intermunicipais experimentais insuficientes para confirmação; sem confiança suficiente. Mantido dado original do MUNIC.
2102374,Cachoeira Grande,MA,2 - Nordeste,10004,3 - 10001 até 20000,Não,Não,-,-,Não,Não possui transporte coletivo por ônibus,Sem fonte encontrada,Buscas retornaram apenas rodoviária intermunicipal (Cachoeira Grande-MA),2026-08-08,Nenhuma evidência específica de ônibus urbano intramunicipal encontrada
2102408,Cajapió,MA,2 - Nordeste,10342,3 - 10001 até 20000,Não,Não,-,-,Não,Não possui transporte coletivo por ônibus,Sem fonte encontrada,"Resultado sobre 'linha A681 Cajupary' parece ser conteúdo de outro sistema/cidade, não confiável para Cajapió-MA",2026-08-08,"Evidência suspeita/incoerente com porte do município, descartada"
2102507,Cajari,MA,2 - Nordeste,16711,3 - 10001 até 20000,Não,Não,-,-,Não,Não possui transporte coletivo por ônibus,Sem fonte encontrada,,2026-08-08,Busca retornou apenas informações sobre rodoviária/transporte intermunicipal/fretamento ou bairros homônimos; sem confirmação confiável específica. Mantido dado original do MUNIC.
2102556,Campestre do Maranhão,MA,2 - Nordeste,12553,3 - 10001 até 20000,Não,Sim,Sim,-,Sim,Possui ônibus local (via intermunicipal que circula internamente),Pendente,,,
2102606,Cândido Mendes,MA,2 - Nordeste,20413,4 - 20001 até 50000,Não,Sim,Não,-,Não,Só ônibus intermunicipal (sem circulação interna),Pendente,,,
2102705,Cantanhede,MA,2 - Nordeste,24976,4 - 20001 até 50000,Não,Não,-,-,Não,Não possui transporte coletivo por ônibus,Sem fonte encontrada,,2026-08-07,Busca retornou apenas informações sobre rodoviária/transporte intermunicipal; sem confirmação confiável específica. Mantido dado original do MUNIC.
2102754,Capinzal do Norte,MA,2 - Nordeste,11664,3 - 10001 até 20000,Não,Sim,Não,-,Não,Só ônibus intermunicipal (sem circulação interna),Pendente,,,
2102804,Carolina,MA,2 - Nordeste,24606,4 - 20001 até 50000,Recusa,Recusa,Recusa,Recusa,Sem info,Sem informação (recusa/não informou),Pendente,,,
2102903,Carutapera,MA,2 - Nordeste,24855,4 - 20001 até 50000,Não,Sim,Não,-,Não,Só ônibus intermunicipal (sem circulação interna),Pendente,,,
2103000,Caxias,MA,2 - Nordeste,163428,6 - 100001 até 500000,Sim,Não,-,Sem adaptação,Sim,Possui ônibus urbano (intramunicipal),Pendente,,,
2103109,Cedral,MA,2 - Nordeste,10444,3 - 10001 até 20000,Não,Não,-,-,Não,Não possui transporte coletivo por ônibus,Sem fonte encontrada,Resultado confundido com Cedral-SP; nada específico sobre Cedral-MA,2026-08-08,"Homônimo em outro estado, sem evidência válida"
2103125,Central do Maranhão,MA,2 - Nordeste,7233,2 - 5001 até 10000,Não,Sim,Sim,-,Sim,Possui ônibus local (via intermunicipal que circula internamente),Pendente,,,
2103158,Centro do Guilherme,MA,2 - Nordeste,12668,3 - 10001 até 20000,Não,Não,-,-,Não,Não possui transporte coletivo por ônibus,Sem fonte encontrada,,2026-08-08,Busca retornou apenas informações sobre rodoviária/transporte intermunicipal; sem confirmação confiável específica. Mantido dado original do MUNIC.
2103174,Centro Novo do Maranhão,MA,2 - Nordeste,16529,3 - 10001 até 20000,Não,Sim,Não,-,Não,Só ônibus intermunicipal (sem circulação interna),Pendente,,,
2103208,Chapadinha,MA,2 - Nordeste,84202,5 - 50001 até 100000,Não,Não,-,-,Não,Não possui transporte coletivo por ônibus,Sem fonte encontrada,,2026-08-07,Menção vaga a 'ônibus urbanos conectam à rodoviária' sem fonte específica/confiável. Mantido dado original do MUNIC.
2103257,Cidelândia,MA,2 - Nordeste,13152,3 - 10001 até 20000,Não,Não,-,-,Não,Não possui transporte coletivo por ônibus,Sem fonte encontrada,,2026-08-08,Busca retornou apenas informações sobre localidades homônimas ou serviços intermunicipais experimentais insuficientes para confirmação; sem confiança suficiente. Mantido dado original do MUNIC.
2103307,Codó,MA,2 - Nordeste,118295,6 - 100001 até 500000,Não,Não,-,-,Não,Não possui transporte coletivo por ônibus,Sem fonte encontrada,,2026-08-07,Fontes encontradas eram genéricas/não confiáveis sobre existência de ônibus urbano próprio; não foi possível confirmar com fonte oficial. Mantido dado original do MUNIC.
2103406,Coelho Neto,MA,2 - Nordeste,42918,4 - 20001 até 50000,Sim,Não,-,-,Sim,Possui ônibus urbano (intramunicipal),Corrigido,https://consultas.plus/lista-de-empresas/maranhao/coelho-neto/02223918000125-transporte-coletivo-cidade-santa-ltda/,2026-08-07,"Empresa 'Transporte Coletivo Cidade Santa Ltda', fundada em 1997, opera transporte rodoviário coletivo municipal de passageiros com itinerário fixo em Coelho Neto/MA, divergindo do 'Não' do MUNIC 2024."
2103505,Colinas,MA,2 - Nordeste,41745,4 - 20001 até 50000,Não,Não,-,-,Não,Não possui transporte coletivo por ônibus,Sem fonte encontrada,,2026-08-07,Apenas rodoviária intermunicipal; sem fonte específica sobre ônibus urbano. Mantido dado original do MUNIC.
2103554,Conceição do Lago-Açu,MA,2 - Nordeste,15264,3 - 10001 até 20000,Não,Não,-,-,Não,Não possui transporte coletivo por ônibus,Sem fonte encontrada,,2026-08-08,Busca retornou apenas informações sobre rodoviária/transporte intermunicipal; sem confirmação confiável específica de ônibus urbano. Mantido dado original do MUNIC.
2103604,Coroatá,MA,2 - Nordeste,61351,5 - 50001 até 100000,Não,Sim,Não,-,Não,Só ônibus intermunicipal (sem circulação interna),Pendente,,,
2103703,Cururupu,MA,2 - Nordeste,32608,4 - 20001 até 50000,Não,Não,-,-,Não,Não possui transporte coletivo por ônibus,Sem fonte encontrada,,2026-08-07,"Lei orgânica municipal menciona responsabilidade da prefeitura por transporte coletivo (incluindo gratuidade para idosos/PCD), mas sem confirmação de sistema operante. Mantido dado original do MUNIC."
2103752,Davinópolis,MA,2 - Nordeste,14788,3 - 10001 até 20000,Não,Sim,Sim,-,Sim,Possui ônibus local (via intermunicipal que circula internamente),Pendente,,,
2103802,Dom Pedro,MA,2 - Nordeste,23579,4 - 20001 até 50000,Não,Não,-,-,Não,Não possui transporte coletivo por ônibus,Sem fonte encontrada,,2026-08-07,Busca retornou apenas informações sobre rodoviária/transporte intermunicipal; sem confirmação confiável específica. Mantido dado original do MUNIC.
2103901,Duque Bacelar,MA,2 - Nordeste,10448,3 - 10001 até 20000,Não,Não,-,-,Não,Não possui transporte coletivo por ônibus,Sem fonte encontrada,Buscas retornaram apenas rodoviária intermunicipal (Duque Bacelar-MA),2026-08-08,Nenhuma evidência específica de ônibus urbano intramunicipal encontrada
2104008,Esperantinópolis,MA,2 - Nordeste,18725,3 - 10001 até 20000,Não,Não,-,-,Não,Não possui transporte coletivo por ônibus,Sem fonte encontrada,,2026-08-07,"Apenas regulamentação municipal genérica sobre pontos de ônibus, sem confirmação de sistema operante. Mantido dado original do MUNIC."
2104057,Estreito,MA,2 - Nordeste,34353,4 - 20001 até 50000,Não,Não,-,-,Não,Não possui transporte coletivo por ônibus,Sem fonte encontrada,,2026-08-07,Fontes encontradas eram genéricas/padronizadas (mesmo texto repetido em várias cidades) ou confundidas com localidades homônimas; sem confirmação confiável específica. Mantido dado original do MUNIC.
2104073,Feira Nova do Maranhão,MA,2 - Nordeste,8236,2 - 5001 até 10000,Não,Sim,Sim,-,Sim,Possui ônibus local (via intermunicipal que circula internamente),Pendente,,,
2104081,Fernando Falcão,MA,2 - Nordeste,11184,3 - 10001 até 20000,Não,Não,-,-,Não,Não possui transporte coletivo por ônibus,Sem fonte encontrada,,2026-08-08,Busca retornou apenas informações sobre rodoviária/transporte intermunicipal; sem confirmação confiável específica de ônibus urbano. Mantido dado original do MUNIC.
2104099,Formosa da Serra Negra,MA,2 - Nordeste,18133,3 - 10001 até 20000,Não,Não,-,-,Não,Não possui transporte coletivo por ônibus,Sem fonte encontrada,,2026-08-08,Busca retornou apenas informações sobre rodoviária/transporte intermunicipal ou localidades homônimas; sem confirmação confiável específica. Mantido dado original do MUNIC.
2104107,Fortaleza dos Nogueiras,MA,2 - Nordeste,12951,3 - 10001 até 20000,Não,Não,-,-,Não,Não possui transporte coletivo por ônibus,Sem fonte encontrada,,2026-08-08,Busca retornou apenas informações sobre rodoviária/transporte intermunicipal; sem confirmação confiável específica. Mantido dado original do MUNIC.
2104206,Fortuna,MA,2 - Nordeste,17346,3 - 10001 até 20000,Não,Não,-,-,Não,Não possui transporte coletivo por ônibus,Sem fonte encontrada,,2026-08-08,Busca retornou apenas informações sobre rodoviária/transporte intermunicipal/escolar; sem confirmação confiável específica de ônibus urbano. Mantido dado original do MUNIC.
2104305,Godofredo Viana,MA,2 - Nordeste,10422,3 - 10001 até 20000,Não,Sim,Não,-,Não,Só ônibus intermunicipal (sem circulação interna),Pendente,,,
2104404,Gonçalves Dias,MA,2 - Nordeste,17579,3 - 10001 até 20000,Não,Não,-,-,Não,Não possui transporte coletivo por ônibus,Sem fonte encontrada,,2026-08-08,Busca retornou apenas informações sobre rodoviária/transporte intermunicipal ou localidades homônimas; sem confirmação confiável específica. Mantido dado original do MUNIC.
2104503,Governador Archer,MA,2 - Nordeste,10472,3 - 10001 até 20000,Não,Sim,Sim,-,Sim,Possui ônibus local (via intermunicipal que circula internamente),Pendente,,,
2104552,Governador Edison Lobão,MA,2 - Nordeste,18908,3 - 10001 até 20000,Não,Não,-,-,Não,Não possui transporte coletivo por ônibus,Sem fonte encontrada,,2026-08-07,Apenas rodoviária intermunicipal; sem fonte específica sobre ônibus urbano. Mantido dado original do MUNIC.
2104602,Governador Eugênio Barros,MA,2 - Nordeste,14258,3 - 10001 até 20000,Não,Não,-,-,Não,Não possui transporte coletivo por ônibus,Sem fonte encontrada,,2026-08-08,Busca retornou apenas informações sobre rodoviária/transporte intermunicipal ou bairros homônimos; sem confirmação confiável específica. Mantido dado original do MUNIC.
2104628,Governador Luiz Rocha,MA,2 - Nordeste,7219,2 - 5001 até 10000,Sim,Não,-,Parcialmente adaptada,Sim,Possui ônibus urbano (intramunicipal),Pendente,,,
2104651,Governador Newton Bello,MA,2 - Nordeste,10981,3 - 10001 até 20000,Não,Não,-,-,Não,Não possui transporte coletivo por ônibus,Sem fonte encontrada,,2026-08-08,Busca retornou apenas informações sobre rodoviária/transporte intermunicipal/escolar; sem confirmação confiável específica de ônibus urbano. Mantido dado original do MUNIC.
2104677,Governador Nunes Freire,MA,2 - Nordeste,23563,4 - 20001 até 50000,Não,Não,-,-,Não,Não possui transporte coletivo por ônibus,Sem fonte encontrada,,2026-08-07,Busca retornou apenas informações sobre rodoviária/transporte intermunicipal; sem confirmação confiável específica. Mantido dado original do MUNIC.
2104701,Graça Aranha,MA,2 - Nordeste,6161,2 - 5001 até 10000,Não,Não,-,-,Não,Não possui transporte coletivo por ônibus,Sem fonte encontrada,Buscas retornaram apenas rodoviária intermunicipal (Graça Aranha-MA),2026-08-10,Nenhuma evidência específica de ônibus urbano intramunicipal encontrada
2104800,Grajaú,MA,2 - Nordeste,76578,5 - 50001 até 100000,Não,Não,-,-,Não,Não possui transporte coletivo por ônibus,Sem fonte encontrada,,2026-08-07,Apenas informações sobre rodoviária intermunicipal; sem fonte específica sobre sistema urbano. Mantido dado original do MUNIC.
2104909,Guimarães,MA,2 - Nordeste,10470,3 - 10001 até 20000,Não,Não,-,-,Não,Não possui transporte coletivo por ônibus,Sem fonte encontrada,,2026-08-08,Busca retornou apenas informações sobre rodoviária/transporte intermunicipal ou localidades homônimas (ex: Guimarães/Portugal); sem confirmação confiável específica. Mantido dado original do MUNIC.
2105005,Humberto de Campos,MA,2 - Nordeste,26546,4 - 20001 até 50000,Não,Sim,Não,-,Não,Só ônibus intermunicipal (sem circulação interna),Pendente,,,
2105104,Icatu,MA,2 - Nordeste,25332,4 - 20001 até 50000,Não,Sim,Não,-,Não,Só ônibus intermunicipal (sem circulação interna),Pendente,,,
2105153,Igarapé do Meio,MA,2 - Nordeste,14350,3 - 10001 até 20000,Não,Não,-,-,Não,Não possui transporte coletivo por ônibus,Sem fonte encontrada,,2026-08-08,Busca retornou apenas informações sobre rodoviária/transporte intermunicipal; sem confirmação confiável específica. Mantido dado original do MUNIC.
2105203,Igarapé Grande,MA,2 - Nordeste,10463,3 - 10001 até 20000,Não,Sim,Não,-,Não,Só ônibus intermunicipal (sem circulação interna),Pendente,,,
2105302,Imperatriz,MA,2 - Nordeste,285146,6 - 100001 até 500000,Sim,Sim,Sim,Parcialmente adaptada,Sim,Possui ônibus urbano (intramunicipal),Confirmado,Cidade de grande porte com sistema de transporte público municipal/metropolitano amplamente documentado (prefeitura/consórcio de transporte),2026-08-07,Município de grande população (>280 mil hab.) com sistema de ônibus consolidado e publicamente conhecido; dado do MUNIC 2024 já indicava 'Sim' corretamente.
2105351,Itaipava do Grajaú,MA,2 - Nordeste,14143,3 - 10001 até 20000,Não,Não,-,-,Não,Não possui transporte coletivo por ônibus,Sem fonte encontrada,,2026-08-08,Busca retornou apenas informações sobre rodoviária/transporte intermunicipal ou texto genérico de baixa confiabilidade; sem confirmação confiável específica. Mantido dado original do MUNIC.
2105401,Itapecuru Mirim,MA,2 - Nordeste,62269,5 - 50001 até 100000,Não,Não,-,-,Não,Não possui transporte coletivo por ônibus,Sem fonte encontrada,,2026-08-07,Busca retornou apenas informações sobre rodoviária/transporte intermunicipal; sem fonte confiável específica sobre transporte urbano por ônibus. Mantido dado original do MUNIC.
2105427,Itinga do Maranhão,MA,2 - Nordeste,22934,4 - 20001 até 50000,Não,Não,-,-,Não,Não possui transporte coletivo por ônibus,Sem fonte encontrada,,2026-08-07,Busca retornou apenas informações sobre rodoviária/transporte intermunicipal; sem confirmação confiável específica. Mantido dado original do MUNIC.
2105450,Jatobá,MA,2 - Nordeste,7610,2 - 5001 até 10000,Não,Não,-,-,Não,Não possui transporte coletivo por ônibus,Sem fonte encontrada,"Resultados majoritariamente confundidos com bairros Jatobá em BH/Vitória da Conquista, nada específico sobre Jatobá-MA",2026-08-10,"Confusão com bairros homônimos em outros municípios, sem evidência válida"
2105476,Jenipapo dos Vieiras,MA,2 - Nordeste,17499,3 - 10001 até 20000,Não,Não,-,-,Não,Não possui transporte coletivo por ônibus,Sem fonte encontrada,,2026-08-08,Busca retornou apenas informações sobre rodoviária/transporte intermunicipal/escolar; sem confirmação confiável específica de ônibus urbano. Mantido dado original do MUNIC.
2105500,João Lisboa,MA,2 - Nordeste,25287,4 - 20001 até 50000,Sim,Sim,Sim,Parcialmente adaptada,Sim,Possui ônibus urbano (intramunicipal),Pendente,,,
2105609,Joselândia,MA,2 - Nordeste,15235,3 - 10001 até 20000,Não,Não,-,-,Não,Não possui transporte coletivo por ônibus,Sem fonte encontrada,,2026-08-08,Busca retornou apenas informações sobre rodoviária/transporte intermunicipal; sem confirmação confiável específica de ônibus urbano. Mantido dado original do MUNIC.
2105658,Junco do Maranhão,MA,2 - Nordeste,5275,2 - 5001 até 10000,Não,Não,-,-,Não,Não possui transporte coletivo por ônibus,Sem fonte encontrada,Buscas retornaram apenas rodoviária/transporte intermunicipal (Junco do Maranhão-MA),2026-08-11,Nenhuma evidência específica de ônibus urbano intramunicipal encontrada
2105708,Lago da Pedra,MA,2 - Nordeste,45875,4 - 20001 até 50000,Não,Sim,Não,-,Não,Só ônibus intermunicipal (sem circulação interna),Pendente,,,
2105807,Lago do Junco,MA,2 - Nordeste,9700,2 - 5001 até 10000,Não,Não,-,-,Não,Não possui transporte coletivo por ônibus,Sem fonte encontrada,Buscas retornaram apenas rodoviária/passagens intermunicipais (Lago do Junco-MA),2026-08-08,Nenhuma evidência específica de ônibus urbano intramunicipal encontrada
2105906,Lago Verde,MA,2 - Nordeste,15077,3 - 10001 até 20000,Não,Não,-,-,Não,Não possui transporte coletivo por ônibus,Sem fonte encontrada,,2026-08-08,Busca retornou apenas informações sobre rodoviária/transporte intermunicipal; sem confirmação confiável específica de ônibus urbano. Mantido dado original do MUNIC.
2105922,Lagoa do Mato,MA,2 - Nordeste,10809,3 - 10001 até 20000,Não,Não,-,-,Não,Não possui transporte coletivo por ônibus,Sem fonte encontrada,,2026-08-08,Busca retornou apenas informações sobre rodoviária/transporte intermunicipal; sem confirmação confiável específica de ônibus urbano. Mantido dado original do MUNIC.
2105948,Lago dos Rodrigues,MA,2 - Nordeste,8961,2 - 5001 até 10000,Não,Sim,Não,-,Não,Só ônibus intermunicipal (sem circulação interna),Pendente,,,
2105963,Lagoa Grande do Maranhão,MA,2 - Nordeste,11710,3 - 10001 até 20000,Não,Não,-,-,Não,Não possui transporte coletivo por ônibus,Sem fonte encontrada,,2026-08-08,Apenas empresas intermunicipais; sem fonte específica sobre ônibus urbano interno. Mantido dado original do MUNIC.
2105989,Lajeado Novo,MA,2 - Nordeste,7227,2 - 5001 até 10000,Não,Não,-,-,Não,Não possui transporte coletivo por ônibus,Sem fonte encontrada,"Resultados majoritariamente sobre Lajeado-RS (homônimo), único documento específico trata de transporte escolar, não urbano (Lajeado Novo-MA)",2026-08-10,"Confusão com Lajeado-RS; evidência disponível refere-se a transporte escolar, não coletivo urbano"
2106003,Lima Campos,MA,2 - Nordeste,11558,3 - 10001 até 20000,Não,Não,-,-,Não,Não possui transporte coletivo por ônibus,Sem fonte encontrada,,2026-08-08,Busca retornou apenas informações sobre rodoviária/transporte intermunicipal; sem confirmação confiável específica de ônibus urbano. Mantido dado original do MUNIC.
2106102,Loreto,MA,2 - Nordeste,11876,3 - 10001 até 20000,Não,Não,-,-,Não,Não possui transporte coletivo por ônibus,Sem fonte encontrada,,2026-08-08,Busca retornou apenas informações sobre rodoviária/transporte intermunicipal/escolar; sem confirmação confiável específica de ônibus urbano. Mantido dado original do MUNIC.
2106201,Luís Domingues,MA,2 - Nordeste,7351,2 - 5001 até 10000,Não,Sim,Não,-,Não,Só ônibus intermunicipal (sem circulação interna),Pendente,,,
2106300,Magalhães de Almeida,MA,2 - Nordeste,14001,3 - 10001 até 20000,Não,Sim,Sim,-,Sim,Possui ônibus local (via intermunicipal que circula internamente),Pendente,,,
2106326,Maracaçumé,MA,2 - Nordeste,21686,4 - 20001 até 50000,Não,Não,-,-,Não,Não possui transporte coletivo por ônibus,Sem fonte encontrada,,2026-08-07,Busca retornou apenas informações sobre rodoviária/transporte intermunicipal; sem confirmação confiável específica. Mantido dado original do MUNIC.
2106359,Marajá do Sena,MA,2 - Nordeste,7165,2 - 5001 até 10000,Não,Não,-,-,Não,Não possui transporte coletivo por ônibus,Sem fonte encontrada,Fonte indica que transporte urbano coletivo não é predominante no perímetro urbano (Marajá do Sena-MA),2026-08-10,"Evidência sugere ausência de ônibus urbano regular, mas não é fonte formal/específica suficiente para Confirmado"
2106375,Maranhãozinho,MA,2 - Nordeste,14086,3 - 10001 até 20000,Não,Não,-,-,Não,Não possui transporte coletivo por ônibus,Sem fonte encontrada,,2026-08-08,Busca retornou apenas informações sobre rodoviária/transporte intermunicipal ou localidades homônimas; sem confirmação confiável específica. Mantido dado original do MUNIC.
2106409,Mata Roma,MA,2 - Nordeste,17537,3 - 10001 até 20000,Não,Não,-,-,Não,Não possui transporte coletivo por ônibus,Sem fonte encontrada,,2026-08-08,Busca retornou apenas informações sobre rodoviária/transporte intermunicipal ou localidades homônimas; sem confirmação confiável específica. Mantido dado original do MUNIC.
2106508,Matinha,MA,2 - Nordeste,22530,4 - 20001 até 50000,Não,Não,-,-,Não,Não possui transporte coletivo por ônibus,Sem fonte encontrada,,2026-08-07,Busca retornou apenas informações sobre rodoviária/transporte intermunicipal; sem confirmação confiável específica. Mantido dado original do MUNIC.
2106607,Matões,MA,2 - Nordeste,33300,4 - 20001 até 50000,Não,Sim,Não,-,Não,Só ônibus intermunicipal (sem circulação interna),Pendente,,,
2106631,Matões do Norte,MA,2 - Nordeste,17945,3 - 10001 até 20000,Não,Sim,Não,-,Não,Só ônibus intermunicipal (sem circulação interna),Pendente,,,
2106672,Milagres do Maranhão,MA,2 - Nordeste,9048,2 - 5001 até 10000,Não,Não,-,-,Não,Não possui transporte coletivo por ônibus,Sem fonte encontrada,"Buscas retornaram apenas dados gerais do estado e transporte de São Luís, nada específico (Milagres do Maranhão-MA)",2026-08-08,Nenhuma evidência específica sobre o município encontrada
2106706,Mirador,MA,2 - Nordeste,21518,4 - 20001 até 50000,Não,Sim,Não,-,Não,Só ônibus intermunicipal (sem circulação interna),Pendente,,,
2106755,Miranda do Norte,MA,2 - Nordeste,24377,4 - 20001 até 50000,Não,Não,-,-,Não,Não possui transporte coletivo por ônibus,Sem fonte encontrada,,2026-08-07,Busca retornou apenas informações sobre rodoviária/transporte intermunicipal; sem confirmação confiável específica. Mantido dado original do MUNIC.
2106805,Mirinzal,MA,2 - Nordeste,14297,3 - 10001 até 20000,Sim,Não,-,Parcialmente adaptada,Sim,Possui ônibus urbano (intramunicipal),Pendente,,,
2106904,Monção,MA,2 - Nordeste,28606,4 - 20001 até 50000,Sim,Sim,Não,Parcialmente adaptada,Sim,Possui ônibus urbano (intramunicipal),Pendente,,,
2107001,Montes Altos,MA,2 - Nordeste,9309,2 - 5001 até 10000,Não,Sim,Não,-,Não,Só ônibus intermunicipal (sem circulação interna),Pendente,,,
2107100,Morros,MA,2 - Nordeste,18994,3 - 10001 até 20000,Não,Sim,Não,-,Não,Só ônibus intermunicipal (sem circulação interna),Pendente,,,
2107209,Nina Rodrigues,MA,2 - Nordeste,14551,3 - 10001 até 20000,Não,Não,-,-,Não,Não possui transporte coletivo por ônibus,Sem fonte encontrada,,2026-08-08,Nenhuma fonte específica encontrada sobre transporte urbano em Nina Rodrigues. Mantido dado original do MUNIC.
2107258,Nova Colinas,MA,2 - Nordeste,5144,2 - 5001 até 10000,Não,Não,-,-,Não,Não possui transporte coletivo por ônibus,Sem fonte encontrada,Nenhuma informação específica sobre ônibus urbano em Nova Colinas-MA,2026-08-11,Nenhuma evidência específica encontrada
2107308,Nova Iorque,MA,2 - Nordeste,4412,1 - Até 5000,Não,Não,-,-,Não,Não possui transporte coletivo por ônibus,Pendente,,,
2107357,Nova Olinda do Maranhão,MA,2 - Nordeste,14468,3 - 10001 até 20000,Não,Sim,Não,-,Não,Só ônibus intermunicipal (sem circulação interna),Pendente,,,
2107407,Olho dÁgua das Cunhãs,MA,2 - Nordeste,18295,3 - 10001 até 20000,Não,Não,-,-,Não,Não possui transporte coletivo por ônibus,Sem fonte encontrada,,2026-08-08,Busca retornou apenas informações sobre rodoviária/transporte intermunicipal/escolar; sem confirmação confiável específica de ônibus urbano. Mantido dado original do MUNIC.
2107456,Olinda Nova do Maranhão,MA,2 - Nordeste,13909,3 - 10001 até 20000,Não,Não,-,-,Não,Não possui transporte coletivo por ônibus,Sem fonte encontrada,,2026-08-08,Apenas rodoviária intermunicipal; sem fonte específica sobre ônibus urbano interno. Mantido dado original do MUNIC.
2107506,Paço do Lumiar,MA,2 - Nordeste,152306,6 - 100001 até 500000,Não,Sim,Sim,-,Sim,Possui ônibus local (via intermunicipal que circula internamente),Pendente,,,
2107605,Palmeirândia,MA,2 - Nordeste,21606,4 - 20001 até 50000,Não,Não,-,-,Não,Não possui transporte coletivo por ônibus,Sem fonte encontrada,,2026-08-07,Nenhuma fonte específica encontrada sobre transporte urbano em Palmeirândia. Mantido dado original do MUNIC.
2107704,Paraibano,MA,2 - Nordeste,18619,3 - 10001 até 20000,Não,Não,-,-,Não,Não possui transporte coletivo por ônibus,Sem fonte encontrada,,2026-08-08,Busca retornou apenas informações sobre rodoviária/transporte intermunicipal/escolar; sem confirmação confiável específica de ônibus urbano. Mantido dado original do MUNIC.
2107803,Parnarama,MA,2 - Nordeste,32256,4 - 20001 até 50000,Não,Sim,Não,-,Não,Só ônibus intermunicipal (sem circulação interna),Pendente,,,
2107902,Passagem Franca,MA,2 - Nordeste,17592,3 - 10001 até 20000,Não,Sim,Não,-,Não,Só ônibus intermunicipal (sem circulação interna),Pendente,,,
2108009,Pastos Bons,MA,2 - Nordeste,19246,3 - 10001 até 20000,Não,Sim,Não,-,Não,Só ônibus intermunicipal (sem circulação interna),Pendente,,,
2108058,Paulino Neves,MA,2 - Nordeste,17523,3 - 10001 até 20000,Não,Sim,Não,-,Não,Só ônibus intermunicipal (sem circulação interna),Pendente,,,
2108108,Paulo Ramos,MA,2 - Nordeste,20792,4 - 20001 até 50000,Não,Não,-,-,Não,Não possui transporte coletivo por ônibus,Sem fonte encontrada,,2026-08-08,Busca retornou apenas informações sobre rodoviária/transporte intermunicipal ou localidades homônimas; sem confirmação confiável específica. Mantido dado original do MUNIC.
2108207,Pedreiras,MA,2 - Nordeste,38267,4 - 20001 até 50000,Não,Sim,Sim,-,Sim,Possui ônibus local (via intermunicipal que circula internamente),Pendente,,,
2108256,Pedro do Rosário,MA,2 - Nordeste,24917,4 - 20001 até 50000,Não,Sim,Sim,-,Sim,Possui ônibus local (via intermunicipal que circula internamente),Pendente,,,
2108306,Penalva,MA,2 - Nordeste,33534,4 - 20001 até 50000,Não,Não,-,-,Não,Não possui transporte coletivo por ônibus,Sem fonte encontrada,,2026-08-07,Busca retornou apenas informações sobre rodoviária/transporte intermunicipal ou localidades homônimas; sem confirmação confiável específica. Mantido dado original do MUNIC.
2108405,Peri Mirim,MA,2 - Nordeste,11277,3 - 10001 até 20000,Não,Não,-,-,Não,Não possui transporte coletivo por ônibus,Sem fonte encontrada,,2026-08-08,Busca retornou apenas informações sobre rodoviária/transporte intermunicipal; sem confirmação confiável específica de ônibus urbano. Mantido dado original do MUNIC.
2108454,Peritoró,MA,2 - Nordeste,20910,4 - 20001 até 50000,Não,Não,-,-,Não,Não possui transporte coletivo por ônibus,Sem fonte encontrada,,2026-08-07,Apenas rodoviária intermunicipal; sem fonte específica sobre ônibus urbano. Mantido dado original do MUNIC.
2108504,Pindaré-Mirim,MA,2 - Nordeste,32521,4 - 20001 até 50000,Sim,Sim,Não,Sem adaptação,Sim,Possui ônibus urbano (intramunicipal),Pendente,,,
2108603,Pinheiro,MA,2 - Nordeste,87919,5 - 50001 até 100000,Não,Não,-,-,Não,Não possui transporte coletivo por ônibus,Confirmado,Notícias locais sobre retomada do transporte coletivo em Pinheiro/MA (maio/2025),2026-08-07,"Serviço de ônibus urbano (Expresso Pinheirense) encerrou atividades em 2022; frota nova entregue em 07/05/2025, retomando o transporte coletivo. O 'Não' do MUNIC 2024 provavelmente refletia corretamente o período sem serviço (2022-2025), mas está desatualizado a partir de mai/2025."
2108702,Pio XII,MA,2 - Nordeste,22369,4 - 20001 até 50000,Sim,Sim,Não,Sem adaptação,Sim,Possui ônibus urbano (intramunicipal),Pendente,,,
2108801,Pirapemas,MA,2 - Nordeste,18120,3 - 10001 até 20000,Não,Sim,Sim,-,Sim,Possui ônibus local (via intermunicipal que circula internamente),Pendente,,,
2108900,Poção de Pedras,MA,2 - Nordeste,17444,3 - 10001 até 20000,Sim,Sim,Sim,Sem adaptação,Sim,Possui ônibus urbano (intramunicipal),Pendente,,,
2109007,Porto Franco,MA,2 - Nordeste,24517,4 - 20001 até 50000,Sim,Sim,Não,Parcialmente adaptada,Sim,Possui ônibus urbano (intramunicipal),Pendente,,,
2109056,Porto Rico do Maranhão,MA,2 - Nordeste,6091,2 - 5001 até 10000,Não,Não,-,-,Não,Não possui transporte coletivo por ônibus,Sem fonte encontrada,"'Viação Porto Rico' é empresa intermunicipal sediada em Timon-MA, não linha urbana de Porto Rico do Maranhão-MA",2026-08-10,Nenhuma evidência específica de ônibus urbano intramunicipal encontrada
2109106,Presidente Dutra,MA,2 - Nordeste,46578,4 - 20001 até 50000,Não,Não,-,-,Não,Não possui transporte coletivo por ônibus,Sem fonte encontrada,,2026-08-07,Busca retornou apenas informações sobre rodoviária/transporte intermunicipal; sem fonte confiável específica sobre transporte urbano por ônibus. Mantido dado original do MUNIC.
2109205,Presidente Juscelino,MA,2 - Nordeste,11616,3 - 10001 até 20000,Não,Sim,Não,-,Não,Só ônibus intermunicipal (sem circulação interna),Pendente,,,
2109239,Presidente Médici,MA,2 - Nordeste,4748,1 - Até 5000,Não,Não,-,-,Não,Não possui transporte coletivo por ônibus,Sem fonte encontrada,Buscas retornaram apenas dados gerais do estado e transporte de São Luís (Presidente Médici-MA),2026-08-13,Nenhuma evidência específica de ônibus urbano intramunicipal encontrada
2109270,Presidente Sarney,MA,2 - Nordeste,17913,3 - 10001 até 20000,Não,Não,-,-,Não,Não possui transporte coletivo por ônibus,Sem fonte encontrada,,2026-08-08,Busca retornou apenas informações sobre rodoviária/transporte intermunicipal ou localidades homônimas; sem confirmação confiável específica. Mantido dado original do MUNIC.
2109304,Presidente Vargas,MA,2 - Nordeste,10791,3 - 10001 até 20000,Não,Não,-,-,Não,Não possui transporte coletivo por ônibus,Sem fonte encontrada,,2026-08-08,Busca retornou apenas informações sobre rodoviária/transporte intermunicipal; sem confirmação confiável específica de ônibus urbano. Mantido dado original do MUNIC.
2109403,Primeira Cruz,MA,2 - Nordeste,13922,3 - 10001 até 20000,Não informou,Não informou,Não informou,Não informou,Sem info,Sem informação (recusa/não informou),Pendente,,,
2109452,Raposa,MA,2 - Nordeste,32054,4 - 20001 até 50000,Sim,Sim,Sim,Sem adaptação,Sim,Possui ônibus urbano (intramunicipal),Pendente,,,
2109502,Riachão,MA,2 - Nordeste,22699,4 - 20001 até 50000,Não,Sim,Não,-,Não,Só ônibus intermunicipal (sem circulação interna),Pendente,,,
2109551,Ribamar Fiquene,MA,2 - Nordeste,7597,2 - 5001 até 10000,Não,Não,-,-,Não,Não possui transporte coletivo por ônibus,Sem fonte encontrada,"Fonte acadêmica trata da Ilha de São Luís (São Luís/São José de Ribamar/Raposa/Paço do Lumiar), não especificamente de Ribamar Fiquene-MA",2026-08-10,Evidência não é específica ao município Ribamar Fiquene
2109601,Rosário,MA,2 - Nordeste,39763,4 - 20001 até 50000,Não,Sim,Sim,-,Sim,Possui ônibus local (via intermunicipal que circula internamente),Pendente,,,
2109700,Sambaíba,MA,2 - Nordeste,5701,2 - 5001 até 10000,Não,Não,-,-,Não,Não possui transporte coletivo por ônibus,Sem fonte encontrada,"'Sambaíba Transportes Urbanos' é empresa de São Paulo capital, não relacionada ao município Sambaíba-MA (homônimo)",2026-08-11,Confusão com empresa homônima de São Paulo
2109759,Santa Filomena do Maranhão,MA,2 - Nordeste,6839,2 - 5001 até 10000,Não,Não,-,-,Não,Não possui transporte coletivo por ônibus,Sem fonte encontrada,Buscas retornaram apenas rodoviária intermunicipal (Santa Filomena do Maranhão-MA),2026-08-10,Nenhuma evidência específica de ônibus urbano intramunicipal encontrada
2109809,Santa Helena,MA,2 - Nordeste,43112,4 - 20001 até 50000,Não,Sim,Sim,-,Sim,Possui ônibus local (via intermunicipal que circula internamente),Pendente,,,
2109908,Santa Inês,MA,2 - Nordeste,88167,5 - 50001 até 100000,Não,Sim,Sim,-,Sim,Possui ônibus local (via intermunicipal que circula internamente),Pendente,,,
2110005,Santa Luzia,MA,2 - Nordeste,59037,5 - 50001 até 100000,Não,Sim,Não,-,Não,Só ônibus intermunicipal (sem circulação interna),Pendente,,,
2110039,Santa Luzia do Paruá,MA,2 - Nordeste,24870,4 - 20001 até 50000,Não,Não,-,-,Não,Não possui transporte coletivo por ônibus,Sem fonte encontrada,,2026-08-07,Busca retornou apenas informações sobre rodoviária/transporte intermunicipal; sem confirmação confiável específica. Mantido dado original do MUNIC.
2110104,Santa Quitéria do Maranhão,MA,2 - Nordeste,24489,4 - 20001 até 50000,Sim,Sim,Sim,Totalmente adaptada,Sim,Possui ônibus urbano (intramunicipal),Pendente,,,
2110203,Santa Rita,MA,2 - Nordeste,38446,4 - 20001 até 50000,Não,Sim,Sim,-,Sim,Possui ônibus local (via intermunicipal que circula internamente),Pendente,,,
2110237,Santana do Maranhão,MA,2 - Nordeste,10777,3 - 10001 até 20000,Não,Sim,Sim,-,Sim,Possui ônibus local (via intermunicipal que circula internamente),Pendente,,,
2110278,Santo Amaro do Maranhão,MA,2 - Nordeste,14280,3 - 10001 até 20000,Não,Não,-,-,Não,Não possui transporte coletivo por ônibus,Sem fonte encontrada,,2026-08-08,Busca retornou apenas informações sobre rodoviária/transporte intermunicipal ou bairros homônimos; sem confirmação confiável específica. Mantido dado original do MUNIC.
2110302,Santo Antônio dos Lopes,MA,2 - Nordeste,14623,3 - 10001 até 20000,Não,Não,-,-,Não,Não possui transporte coletivo por ônibus,Sem fonte encontrada,,2026-08-08,Busca retornou apenas informações sobre rodoviária/transporte intermunicipal; sem confirmação confiável específica de ônibus urbano. Mantido dado original do MUNIC.
2110401,São Benedito do Rio Preto,MA,2 - Nordeste,18793,3 - 10001 até 20000,Não,Não,-,-,Não,Não possui transporte coletivo por ônibus,Sem fonte encontrada,,2026-08-08,Busca retornou apenas informações sobre rodoviária/transporte intermunicipal/escolar; sem confirmação confiável específica de ônibus urbano. Mantido dado original do MUNIC.
2110500,São Bento,MA,2 - Nordeste,48036,4 - 20001 até 50000,Não,Não,-,-,Não,Não possui transporte coletivo por ônibus,Sem fonte encontrada,,2026-08-07,"Resultados de busca confundidos com outras cidades homônimas (São Bento do Sul/SC, Bento Gonçalves/RS); sem fonte específica sobre São Bento/MA. Mantido dado original do MUNIC."
2110609,São Bernardo,MA,2 - Nordeste,27887,4 - 20001 até 50000,Não,Sim,Sim,-,Sim,Possui ônibus local (via intermunicipal que circula internamente),Pendente,,,
2110658,São Domingos do Azeitão,MA,2 - Nordeste,8213,2 - 5001 até 10000,Não,Sim,Não,-,Não,Só ônibus intermunicipal (sem circulação interna),Pendente,,,
2110708,São Domingos do Maranhão,MA,2 - Nordeste,35221,4 - 20001 até 50000,Não,Não,-,-,Não,Não possui transporte coletivo por ônibus,Sem fonte encontrada,,2026-08-07,Busca retornou apenas informações sobre rodoviária/transporte intermunicipal ou localidades homônimas; sem confirmação confiável específica. Mantido dado original do MUNIC.
2110807,São Félix de Balsas,MA,2 - Nordeste,4495,1 - Até 5000,Não,Não,-,-,Não,Não possui transporte coletivo por ônibus,Pendente,,,
2110856,São Francisco do Brejão,MA,2 - Nordeste,9222,2 - 5001 até 10000,Não,Não,-,-,Não,Não possui transporte coletivo por ônibus,Sem fonte encontrada,Buscas retornaram apenas rodoviária intermunicipal (São Francisco do Brejão-MA),2026-08-08,Nenhuma evidência específica de ônibus urbano intramunicipal encontrada
2110906,São Francisco do Maranhão,MA,2 - Nordeste,12353,3 - 10001 até 20000,Não,Não,-,-,Não,Não possui transporte coletivo por ônibus,Sem fonte encontrada,,2026-08-08,"Resultados confundidos com localidades homônimas (São Francisco do Conde/BA, São Francisco do Sul/SC); sem fonte específica. Mantido dado original do MUNIC."
2111003,São João Batista,MA,2 - Nordeste,18909,3 - 10001 até 20000,Não,Sim,Sim,-,Sim,Possui ônibus local (via intermunicipal que circula internamente),Pendente,,,
2111029,São João do Carú,MA,2 - Nordeste,12421,3 - 10001 até 20000,Não,Não,-,-,Não,Não possui transporte coletivo por ônibus,Sem fonte encontrada,,2026-08-08,Busca retornou apenas informações sobre rodoviária/transporte intermunicipal; sem confirmação confiável específica. Mantido dado original do MUNIC.
2111052,São João do Paraíso,MA,2 - Nordeste,10105,3 - 10001 até 20000,Não,Sim,Sim,-,Sim,Possui ônibus local (via intermunicipal que circula internamente),Pendente,,,
2111078,São João do Soter,MA,2 - Nordeste,17254,3 - 10001 até 20000,Não,Não,-,-,Não,Não possui transporte coletivo por ônibus,Sem fonte encontrada,,2026-08-08,Busca retornou apenas informações sobre rodoviária/transporte intermunicipal/fretamento ou bairros homônimos; sem confirmação confiável específica. Mantido dado original do MUNIC.
2111102,São João dos Patos,MA,2 - Nordeste,25891,4 - 20001 até 50000,Não,Sim,Não,-,Não,Só ônibus intermunicipal (sem circulação interna),Pendente,,,
2111201,São José de Ribamar,MA,2 - Nordeste,257414,6 - 100001 até 500000,Sim,Não,-,-,Sim,Possui ônibus urbano (intramunicipal),Corrigido,https://moovitapp.com/index/en/public_transit-S%C3%A3o_Jos%C3%A9_De_Ribamar-Sao_Luis-city_83694-4043,2026-08-07,"MUNIC 2024 registrou 'Não'. São José de Ribamar (Grande São Luís) é servida por linhas urbanas (Transporte Marina Ltda, sistema SMTT/Cisne Branco integrado à capital)."
2111250,São José dos Basílios,MA,2 - Nordeste,7102,2 - 5001 até 10000,Não,Não,-,-,Não,Não possui transporte coletivo por ônibus,Sem fonte encontrada,"Resultados majoritariamente confundidos com São José em outros estados (SC/PR/SP), nada específico sobre São José dos Basílios-MA",2026-08-10,"Confusão com municípios homônimos, sem evidência válida"
2111300,São Luís,MA,2 - Nordeste,1088057,7 - Maior que 500000,Sim,Sim,Sim,Totalmente adaptada,Sim,Possui ônibus urbano (intramunicipal),Confirmado,Sistema de transporte público municipal amplamente documentado (site da prefeitura/empresa de transporte municipal),2026-08-07,Capital estadual com sistema de ônibus urbano consolidado e publicamente conhecido; dado do MUNIC 2024 já indicava 'Sim' corretamente.
2111409,São Luís Gonzaga do Maranhão,MA,2 - Nordeste,18153,3 - 10001 até 20000,Não,Não,-,-,Não,Não possui transporte coletivo por ônibus,Sem fonte encontrada,,2026-08-08,Busca retornou apenas informações sobre rodoviária/transporte intermunicipal ou localidades homônimas; sem confirmação confiável específica. Mantido dado original do MUNIC.
2111508,São Mateus do Maranhão,MA,2 - Nordeste,40160,4 - 20001 até 50000,Não,Não,-,-,Não,Não possui transporte coletivo por ônibus,Sem fonte encontrada,,2026-08-07,Texto genérico/padronizado (mesmo padrão repetido em outras cidades) sem confirmação confiável específica. Mantido dado original do MUNIC.
2111532,São Pedro da Água Branca,MA,2 - Nordeste,14736,3 - 10001 até 20000,Não,Não,-,-,Não,Não possui transporte coletivo por ônibus,Sem fonte encontrada,,2026-08-08,Busca retornou apenas informações sobre rodoviária/transporte intermunicipal; sem confirmação confiável específica de ônibus urbano. Mantido dado original do MUNIC.
2111573,São Pedro dos Crentes,MA,2 - Nordeste,5965,2 - 5001 até 10000,Não,Não,-,-,Não,Não possui transporte coletivo por ônibus,Sem fonte encontrada,Nenhuma informação específica sobre ônibus urbano em São Pedro dos Crentes-MA,2026-08-10,Nenhuma evidência específica encontrada
2111607,São Raimundo das Mangabeiras,MA,2 - Nordeste,19129,3 - 10001 até 20000,Sim,Sim,Sim,Parcialmente adaptada,Sim,Possui ônibus urbano (intramunicipal),Pendente,,,
2111631,São Raimundo do Doca Bezerra,MA,2 - Nordeste,5767,2 - 5001 até 10000,Não,Sim,Não,-,Não,Só ônibus intermunicipal (sem circulação interna),Pendente,,,
2111672,São Roberto,MA,2 - Nordeste,4602,1 - Até 5000,Não,Não,-,-,Não,Não possui transporte coletivo por ônibus,Sem fonte encontrada,Nenhuma informação específica sobre ônibus urbano em São Roberto-MA,2026-08-13,Nenhuma evidência específica encontrada
2111706,São Vicente Ferrer,MA,2 - Nordeste,19885,3 - 10001 até 20000,Não,Sim,Não,-,Não,Só ônibus intermunicipal (sem circulação interna),Pendente,,,
2111722,Satubinha,MA,2 - Nordeste,8880,2 - 5001 até 10000,Sim,Sim,Sim,Parcialmente adaptada,Sim,Possui ônibus urbano (intramunicipal),Pendente,,,
2111748,Senador Alexandre Costa,MA,2 - Nordeste,10445,3 - 10001 até 20000,Não,Não,-,-,Não,Não possui transporte coletivo por ônibus,Sem fonte encontrada,Buscas retornaram apenas rodoviária intermunicipal (Senador Alexandre Costa-MA),2026-08-08,Nenhuma evidência específica de ônibus urbano intramunicipal encontrada
2111763,Senador La Rocque,MA,2 - Nordeste,15035,3 - 10001 até 20000,Não,Sim,Sim,-,Sim,Possui ônibus local (via intermunicipal que circula internamente),Pendente,,,
2111789,Serrano do Maranhão,MA,2 - Nordeste,10461,3 - 10001 até 20000,Não,Não,-,-,Não,Não possui transporte coletivo por ônibus,Sem fonte encontrada,Buscas retornaram apenas texto genérico sobre táxi/mototáxi (Serrano do Maranhão-MA),2026-08-08,"Texto padronizado/genérico, sem menção confiável a ônibus urbano"
2111805,Sítio Novo,MA,2 - Nordeste,17457,3 - 10001 até 20000,Não,Não,-,-,Não,Não possui transporte coletivo por ônibus,Sem fonte encontrada,,2026-08-08,Busca retornou apenas informações sobre rodoviária/transporte intermunicipal ou localidades homônimas; sem confirmação confiável específica. Mantido dado original do MUNIC.
2111904,Sucupira do Norte,MA,2 - Nordeste,10471,3 - 10001 até 20000,Não,Sim,Não,-,Não,Só ônibus intermunicipal (sem circulação interna),Pendente,,,
2111953,Sucupira do Riachão,MA,2 - Nordeste,5088,2 - 5001 até 10000,Não,Não,-,-,Não,Não possui transporte coletivo por ônibus,Sem fonte encontrada,Nenhuma informação específica sobre ônibus urbano em Sucupira do Riachão-MA,2026-08-11,Nenhuma evidência específica encontrada
2112001,Tasso Fragoso,MA,2 - Nordeste,9106,2 - 5001 até 10000,Não,Sim,Sim,-,Sim,Possui ônibus local (via intermunicipal que circula internamente),Pendente,,,
2112100,Timbiras,MA,2 - Nordeste,27344,4 - 20001 até 50000,Não,Sim,Não,-,Não,Só ônibus intermunicipal (sem circulação interna),Pendente,,,
2112209,Timon,MA,2 - Nordeste,182241,6 - 100001 até 500000,Sim,Sim,Sim,Parcialmente adaptada,Sim,Possui ônibus urbano (intramunicipal),Pendente,,,
2112233,Trizidela do Vale,MA,2 - Nordeste,23052,4 - 20001 até 50000,Sim,Sim,Não,Sem adaptação,Sim,Possui ônibus urbano (intramunicipal),Pendente,,,
2112274,Tufilândia,MA,2 - Nordeste,5633,2 - 5001 até 10000,Não,Não,-,-,Não,Não possui transporte coletivo por ônibus,Sem fonte encontrada,Nenhuma informação específica sobre ônibus urbano em Tufilândia-MA,2026-08-11,Nenhuma evidência específica encontrada
2112308,Tuntum,MA,2 - Nordeste,37401,4 - 20001 até 50000,Não,Sim,Não,-,Não,Só ônibus intermunicipal (sem circulação interna),Pendente,,,
2112407,Turiaçu,MA,2 - Nordeste,38905,4 - 20001 até 50000,Não,Não,-,-,Não,Não possui transporte coletivo por ônibus,Sem fonte encontrada,,2026-08-07,Apenas rodoviária/viações intermunicipais; sem fonte específica sobre ônibus urbano. Mantido dado original do MUNIC.
2112456,Turilândia,MA,2 - Nordeste,33032,4 - 20001 até 50000,Não,Não,-,-,Não,Não possui transporte coletivo por ônibus,Sem fonte encontrada,,2026-08-07,Busca retornou apenas informações sobre rodoviária/transporte intermunicipal; sem confirmação confiável específica. Mantido dado original do MUNIC.
2112506,Tutóia,MA,2 - Nordeste,55041,5 - 50001 até 100000,Não,Sim,Sim,-,Sim,Possui ônibus local (via intermunicipal que circula internamente),Pendente,,,
2112605,Urbano Santos,MA,2 - Nordeste,34060,4 - 20001 até 50000,Não,Não,-,-,Não,Não possui transporte coletivo por ônibus,Sem fonte encontrada,,2026-08-07,Apenas rodoviária intermunicipal; sem fonte específica sobre ônibus urbano. Mantido dado original do MUNIC.
2112704,Vargem Grande,MA,2 - Nordeste,44540,4 - 20001 até 50000,Não,Não,-,-,Não,Não possui transporte coletivo por ônibus,Sem fonte encontrada,,2026-08-07,Busca retornou apenas informações sobre rodoviária/transporte intermunicipal; sem fonte confiável específica sobre transporte urbano por ônibus. Mantido dado original do MUNIC.
2112803,Viana,MA,2 - Nordeste,53115,5 - 50001 até 100000,Não,Sim,Não,-,Não,Só ônibus intermunicipal (sem circulação interna),Pendente,,,
2112852,Vila Nova dos Martírios,MA,2 - Nordeste,10575,3 - 10001 até 20000,Não,Não,-,-,Não,Não possui transporte coletivo por ônibus,Sem fonte encontrada,,2026-08-08,Busca retornou apenas informações sobre rodoviária/transporte intermunicipal ou localidades homônimas (ex: Guimarães/Portugal); sem confirmação confiável específica. Mantido dado original do MUNIC.
2112902,Vitória do Mearim,MA,2 - Nordeste,31851,4 - 20001 até 50000,Não,Não,-,-,Não,Não possui transporte coletivo por ônibus,Sem fonte encontrada,,2026-08-07,Busca retornou apenas informações sobre rodoviária/transporte intermunicipal ou localidades homônimas; sem confirmação confiável específica. Mantido dado original do MUNIC.
2113009,Vitorino Freire,MA,2 - Nordeste,31906,4 - 20001 até 50000,Não,Sim,Não,-,Não,Só ônibus intermunicipal (sem circulação interna),Pendente,,,
2114007,Zé Doca,MA,2 - Nordeste,41943,4 - 20001 até 50000,Sim,Sim,Não,Parcialmente adaptada,Sim,Possui ônibus urbano (intramunicipal),Pendente,,,
2200053,Acauã,PI,2 - Nordeste,6515,2 - 5001 até 10000,Não,Não,-,-,Não,Não possui transporte coletivo por ônibus,Sem fonte encontrada,"Fonte indica transporte público infrequente, com mototáxi/táxi como alternativa principal (Acauã-PI)",2026-08-10,"Evidência sugere ausência de ônibus urbano regular, mas não é fonte formal suficiente para Confirmado"
2200103,Agricolândia,PI,2 - Nordeste,5023,2 - 5001 até 10000,Não,Não,-,-,Não,Não possui transporte coletivo por ônibus,Sem fonte encontrada,Buscas retornaram apenas investimentos SAMU e rodoviária intermunicipal (Agricolândia-PI),2026-08-11,Nenhuma evidência específica de ônibus urbano intramunicipal encontrada
2200202,Água Branca,PI,2 - Nordeste,18033,3 - 10001 até 20000,Não,Sim,Sim,-,Sim,Possui ônibus local (via intermunicipal que circula internamente),Pendente,,,
2200251,Alagoinha do Piauí,PI,2 - Nordeste,6901,2 - 5001 até 10000,Não,Não,-,-,Não,Não possui transporte coletivo por ônibus,Sem fonte encontrada,"Resultados majoritariamente confundidos com Alagoinhas-BA (homônimo parcial), nada específico sobre Alagoinha do Piauí-PI",2026-08-10,"Confusão com Alagoinhas-BA, sem evidência válida"
2200277,Alegrete do Piauí,PI,2 - Nordeste,4713,1 - Até 5000,Não,Não,-,-,Não,Não possui transporte coletivo por ônibus,Sem fonte encontrada,"Resultados majoritariamente confundidos com Alegrete-RS (homônimo), nada específico sobre Alegrete do Piauí-PI",2026-08-13,"Confusão com Alegrete-RS, sem evidência válida"
2200301,Alto Longá,PI,2 - Nordeste,13734,3 - 10001 até 20000,Não,Sim,Não,-,Não,Só ônibus intermunicipal (sem circulação interna),Pendente,,,
2200400,Altos,PI,2 - Nordeste,49637,4 - 20001 até 50000,Não,Sim,Não,-,Não,Só ônibus intermunicipal (sem circulação interna),Pendente,,,
2200459,Alvorada do Gurguéia,PI,2 - Nordeste,5459,2 - 5001 até 10000,Não,Sim,Não,-,Não,Só ônibus intermunicipal (sem circulação interna),Pendente,,,
2200509,Amarante,PI,2 - Nordeste,17577,3 - 10001 até 20000,Não,Não,-,-,Não,Não possui transporte coletivo por ônibus,Sem fonte encontrada,,2026-08-07,Apenas rotas interestaduais/rodoviária; sem fonte específica sobre ônibus urbano interno. Mantido dado original do MUNIC.
2200608,Angical do Piauí,PI,2 - Nordeste,6982,2 - 5001 até 10000,Não,Sim,Não,-,Não,Só ônibus intermunicipal (sem circulação interna),Pendente,,,
2200707,Anísio de Abreu,PI,2 - Nordeste,9631,2 - 5001 até 10000,Não,Sim,Não,-,Não,Só ônibus intermunicipal (sem circulação interna),Pendente,,,
2200806,Antônio Almeida,PI,2 - Nordeste,3228,1 - Até 5000,Não,Sim,Não,-,Não,Só ônibus intermunicipal (sem circulação interna),Pendente,,,
2200905,Aroazes,PI,2 - Nordeste,5433,2 - 5001 até 10000,Não,Sim,Não,-,Não,Só ônibus intermunicipal (sem circulação interna),Pendente,,,
2200954,Aroeiras do Itaim,PI,2 - Nordeste,2766,1 - Até 5000,Não,Sim,Não,-,Não,Só ônibus intermunicipal (sem circulação interna),Pendente,,,
2201002,Arraial,PI,2 - Nordeste,4593,1 - Até 5000,Não,Não,-,-,Não,Não possui transporte coletivo por ônibus,Sem fonte encontrada,"Resultados majoritariamente confundidos com Arraial do Cabo-RJ e Arraial d'Ajuda-BA, nada específico sobre Arraial-PI",2026-08-13,"Confusão com localidades homônimas, sem evidência válida"
2201051,Assunção do Piauí,PI,2 - Nordeste,7597,2 - 5001 até 10000,Não,Sim,Não,-,Não,Só ônibus intermunicipal (sem circulação interna),Pendente,,,
2201101,Avelino Lopes,PI,2 - Nordeste,11106,3 - 10001 até 20000,Não,Não,-,-,Não,Não possui transporte coletivo por ônibus,Sem fonte encontrada,,2026-08-08,Apenas rodoviária intermunicipal; sem fonte específica sobre ônibus urbano. Mantido dado original do MUNIC.
2201150,Baixa Grande do Ribeiro,PI,2 - Nordeste,13838,3 - 10001 até 20000,Não,Sim,Não,-,Não,Só ônibus intermunicipal (sem circulação interna),Pendente,,,
2201176,Barra DAlcântara,PI,2 - Nordeste,4091,1 - Até 5000,Não,Sim,Não,-,Não,Só ônibus intermunicipal (sem circulação interna),Pendente,,,
2201200,Barras,PI,2 - Nordeste,49533,4 - 20001 até 50000,Sim,Sim,Não,Sem adaptação,Sim,Possui ônibus urbano (intramunicipal),Pendente,,,
2201309,Barreiras do Piauí,PI,2 - Nordeste,3334,1 - Até 5000,Não,Não,-,-,Não,Não possui transporte coletivo por ônibus,Pendente,,,
2201408,Barro Duro,PI,2 - Nordeste,6744,2 - 5001 até 10000,Não,Não,-,-,Não,Não possui transporte coletivo por ônibus,Sem fonte encontrada,"Prefeitura recebeu apenas micro-ônibus para transporte de pacientes de saúde, não ônibus urbano coletivo regular (Barro Duro-PI)",2026-08-10,"Evidência refere-se a transporte de saúde, não coletivo urbano"
2201507,Batalha,PI,2 - Nordeste,27123,4 - 20001 até 50000,Não,Sim,Não,-,Não,Só ônibus intermunicipal (sem circulação interna),Pendente,,,
2201556,Bela Vista do Piauí,PI,2 - Nordeste,4208,1 - Até 5000,Não,Não,-,-,Não,Não possui transporte coletivo por ônibus,Pendente,,,
2201572,Belém do Piauí,PI,2 - Nordeste,3508,1 - Até 5000,Não,Não,-,-,Não,Não possui transporte coletivo por ônibus,Pendente,,,
2201606,Beneditinos,PI,2 - Nordeste,10104,3 - 10001 até 20000,Não,Sim,Não,-,Não,Só ônibus intermunicipal (sem circulação interna),Pendente,,,
2201705,Bertolínia,PI,2 - Nordeste,5701,2 - 5001 até 10000,Não,Sim,Não,-,Não,Só ônibus intermunicipal (sem circulação interna),Pendente,,,
2201739,Betânia do Piauí,PI,2 - Nordeste,6368,2 - 5001 até 10000,Não,Não,-,-,Não,Não possui transporte coletivo por ônibus,Sem fonte encontrada,Buscas retornaram apenas rodoviária/transporte intermunicipal (Betânia do Piauí-PI),2026-08-10,Nenhuma evidência específica de ônibus urbano intramunicipal encontrada
2201770,Boa Hora,PI,2 - Nordeste,7108,2 - 5001 até 10000,Não,Sim,Não,-,Não,Só ônibus intermunicipal (sem circulação interna),Pendente,,,
2201804,Bocaina,PI,2 - Nordeste,4131,1 - Até 5000,Não,Não,-,-,Não,Não possui transporte coletivo por ônibus,Pendente,,,
2201903,Bom Jesus,PI,2 - Nordeste,30321,4 - 20001 até 50000,Não,Sim,Não,-,Não,Só ônibus intermunicipal (sem circulação interna),Pendente,,,
2201919,Bom Princípio do Piauí,PI,2 - Nordeste,5786,2 - 5001 até 10000,Não,Não,-,-,Não,Não possui transporte coletivo por ônibus,Sem fonte encontrada,"Buscas retornaram apenas legislação estadual geral do Piauí, nada específico sobre Bom Princípio do Piauí-PI",2026-08-10,Nenhuma evidência específica de ônibus urbano intramunicipal encontrada
2201929,Bonfim do Piauí,PI,2 - Nordeste,6089,2 - 5001 até 10000,Não,Sim,Não,-,Não,Só ônibus intermunicipal (sem circulação interna),Pendente,,,
2201945,Boqueirão do Piauí,PI,2 - Nordeste,6728,2 - 5001 até 10000,Não,Sim,Não,-,Não,Só ônibus intermunicipal (sem circulação interna),Pendente,,,
2201960,Brasileira,PI,2 - Nordeste,8658,2 - 5001 até 10000,Sim,Sim,Não,Parcialmente adaptada,Sim,Possui ônibus urbano (intramunicipal),Pendente,,,
2201988,Brejo do Piauí,PI,2 - Nordeste,3969,1 - Até 5000,Sim,Sim,Não,Sem adaptação,Sim,Possui ônibus urbano (intramunicipal),Pendente,,,
2202000,Buriti dos Lopes,PI,2 - Nordeste,20096,4 - 20001 até 50000,Não,Sim,Sim,-,Sim,Possui ônibus local (via intermunicipal que circula internamente),Pendente,,,
2202026,Buriti dos Montes,PI,2 - Nordeste,7538,2 - 5001 até 10000,Não,Não,-,-,Não,Não possui transporte coletivo por ônibus,Sem fonte encontrada,"Fonte indica transporte público limitado, com moto-táxi como alternativa principal (Buriti dos Montes-PI)",2026-08-10,"Evidência sugere ausência de ônibus urbano regular, mas não é fonte formal suficiente para Confirmado"
2202059,Cabeceiras do Piauí,PI,2 - Nordeste,10449,3 - 10001 até 20000,Não,Sim,Não,-,Não,Só ônibus intermunicipal (sem circulação interna),Pendente,,,
2202075,Cajazeiras do Piauí,PI,2 - Nordeste,3146,1 - Até 5000,Não,Sim,Não,-,Não,Só ônibus intermunicipal (sem circulação interna),Pendente,,,
2202083,Cajueiro da Praia,PI,2 - Nordeste,8203,2 - 5001 até 10000,Não,Sim,Não,-,Não,Só ônibus intermunicipal (sem circulação interna),Pendente,,,
2202091,Caldeirão Grande do Piauí,PI,2 - Nordeste,5605,2 - 5001 até 10000,Não,Sim,Sim,-,Sim,Possui ônibus local (via intermunicipal que circula internamente),Pendente,,,
2202109,Campinas do Piauí,PI,2 - Nordeste,4988,1 - Até 5000,Não,Não,-,-,Não,Não possui transporte coletivo por ônibus,Sem fonte encontrada,"Resultados majoritariamente confundidos com Campinas-SP (homônimo), nada específico sobre Campinas do Piauí-PI",2026-08-11,"Confusão com Campinas-SP, sem evidência válida"
2202117,Campo Alegre do Fidalgo,PI,2 - Nordeste,4701,1 - Até 5000,Não,Não,-,-,Não,Não possui transporte coletivo por ônibus,Sem fonte encontrada,Texto genérico/templado sobre táxi/mototáxi como meio local (Campo Alegre do Fidalgo-PI),2026-08-13,"Texto padronizado/genérico, sem menção confiável a ônibus urbano"
2202133,Campo Grande do Piauí,PI,2 - Nordeste,6188,2 - 5001 até 10000,Não,Não,-,-,Não,Não possui transporte coletivo por ônibus,Sem fonte encontrada,"Resultados majoritariamente confundidos com Campo Grande-MS (homônimo), nada específico sobre Campo Grande do Piauí-PI",2026-08-10,"Confusão com Campo Grande-MS, sem evidência válida"
2202174,Campo Largo do Piauí,PI,2 - Nordeste,7636,2 - 5001 até 10000,Não,Sim,Não,-,Não,Só ônibus intermunicipal (sem circulação interna),Pendente,,,
2202208,Campo Maior,PI,2 - Nordeste,47074,4 - 20001 até 50000,Sim,Sim,Sim,Parcialmente adaptada,Sim,Possui ônibus urbano (intramunicipal),Pendente,,,
2202251,Canavieira,PI,2 - Nordeste,3429,1 - Até 5000,Não,Não,-,-,Não,Não possui transporte coletivo por ônibus,Pendente,,,
2202307,Canto do Buriti,PI,2 - Nordeste,19669,3 - 10001 até 20000,Não,Não,-,-,Não,Não possui transporte coletivo por ônibus,Sem fonte encontrada,,2026-08-07,Busca retornou apenas informações sobre rodoviária/transporte intermunicipal ou localidades homônimas; sem confirmação confiável específica. Mantido dado original do MUNIC.
2202406,Capitão de Campos,PI,2 - Nordeste,11347,3 - 10001 até 20000,Sim,Não,-,Parcialmente adaptada,Sim,Possui ônibus urbano (intramunicipal),Pendente,,,
2202455,Capitão Gervásio Oliveira,PI,2 - Nordeste,4065,1 - Até 5000,Não,Não,-,-,Não,Não possui transporte coletivo por ônibus,Pendente,,,
2202505,Caracol,PI,2 - Nordeste,10538,3 - 10001 até 20000,Não,Sim,Não,-,Não,Só ônibus intermunicipal (sem circulação interna),Pendente,,,
2202539,Caraúbas do Piauí,PI,2 - Nordeste,5755,2 - 5001 até 10000,Não,Sim,Não,-,Não,Só ônibus intermunicipal (sem circulação interna),Pendente,,,
2202554,Caridade do Piauí,PI,2 - Nordeste,5162,2 - 5001 até 10000,Não,Sim,Não,-,Não,Só ônibus intermunicipal (sem circulação interna),Pendente,,,
2202604,Castelo do Piauí,PI,2 - Nordeste,19663,3 - 10001 até 20000,Sim,Sim,Não,Parcialmente adaptada,Sim,Possui ônibus urbano (intramunicipal),Pendente,,,
2202653,Caxingó,PI,2 - Nordeste,5657,2 - 5001 até 10000,Não,Sim,Sim,-,Sim,Possui ônibus local (via intermunicipal que circula internamente),Pendente,,,
2202703,Cocal,PI,2 - Nordeste,29209,4 - 20001 até 50000,Não,Sim,Sim,-,Sim,Possui ônibus local (via intermunicipal que circula internamente),Pendente,,,
2202711,Cocal de Telha,PI,2 - Nordeste,5034,2 - 5001 até 10000,Não,Sim,Não,-,Não,Só ônibus intermunicipal (sem circulação interna),Pendente,,,
2202729,Cocal dos Alves,PI,2 - Nordeste,6569,2 - 5001 até 10000,Não,Não,-,-,Não,Não possui transporte coletivo por ônibus,Sem fonte encontrada,Buscas retornaram apenas rodoviária intermunicipal (Cocal dos Alves-PI),2026-08-10,Nenhuma evidência específica de ônibus urbano intramunicipal encontrada
2202737,Coivaras,PI,2 - Nordeste,4233,1 - Até 5000,Não,Sim,Não,-,Não,Só ônibus intermunicipal (sem circulação interna),Pendente,,,
2202752,Colônia do Gurguéia,PI,2 - Nordeste,6287,2 - 5001 até 10000,Não,Sim,Não,-,Não,Só ônibus intermunicipal (sem circulação interna),Pendente,,,
2202778,Colônia do Piauí,PI,2 - Nordeste,7088,2 - 5001 até 10000,Não,Sim,Não,-,Não,Só ônibus intermunicipal (sem circulação interna),Pendente,,,
2202802,Conceição do Canindé,PI,2 - Nordeste,5063,2 - 5001 até 10000,Não,Não,-,-,Não,Não possui transporte coletivo por ônibus,Sem fonte encontrada,Buscas retornaram apenas transporte intermunicipal e saneamento básico (Conceição do Canindé-PI),2026-08-11,Nenhuma evidência específica de ônibus urbano intramunicipal encontrada
2202851,Coronel José Dias,PI,2 - Nordeste,4305,1 - Até 5000,Não,Sim,Não,-,Não,Só ônibus intermunicipal (sem circulação interna),Pendente,,,
2202901,Corrente,PI,2 - Nordeste,28275,4 - 20001 até 50000,Não,Sim,Não,-,Não,Só ônibus intermunicipal (sem circulação interna),Pendente,,,
2203008,Cristalândia do Piauí,PI,2 - Nordeste,7454,2 - 5001 até 10000,Não,Sim,Não,-,Não,Só ônibus intermunicipal (sem circulação interna),Pendente,,,
2203107,Cristino Castro,PI,2 - Nordeste,10772,3 - 10001 até 20000,Não,Sim,Não,-,Não,Só ônibus intermunicipal (sem circulação interna),Pendente,,,
2203206,Curimatá,PI,2 - Nordeste,11552,3 - 10001 até 20000,Não,Sim,Não,-,Não,Só ônibus intermunicipal (sem circulação interna),Pendente,,,
2203230,Currais,PI,2 - Nordeste,4968,1 - Até 5000,Não,Não,-,-,Não,Não possui transporte coletivo por ônibus,Sem fonte encontrada,Nenhuma informação específica sobre ônibus urbano em Currais-PI,2026-08-11,Nenhuma evidência específica encontrada
2203255,Curralinhos,PI,2 - Nordeste,4527,1 - Até 5000,Não,Sim,Não,-,Não,Só ônibus intermunicipal (sem circulação interna),Pendente,,,
2203271,Curral Novo do Piauí,PI,2 - Nordeste,5185,2 - 5001 até 10000,Não,Sim,Sim,-,Sim,Possui ônibus local (via intermunicipal que circula internamente),Pendente,,,
2203305,Demerval Lobão,PI,2 - Nordeste,16998,3 - 10001 até 20000,Não,Sim,Não,-,Não,Só ônibus intermunicipal (sem circulação interna),Pendente,,,
2203354,Dirceu Arcoverde,PI,2 - Nordeste,7238,2 - 5001 até 10000,Não,Sim,Não,-,Não,Só ônibus intermunicipal (sem circulação interna),Pendente,,,
2203404,Dom Expedito Lopes,PI,2 - Nordeste,6421,2 - 5001 até 10000,Não,Não,-,-,Não,Não possui transporte coletivo por ônibus,Sem fonte encontrada,"Buscas retornaram apenas transporte gratuito universitário (vans/ônibus para Picos), não ônibus urbano coletivo municipal (Dom Expedito Lopes-PI)",2026-08-10,"Evidência refere-se a transporte universitário intermunicipal, não coletivo urbano local"
2203420,Domingos Mourão,PI,2 - Nordeste,4138,1 - Até 5000,Não,Sim,Não,-,Não,Só ônibus intermunicipal (sem circulação interna),Pendente,,,
2203453,Dom Inocêncio,PI,2 - Nordeste,9335,2 - 5001 até 10000,Não,Sim,Não,-,Não,Só ônibus intermunicipal (sem circulação interna),Pendente,,,
2203503,Elesbão Veloso,PI,2 - Nordeste,13786,3 - 10001 até 20000,Não,Sim,Não,-,Não,Só ônibus intermunicipal (sem circulação interna),Pendente,,,
2203602,Eliseu Martins,PI,2 - Nordeste,4435,1 - Até 5000,Não,Sim,Não,-,Não,Só ônibus intermunicipal (sem circulação interna),Pendente,,,
2203701,Esperantina,PI,2 - Nordeste,42510,4 - 20001 até 50000,Não,Sim,Sim,-,Sim,Possui ônibus local (via intermunicipal que circula internamente),Pendente,,,
2203750,Fartura do Piauí,PI,2 - Nordeste,5414,2 - 5001 até 10000,Não,Não,-,-,Não,Não possui transporte coletivo por ônibus,Sem fonte encontrada,"Buscas retornaram apenas dados estaduais gerais sobre transporte no PI, nada específico sobre Fartura do Piauí-PI",2026-08-11,Nenhuma evidência específica encontrada
2203800,Flores do Piauí,PI,2 - Nordeste,4508,1 - Até 5000,Não,Não,-,-,Não,Não possui transporte coletivo por ônibus,Sem fonte encontrada,Buscas retornaram apenas transporte intermunicipal e empresa homônima do RJ (Flores do Piauí-PI),2026-08-13,Nenhuma evidência específica de ônibus urbano intramunicipal encontrada
2203859,Floresta do Piauí,PI,2 - Nordeste,2364,1 - Até 5000,Não,Não,-,-,Não,Não possui transporte coletivo por ônibus,Pendente,,,
2203909,Floriano,PI,2 - Nordeste,64150,5 - 50001 até 100000,Sim,Não,-,Sem adaptação,Sim,Possui ônibus urbano (intramunicipal),Pendente,,,
2204006,Francinópolis,PI,2 - Nordeste,4517,1 - Até 5000,Não,Sim,Não,-,Não,Só ônibus intermunicipal (sem circulação interna),Pendente,,,
2204105,Francisco Ayres,PI,2 - Nordeste,4494,1 - Até 5000,Não,Não,-,-,Não,Não possui transporte coletivo por ônibus,Pendente,,,
2204154,Francisco Macedo,PI,2 - Nordeste,2986,1 - Até 5000,Não,Sim,Não,-,Não,Só ônibus intermunicipal (sem circulação interna),Pendente,,,
2204204,Francisco Santos,PI,2 - Nordeste,8366,2 - 5001 até 10000,Não,Sim,Não,-,Não,Só ônibus intermunicipal (sem circulação interna),Pendente,,,
2204303,Fronteiras,PI,2 - Nordeste,10382,3 - 10001 até 20000,Não,Não,-,-,Não,Não possui transporte coletivo por ônibus,Sem fonte encontrada,,2026-08-08,Apenas transporte intermunicipal (Picos-Fronteiras); sem fonte específica sobre ônibus urbano interno. Mantido dado original do MUNIC.
2204352,Geminiano,PI,2 - Nordeste,5587,2 - 5001 até 10000,Não,Não,-,-,Não,Não possui transporte coletivo por ônibus,Sem fonte encontrada,"Buscas retornaram apenas dados estaduais gerais sobre transporte no PI, nada específico sobre Geminiano-PI",2026-08-11,Nenhuma evidência específica encontrada
2204402,Gilbués,PI,2 - Nordeste,11166,3 - 10001 até 20000,Não,Sim,Não,-,Não,Só ônibus intermunicipal (sem circulação interna),Pendente,,,
2204501,Guadalupe,PI,2 - Nordeste,10478,3 - 10001 até 20000,Não,Sim,Não,-,Não,Só ônibus intermunicipal (sem circulação interna),Pendente,,,
2204550,Guaribas,PI,2 - Nordeste,4350,1 - Até 5000,Não,Não,-,-,Não,Não possui transporte coletivo por ônibus,Pendente,,,
2204600,Hugo Napoleão,PI,2 - Nordeste,3562,1 - Até 5000,Não,Sim,Não,-,Não,Só ônibus intermunicipal (sem circulação interna),Pendente,,,
2204659,Ilha Grande,PI,2 - Nordeste,9501,2 - 5001 até 10000,Não,Sim,Sim,-,Sim,Possui ônibus local (via intermunicipal que circula internamente),Pendente,,,
2204709,Inhuma,PI,2 - Nordeste,15259,3 - 10001 até 20000,Não,Sim,Não,-,Não,Só ônibus intermunicipal (sem circulação interna),Pendente,,,
2204808,Ipiranga do Piauí,PI,2 - Nordeste,9620,2 - 5001 até 10000,Não,Sim,Não,-,Não,Só ônibus intermunicipal (sem circulação interna),Pendente,,,
2204907,Isaías Coelho,PI,2 - Nordeste,7886,2 - 5001 até 10000,Não,Não,-,-,Não,Não possui transporte coletivo por ônibus,Sem fonte encontrada,Buscas retornaram apenas transporte escolar (com irregularidades relatadas) e rodoviária intermunicipal (Isaías Coelho-PI),2026-08-10,Nenhuma evidência de ônibus urbano coletivo; apenas transporte escolar mencionado
2205003,Itainópolis,PI,2 - Nordeste,10980,3 - 10001 até 20000,Não,Não,-,-,Não,Não possui transporte coletivo por ônibus,Sem fonte encontrada,,2026-08-08,Busca retornou apenas informações sobre rodoviária/transporte intermunicipal/escolar; sem confirmação confiável específica de ônibus urbano. Mantido dado original do MUNIC.
2205102,Itaueira,PI,2 - Nordeste,10493,3 - 10001 até 20000,Não,Sim,Não,-,Não,Só ônibus intermunicipal (sem circulação interna),Pendente,,,
2205151,Jacobina do Piauí,PI,2 - Nordeste,5715,2 - 5001 até 10000,Não,Sim,Sim,-,Sim,Possui ônibus local (via intermunicipal que circula internamente),Pendente,,,
2205201,Jaicós,PI,2 - Nordeste,17811,3 - 10001 até 20000,Não,Sim,Não,-,Não,Só ônibus intermunicipal (sem circulação interna),Pendente,,,
2205250,Jardim do Mulato,PI,2 - Nordeste,4251,1 - Até 5000,Não,Não,-,-,Não,Não possui transporte coletivo por ônibus,Pendente,,,
2205276,Jatobá do Piauí,PI,2 - Nordeste,4568,1 - Até 5000,Não,Sim,Não,-,Não,Só ônibus intermunicipal (sem circulação interna),Pendente,,,
2205300,Jerumenha,PI,2 - Nordeste,4600,1 - Até 5000,Não,Não,-,-,Não,Não possui transporte coletivo por ônibus,Sem fonte encontrada,Buscas retornaram apenas transporte intermunicipal (Jerumenha-PI),2026-08-13,Nenhuma evidência específica de ônibus urbano intramunicipal encontrada
2205359,João Costa,PI,2 - Nordeste,3031,1 - Até 5000,Não,Não,-,-,Não,Não possui transporte coletivo por ônibus,Pendente,,,
2205409,Joaquim Pires,PI,2 - Nordeste,14175,3 - 10001 até 20000,Não,Sim,Sim,-,Sim,Possui ônibus local (via intermunicipal que circula internamente),Pendente,,,
2205458,Joca Marques,PI,2 - Nordeste,5535,2 - 5001 até 10000,Sim,Sim,Não,Sem adaptação,Sim,Possui ônibus urbano (intramunicipal),Pendente,,,
2205508,José de Freitas,PI,2 - Nordeste,44391,4 - 20001 até 50000,Não,Sim,Não,-,Não,Só ônibus intermunicipal (sem circulação interna),Pendente,,,
2205516,Juazeiro do Piauí,PI,2 - Nordeste,5311,2 - 5001 até 10000,Não,Não,-,-,Não,Não possui transporte coletivo por ônibus,Sem fonte encontrada,"Resultados majoritariamente confundidos com Juazeiro-BA/Juazeiro do Norte-CE, nada específico sobre Juazeiro do Piauí-PI",2026-08-11,"Confusão com municípios homônimos, sem evidência válida"
2205524,Júlio Borges,PI,2 - Nordeste,5499,2 - 5001 até 10000,Não,Não,-,-,Não,Não possui transporte coletivo por ônibus,Sem fonte encontrada,Buscas retornaram apenas ônibus escolar e rodoviária intermunicipal (Júlio Borges-PI),2026-08-11,"Evidência refere-se a transporte escolar, não coletivo urbano"
2205532,Jurema,PI,2 - Nordeste,4505,1 - Até 5000,Não,Sim,Não,-,Não,Só ônibus intermunicipal (sem circulação interna),Pendente,,,
2205540,Lagoinha do Piauí,PI,2 - Nordeste,3029,1 - Até 5000,Sim,Sim,Não,Sem adaptação,Sim,Possui ônibus urbano (intramunicipal),Pendente,,,
2205557,Lagoa Alegre,PI,2 - Nordeste,8449,2 - 5001 até 10000,Não,Sim,Não,-,Não,Só ônibus intermunicipal (sem circulação interna),Pendente,,,
2205565,Lagoa do Barro do Piauí,PI,2 - Nordeste,5146,2 - 5001 até 10000,Não,Não,-,-,Não,Não possui transporte coletivo por ônibus,Sem fonte encontrada,"Fonte confirma apenas aquisição de ônibus escolares, não ônibus urbano coletivo (Lagoa do Barro do Piauí-PI)",2026-08-11,"Evidência refere-se a transporte escolar, não coletivo urbano"
2205573,Lagoa de São Francisco,PI,2 - Nordeste,6449,2 - 5001 até 10000,Não,Não,-,-,Não,Não possui transporte coletivo por ônibus,Sem fonte encontrada,Buscas retornaram apenas empresa de transporte intermunicipal 'Expresso São Francisco' (Lagoa de São Francisco-PI),2026-08-10,Nenhuma evidência específica de ônibus urbano intramunicipal encontrada
2205581,Lagoa do Piauí,PI,2 - Nordeste,5009,2 - 5001 até 10000,Não,Sim,Não,-,Não,Só ônibus intermunicipal (sem circulação interna),Pendente,,,
2205599,Lagoa do Sítio,PI,2 - Nordeste,4575,1 - Até 5000,Não,Não,-,-,Não,Não possui transporte coletivo por ônibus,Sem fonte encontrada,Buscas retornaram apenas rodoviária intermunicipal (Lagoa do Sítio-PI),2026-08-13,Nenhuma evidência específica de ônibus urbano intramunicipal encontrada
2205607,Landri Sales,PI,2 - Nordeste,5311,2 - 5001 até 10000,Não,Sim,Não,-,Não,Só ônibus intermunicipal (sem circulação interna),Pendente,,,
2205706,Luís Correia,PI,2 - Nordeste,31775,4 - 20001 até 50000,Sim,Sim,Não,Parcialmente adaptada,Sim,Possui ônibus urbano (intramunicipal),Pendente,,,
2205805,Luzilândia,PI,2 - Nordeste,26204,4 - 20001 até 50000,Não,Sim,Sim,-,Sim,Possui ônibus local (via intermunicipal que circula internamente),Pendente,,,
2205854,Madeiro,PI,2 - Nordeste,8218,2 - 5001 até 10000,Não,Sim,Não,-,Não,Só ônibus intermunicipal (sem circulação interna),Pendente,,,
2205904,Manoel Emídio,PI,2 - Nordeste,5314,2 - 5001 até 10000,Não,Sim,Não,-,Não,Só ônibus intermunicipal (sem circulação interna),Pendente,,,
2205953,Marcolândia,PI,2 - Nordeste,8783,2 - 5001 até 10000,Não,Sim,Não,-,Não,Só ônibus intermunicipal (sem circulação interna),Pendente,,,
2206001,Marcos Parente,PI,2 - Nordeste,4848,1 - Até 5000,Não,Não,-,-,Não,Não possui transporte coletivo por ônibus,Sem fonte encontrada,"Fonte indica táxi/mototáxi/caminhada como meios locais, apenas rodoviária intermunicipal confirmada (Marcos Parente-PI)",2026-08-13,"Evidência sugere ausência de ônibus urbano, mas não é fonte formal suficiente para Confirmado"
2206050,Massapê do Piauí,PI,2 - Nordeste,5215,2 - 5001 até 10000,Não,Não,-,-,Não,Não possui transporte coletivo por ônibus,Sem fonte encontrada,"Investimento é para mobilidade urbana (recuperação asfáltica), não confirma existência de ônibus urbano coletivo (Massapê do Piauí-PI)",2026-08-11,"Evidência refere-se a infraestrutura viária, não linha de ônibus coletivo"
2206100,Matias Olímpio,PI,2 - Nordeste,10875,3 - 10001 até 20000,Não,Sim,Não,-,Não,Só ônibus intermunicipal (sem circulação interna),Pendente,,,
2206209,Miguel Alves,PI,2 - Nordeste,33071,4 - 20001 até 50000,Sim,Sim,Não,Sem adaptação,Sim,Possui ônibus urbano (intramunicipal),Pendente,,,
2206308,Miguel Leão,PI,2 - Nordeste,1352,1 - Até 5000,Não,Sim,Não,-,Não,Só ônibus intermunicipal (sem circulação interna),Pendente,,,
2206357,Milton Brandão,PI,2 - Nordeste,6678,2 - 5001 até 10000,Não,Não,-,-,Não,Não possui transporte coletivo por ônibus,Sem fonte encontrada,Secretaria de Transporte existe mas sem evidência de linha urbana coletiva regular (Milton Brandão-PI),2026-08-10,Evidência insuficiente para confirmar ônibus urbano coletivo
2206407,Monsenhor Gil,PI,2 - Nordeste,10455,3 - 10001 até 20000,Não,Sim,Sim,-,Sim,Possui ônibus local (via intermunicipal que circula internamente),Pendente,,,
2206506,Monsenhor Hipólito,PI,2 - Nordeste,7751,2 - 5001 até 10000,Não,Não,-,-,Não,Não possui transporte coletivo por ônibus,Sem fonte encontrada,Buscas retornaram apenas rodoviária intermunicipal (Monsenhor Hipólito-PI),2026-08-10,Nenhuma evidência específica de ônibus urbano intramunicipal encontrada
2206605,Monte Alegre do Piauí,PI,2 - Nordeste,10910,3 - 10001 até 20000,Não,Sim,Não,-,Não,Só ônibus intermunicipal (sem circulação interna),Pendente,,,
2206654,Morro Cabeça no Tempo,PI,2 - Nordeste,4458,1 - Até 5000,Não,Não,-,-,Não,Não possui transporte coletivo por ônibus,Pendente,,,
2206670,Morro do Chapéu do Piauí,PI,2 - Nordeste,6547,2 - 5001 até 10000,Não,Sim,Sim,-,Sim,Possui ônibus local (via intermunicipal que circula internamente),Pendente,,,
2206696,Murici dos Portelas,PI,2 - Nordeste,10139,3 - 10001 até 20000,Não,Sim,Não,-,Não,Só ônibus intermunicipal (sem circulação interna),Pendente,,,
2206704,Nazaré do Piauí,PI,2 - Nordeste,6729,2 - 5001 até 10000,Não,Não,-,-,Não,Não possui transporte coletivo por ônibus,Sem fonte encontrada,"Prefeitura recebeu apenas micro-ônibus adaptado para transporte de pacientes de saúde, não ônibus urbano coletivo regular (Nazaré do Piauí-PI)",2026-08-10,"Evidência refere-se a transporte de saúde, não coletivo urbano"
2206720,Nazária,PI,2 - Nordeste,10706,3 - 10001 até 20000,Não,Sim,Sim,-,Sim,Possui ônibus local (via intermunicipal que circula internamente),Pendente,,,
2206753,Nossa Senhora de Nazaré,PI,2 - Nordeste,5406,2 - 5001 até 10000,Não,Sim,Não,-,Não,Só ônibus intermunicipal (sem circulação interna),Pendente,,,
2206803,Nossa Senhora dos Remédios,PI,2 - Nordeste,8732,2 - 5001 até 10000,Não,Não,-,-,Não,Não possui transporte coletivo por ônibus,Sem fonte encontrada,"Empresa 'Nossa Senhora dos Remédios' é viação intermunicipal sediada em Parnaíba-PI, não uma empresa municipal de Nossa Senhora dos Remédios-PI; apenas ônibus escolar mencionado",2026-08-08,Nenhuma evidência específica de ônibus urbano intramunicipal encontrada
2206902,Novo Oriente do Piauí,PI,2 - Nordeste,6178,2 - 5001 até 10000,Não,Não,-,-,Não,Não possui transporte coletivo por ônibus,Sem fonte encontrada,"Resultados majoritariamente sobre rua homônima em São Paulo capital, nada específico sobre Novo Oriente do Piauí-PI",2026-08-10,"Confusão com rua homônima em SP, sem evidência válida"
2206951,Novo Santo Antônio,PI,2 - Nordeste,2886,1 - Até 5000,Não,Sim,Não,-,Não,Só ônibus intermunicipal (sem circulação interna),Pendente,,,
2207009,Oeiras,PI,2 - Nordeste,39545,4 - 20001 até 50000,Não,Sim,Não,-,Não,Só ônibus intermunicipal (sem circulação interna),Pendente,,,
2207108,Olho DÁgua do Piauí,PI,2 - Nordeste,2725,1 - Até 5000,Não,Não,-,-,Não,Não possui transporte coletivo por ônibus,Pendente,,,
2207207,Padre Marcos,PI,2 - Nordeste,6481,2 - 5001 até 10000,Não,Não,-,-,Não,Não possui transporte coletivo por ônibus,Sem fonte encontrada,"Texto genérico indica que ônibus municipal 'pode não ser frequente', sem fonte específica e verificável (Padre Marcos-PI)",2026-08-10,"Texto padronizado/genérico, insuficiente como confirmação"
2207306,Paes Landim,PI,2 - Nordeste,4174,1 - Até 5000,Não,Não,-,-,Não,Não possui transporte coletivo por ônibus,Pendente,,,
2207355,Pajeú do Piauí,PI,2 - Nordeste,3041,1 - Até 5000,Não,Não,-,-,Não,Não possui transporte coletivo por ônibus,Pendente,,,
2207405,Palmeira do Piauí,PI,2 - Nordeste,5048,2 - 5001 até 10000,Não,Sim,Não,-,Não,Só ônibus intermunicipal (sem circulação interna),Pendente,,,
2207504,Palmeirais,PI,2 - Nordeste,13480,3 - 10001 até 20000,Não,Sim,Não,-,Não,Só ônibus intermunicipal (sem circulação interna),Pendente,,,
2207553,Paquetá,PI,2 - Nordeste,3878,1 - Até 5000,Não,Não,-,-,Não,Não possui transporte coletivo por ônibus,Pendente,,,
2207603,Parnaguá,PI,2 - Nordeste,10289,3 - 10001 até 20000,Não,Sim,Não,-,Não,Só ônibus intermunicipal (sem circulação interna),Pendente,,,
2207702,Parnaíba,PI,2 - Nordeste,169552,6 - 100001 até 500000,Sim,Sim,Não,Sem adaptação,Sim,Possui ônibus urbano (intramunicipal),Pendente,,,
2207751,Passagem Franca do Piauí,PI,2 - Nordeste,4220,1 - Até 5000,Não,Não,-,-,Não,Não possui transporte coletivo por ônibus,Pendente,,,
2207777,Patos do Piauí,PI,2 - Nordeste,5461,2 - 5001 até 10000,Não,Sim,Não,-,Não,Só ônibus intermunicipal (sem circulação interna),Pendente,,,
2207793,Pau DArco do Piauí,PI,2 - Nordeste,3972,1 - Até 5000,Não,Sim,Não,-,Não,Só ônibus intermunicipal (sem circulação interna),Pendente,,,
2207801,Paulistana,PI,2 - Nordeste,21601,4 - 20001 até 50000,Não,Sim,Não,-,Não,Só ônibus intermunicipal (sem circulação interna),Pendente,,,
2207850,Pavussu,PI,2 - Nordeste,3698,1 - Até 5000,Sim,Sim,Sim,Totalmente adaptada,Sim,Possui ônibus urbano (intramunicipal),Pendente,,,
2207900,Pedro II,PI,2 - Nordeste,39039,4 - 20001 até 50000,Não,Não,-,-,Não,Não possui transporte coletivo por ônibus,Sem fonte encontrada,,2026-08-07,Apenas informações sobre rodoviária intermunicipal; sem fonte específica sobre ônibus urbano. Mantido dado original do MUNIC.
2207934,Pedro Laurentino,PI,2 - Nordeste,2514,1 - Até 5000,Não,Não,-,-,Não,Não possui transporte coletivo por ônibus,Pendente,,,
2207959,Nova Santa Rita,PI,2 - Nordeste,4147,1 - Até 5000,Não,Sim,Não,-,Não,Só ônibus intermunicipal (sem circulação interna),Pendente,,,
2208007,Picos,PI,2 - Nordeste,86228,5 - 50001 até 100000,Sim,Não,-,Parcialmente adaptada,Sim,Possui ônibus urbano (intramunicipal),Pendente,,,
2208106,Pimenteiras,PI,2 - Nordeste,11528,3 - 10001 até 20000,Não,Não,-,-,Não,Não possui transporte coletivo por ônibus,Sem fonte encontrada,,2026-08-08,Busca retornou apenas informações sobre rodoviária/transporte intermunicipal; sem confirmação confiável específica de ônibus urbano. Mantido dado original do MUNIC.
2208205,Pio IX,PI,2 - Nordeste,17947,3 - 10001 até 20000,Não,Não,-,-,Não,Não possui transporte coletivo por ônibus,Sem fonte encontrada,,2026-08-07,Apenas rodoviária/terminal intermunicipal; sem fonte específica sobre ônibus urbano. Mantido dado original do MUNIC.
2208304,Piracuruca,PI,2 - Nordeste,29849,4 - 20001 até 50000,Sim,Não,-,Parcialmente adaptada,Sim,Possui ônibus urbano (intramunicipal),Pendente,,,
2208403,Piripiri,PI,2 - Nordeste,67676,5 - 50001 até 100000,Sim,Não,-,Sem adaptação,Sim,Possui ônibus urbano (intramunicipal),Pendente,,,
2208502,Porto,PI,2 - Nordeste,12312,3 - 10001 até 20000,Não,Sim,Sim,-,Sim,Possui ônibus local (via intermunicipal que circula internamente),Pendente,,,
2208551,Porto Alegre do Piauí,PI,2 - Nordeste,2391,1 - Até 5000,Não,Não,-,-,Não,Não possui transporte coletivo por ônibus,Pendente,,,
2208601,Prata do Piauí,PI,2 - Nordeste,3098,1 - Até 5000,Não,Não,-,-,Não,Não possui transporte coletivo por ônibus,Pendente,,,
2208650,Queimada Nova,PI,2 - Nordeste,8936,2 - 5001 até 10000,Não,Sim,Não,-,Não,Só ônibus intermunicipal (sem circulação interna),Pendente,,,
2208700,Redenção do Gurguéia,PI,2 - Nordeste,8563,2 - 5001 até 10000,Não,Sim,Não,-,Não,Só ônibus intermunicipal (sem circulação interna),Pendente,,,
2208809,Regeneração,PI,2 - Nordeste,17418,3 - 10001 até 20000,Não,Sim,Não,-,Não,Só ônibus intermunicipal (sem circulação interna),Pendente,,,
2208858,Riacho Frio,PI,2 - Nordeste,4241,1 - Até 5000,Não,Não,-,-,Não,Não possui transporte coletivo por ônibus,Pendente,,,
2208874,Ribeira do Piauí,PI,2 - Nordeste,4114,1 - Até 5000,Não,Não,-,-,Não,Não possui transporte coletivo por ônibus,Pendente,,,
2208908,Ribeiro Gonçalves,PI,2 - Nordeste,6215,2 - 5001 até 10000,Não,Sim,Não,-,Não,Só ônibus intermunicipal (sem circulação interna),Pendente,,,
2209005,Rio Grande do Piauí,PI,2 - Nordeste,5868,2 - 5001 até 10000,Não,Não,-,-,Não,Não possui transporte coletivo por ônibus,Sem fonte encontrada,"Resultados majoritariamente confundidos com Rio Grande-RS, nada específico sobre Rio Grande do Piauí-PI",2026-08-10,"Confusão com Rio Grande-RS, sem evidência válida"
2209104,Santa Cruz do Piauí,PI,2 - Nordeste,5928,2 - 5001 até 10000,Não,Não,-,-,Não,Não possui transporte coletivo por ônibus,Sem fonte encontrada,"Fonte indica transporte municipal pouco frequente, com táxi como alternativa (Santa Cruz do Piauí-PI)",2026-08-10,"Evidência sugere ausência de ônibus urbano regular, mas não é fonte formal suficiente para Confirmado"
2209153,Santa Cruz dos Milagres,PI,2 - Nordeste,3466,1 - Até 5000,Não,Não,-,-,Não,Não possui transporte coletivo por ônibus,Pendente,,,
2209203,Santa Filomena,PI,2 - Nordeste,6209,2 - 5001 até 10000,Não,Não,-,-,Não,Não possui transporte coletivo por ônibus,Sem fonte encontrada,Buscas retornaram apenas rodoviária intermunicipal (Santa Filomena-PI),2026-08-10,Nenhuma evidência específica de ônibus urbano intramunicipal encontrada
2209302,Santa Luz,PI,2 - Nordeste,5425,2 - 5001 até 10000,Não,Sim,Não,-,Não,Só ônibus intermunicipal (sem circulação interna),Pendente,,,
2209351,Santana do Piauí,PI,2 - Nordeste,4174,1 - Até 5000,Não,Sim,Não,-,Não,Só ônibus intermunicipal (sem circulação interna),Pendente,,,
2209377,Santa Rosa do Piauí,PI,2 - Nordeste,4690,1 - Até 5000,Não,Sim,Não,-,Não,Só ônibus intermunicipal (sem circulação interna),Pendente,,,
2209401,Santo Antônio de Lisboa,PI,2 - Nordeste,5938,2 - 5001 até 10000,Não,Não,-,-,Não,Não possui transporte coletivo por ônibus,Sem fonte encontrada,"Fonte indica deslocamento urbano predominante por táxi/aplicativo, sem menção a ônibus urbano (Santo Antônio de Lisboa-PI)",2026-08-10,"Evidência sugere ausência de ônibus urbano, mas não é fonte formal suficiente para Confirmado"
2209450,Santo Antônio dos Milagres,PI,2 - Nordeste,2189,1 - Até 5000,Não,Sim,Não,-,Não,Só ônibus intermunicipal (sem circulação interna),Pendente,,,
2209500,Santo Inácio do Piauí,PI,2 - Nordeste,3719,1 - Até 5000,Não,Não,-,-,Não,Não possui transporte coletivo por ônibus,Pendente,,,
2209559,São Braz do Piauí,PI,2 - Nordeste,4451,1 - Até 5000,Não,Sim,Não,-,Não,Só ônibus intermunicipal (sem circulação interna),Pendente,,,
2209609,São Félix do Piauí,PI,2 - Nordeste,2885,1 - Até 5000,Não,Não,-,-,Não,Não possui transporte coletivo por ônibus,Pendente,,,
2209658,São Francisco de Assis do Piauí,PI,2 - Nordeste,5703,2 - 5001 até 10000,Não,Não,-,-,Não,Não possui transporte coletivo por ônibus,Sem fonte encontrada,Buscas retornaram apenas rodoviária intermunicipal (São Francisco de Assis do Piauí-PI),2026-08-11,Nenhuma evidência específica de ônibus urbano intramunicipal encontrada
2209708,São Francisco do Piauí,PI,2 - Nordeste,5404,2 - 5001 até 10000,Não,Não,-,-,Não,Não possui transporte coletivo por ônibus,Sem fonte encontrada,'Viação São Francisco' sediada no município não confirma explicitamente se opera linha urbana ou apenas intermunicipal (São Francisco do Piauí-PI),2026-08-11,Evidência insuficiente/ambígua para confirmar natureza urbana do serviço
2209757,São Gonçalo do Gurguéia,PI,2 - Nordeste,3019,1 - Até 5000,Não,Não,-,-,Não,Não possui transporte coletivo por ônibus,Pendente,,,
2209807,São Gonçalo do Piauí,PI,2 - Nordeste,4944,1 - Até 5000,Não,Sim,Sim,-,Sim,Possui ônibus local (via intermunicipal que circula internamente),Pendente,,,
2209856,São João da Canabrava,PI,2 - Nordeste,4306,1 - Até 5000,Não,Não,-,-,Não,Não possui transporte coletivo por ônibus,Pendente,,,
2209872,São João da Fronteira,PI,2 - Nordeste,5615,2 - 5001 até 10000,Não,Sim,Não,-,Não,Só ônibus intermunicipal (sem circulação interna),Pendente,,,
2209906,São João da Serra,PI,2 - Nordeste,6233,2 - 5001 até 10000,Não,Sim,Não,-,Não,Só ônibus intermunicipal (sem circulação interna),Pendente,,,
2209955,São João da Varjota,PI,2 - Nordeste,4443,1 - Até 5000,Não,Sim,Não,-,Não,Só ônibus intermunicipal (sem circulação interna),Pendente,,,
2209971,São João do Arraial,PI,2 - Nordeste,8443,2 - 5001 até 10000,Não,Sim,Não,-,Não,Só ônibus intermunicipal (sem circulação interna),Pendente,,,
2210003,São João do Piauí,PI,2 - Nordeste,22036,4 - 20001 até 50000,Não,Sim,Não,-,Não,Só ônibus intermunicipal (sem circulação interna),Pendente,,,
2210052,São José do Divino,PI,2 - Nordeste,4906,1 - Até 5000,Não,Não,-,-,Não,Não possui transporte coletivo por ônibus,Sem fonte encontrada,"Resultados majoritariamente confundidos com São José-SC/PR (homônimos), nada específico sobre São José do Divino-PI",2026-08-13,"Confusão com municípios homônimos, sem evidência válida"
2210102,São José do Peixe,PI,2 - Nordeste,3320,1 - Até 5000,Não,Não,-,-,Não,Não possui transporte coletivo por ônibus,Pendente,,,
2210201,São José do Piauí,PI,2 - Nordeste,6732,2 - 5001 até 10000,Não,Não,-,-,Não,Não possui transporte coletivo por ônibus,Sem fonte encontrada,"Resultados majoritariamente confundidos com São José dos Pinhais-PR e São José dos Campos-SP, nada específico sobre São José do Piauí-PI",2026-08-10,"Confusão com municípios homônimos, sem evidência válida"
2210300,São Julião,PI,2 - Nordeste,6135,2 - 5001 até 10000,Não,Não,-,-,Não,Não possui transporte coletivo por ônibus,Sem fonte encontrada,"Fonte indica transporte urbano limitado, com táxi/mototáxi como opção principal (São Julião-PI)",2026-08-10,"Evidência sugere ausência de ônibus urbano regular, mas não é fonte formal suficiente para Confirmado"
2210359,São Lourenço do Piauí,PI,2 - Nordeste,4497,1 - Até 5000,Não,Sim,Não,-,Não,Só ônibus intermunicipal (sem circulação interna),Pendente,,,
2210375,São Luis do Piauí,PI,2 - Nordeste,2329,1 - Até 5000,Não,Não,-,-,Não,Não possui transporte coletivo por ônibus,Pendente,,,
2210383,São Miguel da Baixa Grande,PI,2 - Nordeste,2304,1 - Até 5000,Não,Não,-,-,Não,Não possui transporte coletivo por ônibus,Pendente,,,
2210391,São Miguel do Fidalgo,PI,2 - Nordeste,2870,1 - Até 5000,Não,Não,-,-,Não,Não possui transporte coletivo por ônibus,Pendente,,,
2210409,São Miguel do Tapuio,PI,2 - Nordeste,17902,3 - 10001 até 20000,Não,Sim,Sim,-,Sim,Possui ônibus local (via intermunicipal que circula internamente),Pendente,,,
2210508,São Pedro do Piauí,PI,2 - Nordeste,14046,3 - 10001 até 20000,Não,Sim,Não,-,Não,Só ônibus intermunicipal (sem circulação interna),Pendente,,,
2210607,São Raimundo Nonato,PI,2 - Nordeste,40784,4 - 20001 até 50000,Não,Sim,Não,-,Não,Só ônibus intermunicipal (sem circulação interna),Pendente,,,
2210623,Sebastião Barros,PI,2 - Nordeste,3228,1 - Até 5000,Não,Não,-,-,Não,Não possui transporte coletivo por ônibus,Pendente,,,
2210631,Sebastião Leal,PI,2 - Nordeste,4572,1 - Até 5000,Não,Não,-,-,Não,Não possui transporte coletivo por ônibus,Sem fonte encontrada,Buscas retornaram apenas transporte intermunicipal (Sebastião Leal-PI),2026-08-13,Nenhuma evidência específica de ônibus urbano intramunicipal encontrada
2210656,Sigefredo Pacheco,PI,2 - Nordeste,9631,2 - 5001 até 10000,Não,Sim,Não,-,Não,Só ônibus intermunicipal (sem circulação interna),Pendente,,,
2210706,Simões,PI,2 - Nordeste,14650,3 - 10001 até 20000,Não,Sim,Não,-,Não,Só ônibus intermunicipal (sem circulação interna),Pendente,,,
2210805,Simplício Mendes,PI,2 - Nordeste,14342,3 - 10001 até 20000,Não,Sim,Não,-,Não,Só ônibus intermunicipal (sem circulação interna),Pendente,,,
2210904,Socorro do Piauí,PI,2 - Nordeste,4184,1 - Até 5000,Não,Não,-,-,Não,Não possui transporte coletivo por ônibus,Pendente,,,
2210938,Sussuapara,PI,2 - Nordeste,6345,2 - 5001 até 10000,Sim,Não,-,-,Sim,Possui ônibus urbano (intramunicipal),Corrigido,"Portal de Transparência da Prefeitura Municipal de Sussuapara-PI (transparencia.sussuapara.pi.gov.br), lei/decreto municipal regulando lotação de transporte coletivo público e privado, urbano e rural",2026-08-10,"MUNIC indicava ausência de ônibus, mas legislação municipal oficial regula especificamente transporte coletivo urbano no município"
2210953,Tamboril do Piauí,PI,2 - Nordeste,3029,1 - Até 5000,Não,Não,-,-,Não,Não possui transporte coletivo por ônibus,Pendente,,,
2210979,Tanque do Piauí,PI,2 - Nordeste,2330,1 - Até 5000,Não,Sim,Não,-,Não,Só ônibus intermunicipal (sem circulação interna),Pendente,,,
2211001,Teresina,PI,2 - Nordeste,902644,7 - Maior que 500000,Sim,Sim,Sim,Totalmente adaptada,Sim,Possui ônibus urbano (intramunicipal),Confirmado,Sistema de transporte público municipal amplamente documentado (site da prefeitura/empresa de transporte municipal),2026-08-07,Capital estadual com sistema de ônibus urbano consolidado e publicamente conhecido; dado do MUNIC 2024 já indicava 'Sim' corretamente.
2211100,União,PI,2 - Nordeste,47707,4 - 20001 até 50000,Não,Sim,Não,-,Não,Só ônibus intermunicipal (sem circulação interna),Pendente,,,
2211209,Uruçuí,PI,2 - Nordeste,26501,4 - 20001 até 50000,Não,Sim,Não,-,Não,Só ônibus intermunicipal (sem circulação interna),Pendente,,,
2211308,Valença do Piauí,PI,2 - Nordeste,22920,4 - 20001 até 50000,Não,Sim,Não,-,Não,Só ônibus intermunicipal (sem circulação interna),Pendente,,,
2211357,Várzea Branca,PI,2 - Nordeste,5173,2 - 5001 até 10000,Não,Sim,Não,-,Não,Só ônibus intermunicipal (sem circulação interna),Pendente,,,
2211407,Várzea Grande,PI,2 - Nordeste,4515,1 - Até 5000,Não,Sim,Não,-,Não,Só ônibus intermunicipal (sem circulação interna),Pendente,,,
2211506,Vera Mendes,PI,2 - Nordeste,3271,1 - Até 5000,Não,Não,-,-,Não,Não possui transporte coletivo por ônibus,Pendente,,,
2211605,Vila Nova do Piauí,PI,2 - Nordeste,2979,1 - Até 5000,Não,Não,-,-,Não,Não possui transporte coletivo por ônibus,Pendente,,,
2211704,Wall Ferraz,PI,2 - Nordeste,4117,1 - Até 5000,Não,Não,-,-,Não,Não possui transporte coletivo por ônibus,Pendente,,,
2300101,Abaiara,CE,2 - Nordeste,10282,3 - 10001 até 20000,Não,Não,-,-,Não,Não possui transporte coletivo por ônibus,Sem fonte encontrada,"Site da prefeitura menciona apenas 'transporte universitário', não ônibus urbano coletivo (Abaiara-CE)",2026-08-08,Evidência insuficiente para confirmar ônibus urbano coletivo
2300150,Acarape,CE,2 - Nordeste,14306,3 - 10001 até 20000,Sim,Sim,Sim,Totalmente adaptada,Sim,Possui ônibus urbano (intramunicipal),Pendente,,,
2300200,Acaraú,CE,2 - Nordeste,68758,5 - 50001 até 100000,Não,Sim,Não,-,Não,Só ônibus intermunicipal (sem circulação interna),Pendente,,,
2300309,Acopiara,CE,2 - Nordeste,46215,4 - 20001 até 50000,Não informou,Não informou,Não informou,Não informou,Sem info,Sem informação (recusa/não informou),Pendente,,,
2300408,Aiuaba,CE,2 - Nordeste,14220,3 - 10001 até 20000,Não,Sim,Sim,-,Sim,Possui ônibus local (via intermunicipal que circula internamente),Pendente,,,
2300507,Alcântaras,CE,2 - Nordeste,11754,3 - 10001 até 20000,Não,Não,-,-,Não,Não possui transporte coletivo por ônibus,Sem fonte encontrada,,2026-08-08,"Fonte indica que não há sequer ônibus intermunicipal direto para a cidade; recebeu ônibus escolares, mas sem confirmação de sistema urbano. Mantido dado original do MUNIC."
2300606,Altaneira,CE,2 - Nordeste,6970,2 - 5001 até 10000,Não,Sim,Não,-,Não,Só ônibus intermunicipal (sem circulação interna),Pendente,,,
2300705,Alto Santo,CE,2 - Nordeste,14418,3 - 10001 até 20000,Não,Não,-,-,Não,Não possui transporte coletivo por ônibus,Sem fonte encontrada,,2026-08-08,Existe empresa 'Alto Santo Transportes Ltda.' mas sem confirmação se opera linhas urbanas locais ou apenas intermunicipais. Mantido dado original do MUNIC.
2300754,Amontada,CE,2 - Nordeste,44342,4 - 20001 até 50000,Não,Sim,Não,-,Não,Só ônibus intermunicipal (sem circulação interna),Pendente,,,
2300804,Antonina do Norte,CE,2 - Nordeste,7484,2 - 5001 até 10000,Sim,Não,-,-,Sim,Possui ônibus urbano (intramunicipal),Corrigido,"Prefeitura de Antonina do Norte-CE divulgou horários oficiais de ônibus circulares urbanos (rotas Ponta da Pita, Rodoviária, KM 04); Rádio Litoral Sul FM (litoralsulfm.com.br, 24/06/2025)",2026-08-10,"MUNIC indicava ausência de ônibus, mas fonte municipal oficial confirma sistema de ônibus circulares urbanos com rotas e horários definidos"
2300903,Apuiarés,CE,2 - Nordeste,13219,3 - 10001 até 20000,Não,Sim,Não,-,Não,Só ônibus intermunicipal (sem circulação interna),Pendente,,,
2301000,Aquiraz,CE,2 - Nordeste,84737,5 - 50001 até 100000,Sim,Sim,Sim,Totalmente adaptada,Sim,Possui ônibus urbano (intramunicipal),Pendente,,,
2301109,Aracati,CE,2 - Nordeste,78752,5 - 50001 até 100000,Sim,Sim,Não,Parcialmente adaptada,Sim,Possui ônibus urbano (intramunicipal),Pendente,,,
2301208,Aracoiaba,CE,2 - Nordeste,26696,4 - 20001 até 50000,Sim,Não,-,Parcialmente adaptada,Sim,Possui ônibus urbano (intramunicipal),Pendente,,,
2301257,Ararendá,CE,2 - Nordeste,11485,3 - 10001 até 20000,Não,Sim,Não,-,Não,Só ônibus intermunicipal (sem circulação interna),Pendente,,,
2301307,Araripe,CE,2 - Nordeste,20223,4 - 20001 até 50000,Não,Sim,Não,-,Não,Só ônibus intermunicipal (sem circulação interna),Pendente,,,
2301406,Aratuba,CE,2 - Nordeste,11459,3 - 10001 até 20000,Não,Sim,Não,-,Não,Só ônibus intermunicipal (sem circulação interna),Pendente,,,
2301505,Arneiroz,CE,2 - Nordeste,7619,2 - 5001 até 10000,Não,Sim,Sim,-,Sim,Possui ônibus local (via intermunicipal que circula internamente),Pendente,,,
2301604,Assaré,CE,2 - Nordeste,22212,4 - 20001 até 50000,Não,Sim,Não,-,Não,Só ônibus intermunicipal (sem circulação interna),Pendente,,,
2301703,Aurora,CE,2 - Nordeste,24267,4 - 20001 até 50000,Não,Sim,Não,-,Não,Só ônibus intermunicipal (sem circulação interna),Pendente,,,
2301802,Baixio,CE,2 - Nordeste,5832,2 - 5001 até 10000,Não,Sim,Não,-,Não,Só ônibus intermunicipal (sem circulação interna),Pendente,,,
2301851,Banabuiú,CE,2 - Nordeste,17654,3 - 10001 até 20000,Não,Sim,Não,-,Não,Só ônibus intermunicipal (sem circulação interna),Pendente,,,
2301901,Barbalha,CE,2 - Nordeste,80217,5 - 50001 até 100000,Sim,Sim,Sim,Sem adaptação,Sim,Possui ônibus urbano (intramunicipal),Pendente,,,
2301950,Barreira,CE,2 - Nordeste,23351,4 - 20001 até 50000,Sim,Sim,Não,Parcialmente adaptada,Sim,Possui ônibus urbano (intramunicipal),Pendente,,,
2302008,Barro,CE,2 - Nordeste,19669,3 - 10001 até 20000,Sim,Sim,Não,Totalmente adaptada,Sim,Possui ônibus urbano (intramunicipal),Pendente,,,
2302057,Barroquinha,CE,2 - Nordeste,14977,3 - 10001 até 20000,Não,Sim,Não,-,Não,Só ônibus intermunicipal (sem circulação interna),Pendente,,,
2302107,Baturité,CE,2 - Nordeste,36978,4 - 20001 até 50000,Não,Sim,Não,-,Não,Só ônibus intermunicipal (sem circulação interna),Pendente,,,
2302206,Beberibe,CE,2 - Nordeste,55666,5 - 50001 até 100000,Sim,Sim,Sim,Sem adaptação,Sim,Possui ônibus urbano (intramunicipal),Pendente,,,
2302305,Bela Cruz,CE,2 - Nordeste,34441,4 - 20001 até 50000,Sim,Sim,Não,Sem adaptação,Sim,Possui ônibus urbano (intramunicipal),Pendente,,,
2302404,Boa Viagem,CE,2 - Nordeste,52169,5 - 50001 até 100000,Sim,Sim,Não,Parcialmente adaptada,Sim,Possui ônibus urbano (intramunicipal),Pendente,,,
2302503,Brejo Santo,CE,2 - Nordeste,53778,5 - 50001 até 100000,Não,Sim,Não,-,Não,Só ônibus intermunicipal (sem circulação interna),Pendente,,,
2302602,Camocim,CE,2 - Nordeste,65031,5 - 50001 até 100000,Não,Sim,Não,-,Não,Só ônibus intermunicipal (sem circulação interna),Pendente,,,
2302701,Campos Sales,CE,2 - Nordeste,26082,4 - 20001 até 50000,Não,Sim,Não,-,Não,Só ônibus intermunicipal (sem circulação interna),Pendente,,,
2302800,Canindé,CE,2 - Nordeste,77207,5 - 50001 até 100000,Sim,Sim,Não,Parcialmente adaptada,Sim,Possui ônibus urbano (intramunicipal),Pendente,,,
2302909,Capistrano,CE,2 - Nordeste,17760,3 - 10001 até 20000,Não,Não,-,-,Não,Não possui transporte coletivo por ônibus,Sem fonte encontrada,,2026-08-07,"Prefeitura tem atribuições legais sobre transporte coletivo, mas sem confirmação de sistema efetivamente operante. Mantido dado original do MUNIC."
2303006,Caridade,CE,2 - Nordeste,16419,3 - 10001 até 20000,Não,Não,-,-,Não,Não possui transporte coletivo por ônibus,Sem fonte encontrada,,2026-08-08,Busca retornou apenas informações sobre rodoviária/transporte intermunicipal; sem confirmação confiável específica. Mantido dado original do MUNIC.
2303105,Cariré,CE,2 - Nordeste,18075,3 - 10001 até 20000,Não,Sim,Não,-,Não,Só ônibus intermunicipal (sem circulação interna),Pendente,,,
2303204,Caririaçu,CE,2 - Nordeste,27482,4 - 20001 até 50000,Sim,Sim,Não,Sem adaptação,Sim,Possui ônibus urbano (intramunicipal),Pendente,,,
2303303,Cariús,CE,2 - Nordeste,17333,3 - 10001 até 20000,Não,Sim,Sim,-,Sim,Possui ônibus local (via intermunicipal que circula internamente),Pendente,,,
2303402,Carnaubal,CE,2 - Nordeste,17758,3 - 10001 até 20000,Não,Sim,Não,-,Não,Só ônibus intermunicipal (sem circulação interna),Pendente,,,
2303501,Cascavel,CE,2 - Nordeste,76365,5 - 50001 até 100000,Não,Sim,Não,-,Não,Só ônibus intermunicipal (sem circulação interna),Pendente,,,
2303600,Catarina,CE,2 - Nordeste,9577,2 - 5001 até 10000,Não,Sim,Sim,-,Sim,Possui ônibus local (via intermunicipal que circula internamente),Pendente,,,
2303659,Catunda,CE,2 - Nordeste,10817,3 - 10001 até 20000,Não,Sim,Não,-,Não,Só ônibus intermunicipal (sem circulação interna),Pendente,,,
2303709,Caucaia,CE,2 - Nordeste,375730,6 - 100001 até 500000,Sim,Sim,Sim,Totalmente adaptada,Sim,Possui ônibus urbano (intramunicipal),Confirmado,Cidade de grande porte com sistema de transporte público municipal/metropolitano amplamente documentado (prefeitura/consórcio de transporte),2026-08-07,Município de grande população (>280 mil hab.) com sistema de ônibus consolidado e publicamente conhecido; dado do MUNIC 2024 já indicava 'Sim' corretamente.
2303808,Cedro,CE,2 - Nordeste,22678,4 - 20001 até 50000,Não,Sim,Sim,-,Sim,Possui ônibus local (via intermunicipal que circula internamente),Pendente,,,
2303907,Chaval,CE,2 - Nordeste,12805,3 - 10001 até 20000,Não,Sim,Não,-,Não,Só ônibus intermunicipal (sem circulação interna),Pendente,,,
2303931,Choró,CE,2 - Nordeste,12380,3 - 10001 até 20000,Não,Sim,Não,-,Não,Só ônibus intermunicipal (sem circulação interna),Pendente,,,
2303956,Chorozinho,CE,2 - Nordeste,20763,4 - 20001 até 50000,Não,Sim,Sim,-,Sim,Possui ônibus local (via intermunicipal que circula internamente),Pendente,,,
2304004,Coreaú,CE,2 - Nordeste,21438,4 - 20001 até 50000,Não,Sim,Não,-,Não,Só ônibus intermunicipal (sem circulação interna),Pendente,,,
2304103,Crateús,CE,2 - Nordeste,79809,5 - 50001 até 100000,Sim,Sim,Não,Sem adaptação,Sim,Possui ônibus urbano (intramunicipal),Pendente,,,
2304202,Crato,CE,2 - Nordeste,138232,6 - 100001 até 500000,Sim,Sim,Sim,Parcialmente adaptada,Sim,Possui ônibus urbano (intramunicipal),Pendente,,,
2304236,Croatá,CE,2 - Nordeste,18007,3 - 10001 até 20000,Não,Sim,Sim,-,Sim,Possui ônibus local (via intermunicipal que circula internamente),Pendente,,,
2304251,Cruz,CE,2 - Nordeste,31847,4 - 20001 até 50000,Não,Não,-,-,Não,Não possui transporte coletivo por ônibus,Sem fonte encontrada,,2026-08-07,"Cidade possui garagem de ônibus usados do antigo sistema de Fortaleza, mas isso não indica sistema urbano ativo em Cruz/CE. Mantido dado original do MUNIC."
2304269,Deputado Irapuan Pinheiro,CE,2 - Nordeste,9172,2 - 5001 até 10000,Não,Sim,Sim,-,Sim,Possui ônibus local (via intermunicipal que circula internamente),Pendente,,,
2304277,Ereré,CE,2 - Nordeste,6393,2 - 5001 até 10000,Não,Sim,Não,-,Não,Só ônibus intermunicipal (sem circulação interna),Pendente,,,
2304285,Eusébio,CE,2 - Nordeste,80304,5 - 50001 até 100000,Sim,Sim,Não,Parcialmente adaptada,Sim,Possui ônibus urbano (intramunicipal),Pendente,,,
2304301,Farias Brito,CE,2 - Nordeste,18557,3 - 10001 até 20000,Não,Sim,Não,-,Não,Só ônibus intermunicipal (sem circulação interna),Pendente,,,
2304350,Forquilha,CE,2 - Nordeste,25127,4 - 20001 até 50000,Sim,Sim,Não,Sem adaptação,Sim,Possui ônibus urbano (intramunicipal),Pendente,,,
2304400,Fortaleza,CE,2 - Nordeste,2574412,7 - Maior que 500000,Sim,Sim,Não informou,Não informou,Sim,Possui ônibus urbano (intramunicipal),Corrigido,https://www.fortaleza.ce.gov.br/institucional/categoria/empresa-de-transporte-urbano-de-fortaleza | https://pt.wikipedia.org/wiki/Empresa_de_Transporte_Urbano_de_Fortaleza,2026-08-07,"MUNIC 2024 registrou 'Não informou'. Fortaleza opera sistema municipal via ETUFOR desde 2006, 327 linhas."
2304459,Fortim,CE,2 - Nordeste,18052,3 - 10001 até 20000,Não,Sim,Não,-,Não,Só ônibus intermunicipal (sem circulação interna),Pendente,,,
2304509,Frecheirinha,CE,2 - Nordeste,16362,3 - 10001 até 20000,Não,Sim,Não,-,Não,Só ônibus intermunicipal (sem circulação interna),Pendente,,,
2304608,General Sampaio,CE,2 - Nordeste,6924,2 - 5001 até 10000,Não,Sim,Não,-,Não,Só ônibus intermunicipal (sem circulação interna),Pendente,,,
2304657,Graça,CE,2 - Nordeste,14174,3 - 10001 até 20000,Não,Sim,Não,-,Não,Só ônibus intermunicipal (sem circulação interna),Pendente,,,
2304707,Granja,CE,2 - Nordeste,55633,5 - 50001 até 100000,Não,Sim,Sim,-,Sim,Possui ônibus local (via intermunicipal que circula internamente),Pendente,,,
2304806,Granjeiro,CE,2 - Nordeste,4960,1 - Até 5000,Não,Sim,Não,-,Não,Só ônibus intermunicipal (sem circulação interna),Pendente,,,
2304905,Groaíras,CE,2 - Nordeste,11313,3 - 10001 até 20000,Não,Sim,Não,-,Não,Só ônibus intermunicipal (sem circulação interna),Pendente,,,
2304954,Guaiúba,CE,2 - Nordeste,25085,4 - 20001 até 50000,Não,Sim,Não,-,Não,Só ônibus intermunicipal (sem circulação interna),Pendente,,,
2305001,Guaraciaba do Norte,CE,2 - Nordeste,44294,4 - 20001 até 50000,Não,Sim,Sim,-,Sim,Possui ônibus local (via intermunicipal que circula internamente),Pendente,,,
2305100,Guaramiranga,CE,2 - Nordeste,5819,2 - 5001 até 10000,Não,Sim,Sim,-,Sim,Possui ônibus local (via intermunicipal que circula internamente),Pendente,,,
2305209,Hidrolândia,CE,2 - Nordeste,18225,3 - 10001 até 20000,Não,Sim,Não,-,Não,Só ônibus intermunicipal (sem circulação interna),Pendente,,,
2305233,Horizonte,CE,2 - Nordeste,79934,5 - 50001 até 100000,Não,Sim,Não,-,Não,Só ônibus intermunicipal (sem circulação interna),Pendente,,,
2305266,Ibaretama,CE,2 - Nordeste,12191,3 - 10001 até 20000,Não,Não,-,-,Não,Não possui transporte coletivo por ônibus,Sem fonte encontrada,,2026-08-08,Apenas menção a linhas complementares regionais reguladas pelo estado; sem confirmação específica de ônibus urbano interno. Mantido dado original do MUNIC.
2305308,Ibiapina,CE,2 - Nordeste,24649,4 - 20001 até 50000,Não,Sim,Não,-,Não,Só ônibus intermunicipal (sem circulação interna),Pendente,,,
2305332,Ibicuitinga,CE,2 - Nordeste,11979,3 - 10001 até 20000,Sim,Não,-,Parcialmente adaptada,Sim,Possui ônibus urbano (intramunicipal),Pendente,,,
2305357,Icapuí,CE,2 - Nordeste,22367,4 - 20001 até 50000,Não,Sim,Não,-,Não,Só ônibus intermunicipal (sem circulação interna),Pendente,,,
2305407,Icó,CE,2 - Nordeste,64802,5 - 50001 até 100000,Sim,Sim,Sim,Parcialmente adaptada,Sim,Possui ônibus urbano (intramunicipal),Pendente,,,
2305506,Iguatu,CE,2 - Nordeste,102251,6 - 100001 até 500000,Não,Sim,Sim,-,Sim,Possui ônibus local (via intermunicipal que circula internamente),Pendente,,,
2305605,Independência,CE,2 - Nordeste,24530,4 - 20001 até 50000,Não,Sim,Não,-,Não,Só ônibus intermunicipal (sem circulação interna),Pendente,,,
2305654,Ipaporanga,CE,2 - Nordeste,11937,3 - 10001 até 20000,Não,Sim,Não,-,Não,Só ônibus intermunicipal (sem circulação interna),Pendente,,,
2305704,Ipaumirim,CE,2 - Nordeste,12441,3 - 10001 até 20000,Não,Sim,Não,-,Não,Só ônibus intermunicipal (sem circulação interna),Pendente,,,
2305803,Ipu,CE,2 - Nordeste,42968,4 - 20001 até 50000,Sim,Sim,Não,Parcialmente adaptada,Sim,Possui ônibus urbano (intramunicipal),Pendente,,,
2305902,Ipueiras,CE,2 - Nordeste,38285,4 - 20001 até 50000,Sim,Sim,Sim,Parcialmente adaptada,Sim,Possui ônibus urbano (intramunicipal),Pendente,,,
2306009,Iracema,CE,2 - Nordeste,14411,3 - 10001 até 20000,Não,Sim,Sim,-,Sim,Possui ônibus local (via intermunicipal que circula internamente),Pendente,,,
2306108,Irauçuba,CE,2 - Nordeste,24751,4 - 20001 até 50000,Não,Sim,Não,-,Não,Só ônibus intermunicipal (sem circulação interna),Pendente,,,
2306207,Itaiçaba,CE,2 - Nordeste,7779,2 - 5001 até 10000,Sim,Sim,Sim,Parcialmente adaptada,Sim,Possui ônibus urbano (intramunicipal),Pendente,,,
2306256,Itaitinga,CE,2 - Nordeste,70679,5 - 50001 até 100000,Não,Sim,Sim,-,Sim,Possui ônibus local (via intermunicipal que circula internamente),Pendente,,,
2306306,Itapajé,CE,2 - Nordeste,49086,4 - 20001 até 50000,Não,Sim,Sim,-,Sim,Possui ônibus local (via intermunicipal que circula internamente),Pendente,,,
2306405,Itapipoca,CE,2 - Nordeste,137892,6 - 100001 até 500000,Sim,Sim,Não,Sem adaptação,Sim,Possui ônibus urbano (intramunicipal),Pendente,,,
2306504,Itapiúna,CE,2 - Nordeste,18228,3 - 10001 até 20000,Não,Não,-,-,Não,Não possui transporte coletivo por ônibus,Sem fonte encontrada,,2026-08-07,Busca retornou apenas informações sobre rodoviária/transporte intermunicipal ou localidades homônimas; sem confirmação confiável específica. Mantido dado original do MUNIC.
2306553,Itarema,CE,2 - Nordeste,45465,4 - 20001 até 50000,Sim,Sim,Sim,Parcialmente adaptada,Sim,Possui ônibus urbano (intramunicipal),Pendente,,,
2306603,Itatira,CE,2 - Nordeste,21087,4 - 20001 até 50000,Não,Sim,Não,-,Não,Só ônibus intermunicipal (sem circulação interna),Pendente,,,
2306702,Jaguaretama,CE,2 - Nordeste,17625,3 - 10001 até 20000,Não,Sim,Não,-,Não,Só ônibus intermunicipal (sem circulação interna),Pendente,,,
2306801,Jaguaribara,CE,2 - Nordeste,10656,3 - 10001 até 20000,Sim,Sim,Sim,Parcialmente adaptada,Sim,Possui ônibus urbano (intramunicipal),Pendente,,,
2306900,Jaguaribe,CE,2 - Nordeste,35124,4 - 20001 até 50000,Sim,Sim,Sim,Parcialmente adaptada,Sim,Possui ônibus urbano (intramunicipal),Pendente,,,
2307007,Jaguaruana,CE,2 - Nordeste,33070,4 - 20001 até 50000,Não,Sim,Sim,-,Sim,Possui ônibus local (via intermunicipal que circula internamente),Pendente,,,
2307106,Jardim,CE,2 - Nordeste,28707,4 - 20001 até 50000,Não,Sim,Não,-,Não,Só ônibus intermunicipal (sem circulação interna),Pendente,,,
2307205,Jati,CE,2 - Nordeste,8100,2 - 5001 até 10000,Não,Não,-,-,Não,Não possui transporte coletivo por ônibus,Sem fonte encontrada,Buscas retornaram apenas rodoviária/transporte intermunicipal (Jati-CE),2026-08-08,Nenhuma evidência específica de ônibus urbano intramunicipal encontrada
2307254,Jijoca de Jericoacoara,CE,2 - Nordeste,27662,4 - 20001 até 50000,Não,Não,-,-,Não,Não possui transporte coletivo por ônibus,Confirmado,Busca web sobre transporte em Jijoca de Jericoacoara/CE,2026-08-07,"Confirmado: transporte coletivo local é feito por 'jardineiras' (veículos 4x4 abertos) entre a sede do município e a vila de Jericoacoara, não por ônibus convencional. Classificação do MUNIC como 'sem ônibus' está tecnicamente correta."
2307304,Juazeiro do Norte,CE,2 - Nordeste,303004,6 - 100001 até 500000,Sim,Sim,Sim,Totalmente adaptada,Sim,Possui ônibus urbano (intramunicipal),Confirmado,Cidade de grande porte com sistema de transporte público municipal/metropolitano amplamente documentado (prefeitura/consórcio de transporte),2026-08-07,Município de grande população (>280 mil hab.) com sistema de ônibus consolidado e publicamente conhecido; dado do MUNIC 2024 já indicava 'Sim' corretamente.
2307403,Jucás,CE,2 - Nordeste,24591,4 - 20001 até 50000,Sim,Sim,Não,Sem adaptação,Sim,Possui ônibus urbano (intramunicipal),Pendente,,,
2307502,Lavras da Mangabeira,CE,2 - Nordeste,32123,4 - 20001 até 50000,Não,Sim,Não,-,Não,Só ônibus intermunicipal (sem circulação interna),Pendente,,,
2307601,Limoeiro do Norte,CE,2 - Nordeste,62285,5 - 50001 até 100000,Não,Sim,Não,-,Não,Só ônibus intermunicipal (sem circulação interna),Pendente,,,
2307635,Madalena,CE,2 - Nordeste,17264,3 - 10001 até 20000,Sim,Sim,Sim,Parcialmente adaptada,Sim,Possui ônibus urbano (intramunicipal),Pendente,,,
2307650,Maracanaú,CE,2 - Nordeste,249684,6 - 100001 até 500000,Sim,Sim,Sim,Totalmente adaptada,Sim,Possui ônibus urbano (intramunicipal),Pendente,,,
2307700,Maranguape,CE,2 - Nordeste,108937,6 - 100001 até 500000,Sim,Sim,Sim,Parcialmente adaptada,Sim,Possui ônibus urbano (intramunicipal),Pendente,,,
2307809,Marco,CE,2 - Nordeste,27064,4 - 20001 até 50000,Não,Sim,Não,-,Não,Só ônibus intermunicipal (sem circulação interna),Pendente,,,
2307908,Martinópole,CE,2 - Nordeste,11232,3 - 10001 até 20000,Não,Sim,Não,-,Não,Só ônibus intermunicipal (sem circulação interna),Pendente,,,
2308005,Massapê,CE,2 - Nordeste,39633,4 - 20001 até 50000,Sim,Sim,Não,Sem adaptação,Sim,Possui ônibus urbano (intramunicipal),Pendente,,,
2308104,Mauriti,CE,2 - Nordeste,47406,4 - 20001 até 50000,Não,Sim,Não,-,Não,Só ônibus intermunicipal (sem circulação interna),Pendente,,,
2308203,Meruoca,CE,2 - Nordeste,15749,3 - 10001 até 20000,Não,Não,-,-,Não,Não possui transporte coletivo por ônibus,Sem fonte encontrada,,2026-08-08,"Existe sistema de vans (IVECO) intermunicipais Meruoca/Sobral, mas são vans, não ônibus classificados como tal pela MUNIC; sem confirmação de ônibus urbano interno. Mantido dado original do MUNIC."
2308302,Milagres,CE,2 - Nordeste,26860,4 - 20001 até 50000,Não,Sim,Não,-,Não,Só ônibus intermunicipal (sem circulação interna),Pendente,,,
2308351,Milhã,CE,2 - Nordeste,14635,3 - 10001 até 20000,Não,Sim,Não,-,Não,Só ônibus intermunicipal (sem circulação interna),Pendente,,,
2308377,Miraíma,CE,2 - Nordeste,14736,3 - 10001 até 20000,Não,Sim,Não,-,Não,Só ônibus intermunicipal (sem circulação interna),Pendente,,,
2308401,Missão Velha,CE,2 - Nordeste,38767,4 - 20001 até 50000,Sim,Sim,Não,Sem adaptação,Sim,Possui ônibus urbano (intramunicipal),Pendente,,,
2308500,Mombaça,CE,2 - Nordeste,38649,4 - 20001 até 50000,Não,Sim,Não,-,Não,Só ônibus intermunicipal (sem circulação interna),Pendente,,,
2308609,Monsenhor Tabosa,CE,2 - Nordeste,17664,3 - 10001 até 20000,Não,Sim,Sim,-,Sim,Possui ônibus local (via intermunicipal que circula internamente),Pendente,,,
2308708,Morada Nova,CE,2 - Nordeste,65323,5 - 50001 até 100000,Sim,Sim,Não,Parcialmente adaptada,Sim,Possui ônibus urbano (intramunicipal),Pendente,,,
2308807,Moraújo,CE,2 - Nordeste,8516,2 - 5001 até 10000,Sim,Sim,Sim,Sem adaptação,Sim,Possui ônibus urbano (intramunicipal),Pendente,,,
2308906,Morrinhos,CE,2 - Nordeste,23608,4 - 20001 até 50000,Não,Não,-,-,Não,Não possui transporte coletivo por ônibus,Sem fonte encontrada,,2026-08-07,Busca retornou apenas informações sobre rodoviária/transporte intermunicipal; sem confirmação confiável específica. Mantido dado original do MUNIC.
2309003,Mucambo,CE,2 - Nordeste,14009,3 - 10001 até 20000,Não,Sim,Não,-,Não,Só ônibus intermunicipal (sem circulação interna),Pendente,,,
2309102,Mulungu,CE,2 - Nordeste,10993,3 - 10001 até 20000,Não,Não,-,-,Não,Não possui transporte coletivo por ônibus,Sem fonte encontrada,,2026-08-08,Busca retornou apenas informações sobre rodoviária/transporte intermunicipal; sem confirmação confiável específica de ônibus urbano. Mantido dado original do MUNIC.
2309201,Nova Olinda,CE,2 - Nordeste,15960,3 - 10001 até 20000,Sim,Sim,Sim,Totalmente adaptada,Sim,Possui ônibus urbano (intramunicipal),Pendente,,,
2309300,Nova Russas,CE,2 - Nordeste,32014,4 - 20001 até 50000,Não,Sim,Não,-,Não,Só ônibus intermunicipal (sem circulação interna),Pendente,,,
2309409,Novo Oriente,CE,2 - Nordeste,29043,4 - 20001 até 50000,Não,Sim,Sim,-,Sim,Possui ônibus local (via intermunicipal que circula internamente),Pendente,,,
2309458,Ocara,CE,2 - Nordeste,25218,4 - 20001 até 50000,Não,Sim,Sim,-,Sim,Possui ônibus local (via intermunicipal que circula internamente),Pendente,,,
2309508,Orós,CE,2 - Nordeste,20019,4 - 20001 até 50000,Não,Sim,Sim,-,Sim,Possui ônibus local (via intermunicipal que circula internamente),Pendente,,,
2309607,Pacajus,CE,2 - Nordeste,74825,5 - 50001 até 100000,Não,Sim,Não,-,Não,Só ônibus intermunicipal (sem circulação interna),Pendente,,,
2309706,Pacatuba,CE,2 - Nordeste,85873,5 - 50001 até 100000,Sim,Sim,Sim,Totalmente adaptada,Sim,Possui ônibus urbano (intramunicipal),Pendente,,,
2309805,Pacoti,CE,2 - Nordeste,11442,3 - 10001 até 20000,Não,Não,-,-,Não,Não possui transporte coletivo por ônibus,Sem fonte encontrada,,2026-08-08,Busca retornou apenas informações sobre rodoviária/transporte intermunicipal ou empresa homônima que atua em outra região; sem confirmação confiável específica. Mantido dado original do MUNIC.
2309904,Pacujá,CE,2 - Nordeste,6345,2 - 5001 até 10000,Não,Não,-,-,Não,Não possui transporte coletivo por ônibus,Sem fonte encontrada,Buscas retornaram apenas transporte intermunicipal para Fortaleza (Pacujá-CE),2026-08-10,Nenhuma evidência específica de ônibus urbano intramunicipal encontrada
2310001,Palhano,CE,2 - Nordeste,9671,2 - 5001 até 10000,Não,Não,-,-,Não,Não possui transporte coletivo por ônibus,Confirmado,Diário do Nordeste: 'Apenas cinco municípios cearenses contam com transporte coletivo' (diariodonordeste.verdesmares.com.br) - Palhano não está entre os 5,2026-08-08,"Fonte estadual específica lista os únicos 5 municípios do CE com transporte coletivo; Palhano não consta, consistente com MUNIC"
2310100,Palmácia,CE,2 - Nordeste,10339,3 - 10001 até 20000,Não,Sim,Sim,-,Sim,Possui ônibus local (via intermunicipal que circula internamente),Pendente,,,
2310209,Paracuru,CE,2 - Nordeste,41447,4 - 20001 até 50000,Sim,Sim,Sim,Parcialmente adaptada,Sim,Possui ônibus urbano (intramunicipal),Pendente,,,
2310258,Paraipaba,CE,2 - Nordeste,33896,4 - 20001 até 50000,Não,Sim,Sim,-,Sim,Possui ônibus local (via intermunicipal que circula internamente),Pendente,,,
2310308,Parambu,CE,2 - Nordeste,32816,4 - 20001 até 50000,Não,Sim,Não,-,Não,Só ônibus intermunicipal (sem circulação interna),Pendente,,,
2310407,Paramoti,CE,2 - Nordeste,10528,3 - 10001 até 20000,Não,Sim,Não,-,Não,Só ônibus intermunicipal (sem circulação interna),Pendente,,,
2310506,Pedra Branca,CE,2 - Nordeste,42257,4 - 20001 até 50000,Não,Sim,Sim,-,Sim,Possui ônibus local (via intermunicipal que circula internamente),Pendente,,,
2310605,Penaforte,CE,2 - Nordeste,9308,2 - 5001 até 10000,Não,Sim,Não,-,Não,Só ônibus intermunicipal (sem circulação interna),Pendente,,,
2310704,Pentecoste,CE,2 - Nordeste,39715,4 - 20001 até 50000,Não,Sim,Não,-,Não,Só ônibus intermunicipal (sem circulação interna),Pendente,,,
2310803,Pereiro,CE,2 - Nordeste,15869,3 - 10001 até 20000,Não,Sim,Não,-,Não,Só ônibus intermunicipal (sem circulação interna),Pendente,,,
2310852,Pindoretama,CE,2 - Nordeste,24607,4 - 20001 até 50000,Não,Sim,Não,-,Não,Só ônibus intermunicipal (sem circulação interna),Pendente,,,
2310902,Piquet Carneiro,CE,2 - Nordeste,17202,3 - 10001 até 20000,Não,Sim,Não,-,Não,Só ônibus intermunicipal (sem circulação interna),Pendente,,,
2310951,Pires Ferreira,CE,2 - Nordeste,10952,3 - 10001 até 20000,Não,Sim,Não,-,Não,Só ônibus intermunicipal (sem circulação interna),Pendente,,,
2311009,Poranga,CE,2 - Nordeste,12423,3 - 10001 até 20000,Não,Sim,Não,-,Não,Só ônibus intermunicipal (sem circulação interna),Pendente,,,
2311108,Porteiras,CE,2 - Nordeste,17745,3 - 10001 até 20000,Não,Sim,Sim,-,Sim,Possui ônibus local (via intermunicipal que circula internamente),Pendente,,,
2311207,Potengi,CE,2 - Nordeste,8926,2 - 5001 até 10000,Não,Sim,Não,-,Não,Só ônibus intermunicipal (sem circulação interna),Pendente,,,
2311231,Potiretama,CE,2 - Nordeste,6129,2 - 5001 até 10000,Não,Não,-,-,Não,Não possui transporte coletivo por ônibus,Sem fonte encontrada,"Buscas retornaram apenas cobertura estadual geral de transporte intermunicipal do CE, nada específico sobre Potiretama-CE",2026-08-10,Nenhuma evidência específica de ônibus urbano intramunicipal encontrada
2311264,Quiterianópolis,CE,2 - Nordeste,20506,4 - 20001 até 50000,Não,Sim,Não,-,Não,Só ônibus intermunicipal (sem circulação interna),Pendente,,,
2311306,Quixadá,CE,2 - Nordeste,88483,5 - 50001 até 100000,Não,Sim,Não,-,Não,Só ônibus intermunicipal (sem circulação interna),Pendente,,,
2311355,Quixelô,CE,2 - Nordeste,16992,3 - 10001 até 20000,Sim,Sim,Não,Sem adaptação,Sim,Possui ônibus urbano (intramunicipal),Pendente,,,
2311405,Quixeramobim,CE,2 - Nordeste,85797,5 - 50001 até 100000,Sim,Sim,Sim,Parcialmente adaptada,Sim,Possui ônibus urbano (intramunicipal),Pendente,,,
2311504,Quixeré,CE,2 - Nordeste,21607,4 - 20001 até 50000,Sim,Sim,Sim,Parcialmente adaptada,Sim,Possui ônibus urbano (intramunicipal),Pendente,,,
2311603,Redenção,CE,2 - Nordeste,28359,4 - 20001 até 50000,Não,Sim,Não,-,Não,Só ônibus intermunicipal (sem circulação interna),Pendente,,,
2311702,Reriutaba,CE,2 - Nordeste,19059,3 - 10001 até 20000,Não,Sim,Não,-,Não,Só ônibus intermunicipal (sem circulação interna),Pendente,,,
2311801,Russas,CE,2 - Nordeste,74582,5 - 50001 até 100000,Não,Sim,Não,-,Não,Só ônibus intermunicipal (sem circulação interna),Pendente,,,
2311900,Saboeiro,CE,2 - Nordeste,14036,3 - 10001 até 20000,Não,Não,-,-,Não,Não possui transporte coletivo por ônibus,Sem fonte encontrada,,2026-08-08,Apenas rodoviária intermunicipal; sem fonte específica sobre ônibus urbano. Mantido dado original do MUNIC.
2311959,Salitre,CE,2 - Nordeste,17220,3 - 10001 até 20000,Não,Não,-,-,Não,Não possui transporte coletivo por ônibus,Sem fonte encontrada,,2026-08-08,Busca retornou apenas informações sobre rodoviária/transporte intermunicipal/fretamento ou bairros homônimos; sem confirmação confiável específica. Mantido dado original do MUNIC.
2312007,Santana do Acaraú,CE,2 - Nordeste,32043,4 - 20001 até 50000,Sim,Não,-,Parcialmente adaptada,Sim,Possui ônibus urbano (intramunicipal),Pendente,,,
2312106,Santana do Cariri,CE,2 - Nordeste,17388,3 - 10001 até 20000,Não,Sim,Não,-,Não,Só ônibus intermunicipal (sem circulação interna),Pendente,,,
2312205,Santa Quitéria,CE,2 - Nordeste,41647,4 - 20001 até 50000,Não,Sim,Não,-,Não,Só ônibus intermunicipal (sem circulação interna),Pendente,,,
2312304,São Benedito,CE,2 - Nordeste,49829,4 - 20001 até 50000,Não,Sim,Não,-,Não,Só ônibus intermunicipal (sem circulação interna),Pendente,,,
2312403,São Gonçalo do Amarante,CE,2 - Nordeste,57499,5 - 50001 até 100000,Sim,Sim,Sim,Totalmente adaptada,Sim,Possui ônibus urbano (intramunicipal),Pendente,,,
2312502,São João do Jaguaribe,CE,2 - Nordeste,5792,2 - 5001 até 10000,Sim,Sim,Não,Sem adaptação,Sim,Possui ônibus urbano (intramunicipal),Pendente,,,
2312601,São Luís do Curu,CE,2 - Nordeste,10962,3 - 10001 até 20000,Não,Sim,Não,-,Não,Só ônibus intermunicipal (sem circulação interna),Pendente,,,
2312700,Senador Pompeu,CE,2 - Nordeste,25143,4 - 20001 até 50000,Sim,Sim,Não,Parcialmente adaptada,Sim,Possui ônibus urbano (intramunicipal),Pendente,,,
2312809,Senador Sá,CE,2 - Nordeste,7519,2 - 5001 até 10000,Não,Sim,Não,-,Não,Só ônibus intermunicipal (sem circulação interna),Pendente,,,
2312908,Sobral,CE,2 - Nordeste,215286,6 - 100001 até 500000,Sim,Sim,Não,Totalmente adaptada,Sim,Possui ônibus urbano (intramunicipal),Pendente,,,
2313005,Solonópole,CE,2 - Nordeste,18736,3 - 10001 até 20000,Não,Sim,Sim,-,Sim,Possui ônibus local (via intermunicipal que circula internamente),Pendente,,,
2313104,Tabuleiro do Norte,CE,2 - Nordeste,32044,4 - 20001 até 50000,Não,Sim,Não,-,Não,Só ônibus intermunicipal (sem circulação interna),Pendente,,,
2313203,Tamboril,CE,2 - Nordeste,25331,4 - 20001 até 50000,Não,Sim,Não,-,Não,Só ônibus intermunicipal (sem circulação interna),Pendente,,,
2313252,Tarrafas,CE,2 - Nordeste,7626,2 - 5001 até 10000,Não,Sim,Não,-,Não,Só ônibus intermunicipal (sem circulação interna),Pendente,,,
2313302,Tauá,CE,2 - Nordeste,64255,5 - 50001 até 100000,Sim,Sim,Sim,Parcialmente adaptada,Sim,Possui ônibus urbano (intramunicipal),Pendente,,,
2313351,Tejuçuoca,CE,2 - Nordeste,17626,3 - 10001 até 20000,Não,Sim,Não,-,Não,Só ônibus intermunicipal (sem circulação interna),Pendente,,,
2313401,Tianguá,CE,2 - Nordeste,86137,5 - 50001 até 100000,Não,Sim,Não,-,Não,Só ônibus intermunicipal (sem circulação interna),Pendente,,,
2313500,Trairi,CE,2 - Nordeste,61516,5 - 50001 até 100000,Sim,Sim,Não,Sem adaptação,Sim,Possui ônibus urbano (intramunicipal),Pendente,,,
2313559,Tururu,CE,2 - Nordeste,15457,3 - 10001 até 20000,Não,Sim,Não,-,Não,Só ônibus intermunicipal (sem circulação interna),Pendente,,,
2313609,Ubajara,CE,2 - Nordeste,34312,4 - 20001 até 50000,Sim,Sim,Sim,Parcialmente adaptada,Sim,Possui ônibus urbano (intramunicipal),Pendente,,,
2313708,Umari,CE,2 - Nordeste,6993,2 - 5001 até 10000,Não,Sim,Sim,-,Sim,Possui ônibus local (via intermunicipal que circula internamente),Pendente,,,
2313757,Umirim,CE,2 - Nordeste,17804,3 - 10001 até 20000,Sim,Sim,Não,Sem adaptação,Sim,Possui ônibus urbano (intramunicipal),Pendente,,,
2313807,Uruburetama,CE,2 - Nordeste,21279,4 - 20001 até 50000,Não,Sim,Não,-,Não,Só ônibus intermunicipal (sem circulação interna),Pendente,,,
2313906,Uruoca,CE,2 - Nordeste,14243,3 - 10001 até 20000,Sim,Sim,Não,Sem adaptação,Sim,Possui ônibus urbano (intramunicipal),Pendente,,,
2313955,Varjota,CE,2 - Nordeste,18660,3 - 10001 até 20000,Sim,Sim,Não,Parcialmente adaptada,Sim,Possui ônibus urbano (intramunicipal),Pendente,,,
2314003,Várzea Alegre,CE,2 - Nordeste,40771,4 - 20001 até 50000,Não,Sim,Não,-,Não,Só ônibus intermunicipal (sem circulação interna),Pendente,,,
2314102,Viçosa do Ceará,CE,2 - Nordeste,62609,5 - 50001 até 100000,Não,Sim,Não,-,Não,Só ônibus intermunicipal (sem circulação interna),Pendente,,,
2400109,Acari,RN,2 - Nordeste,10865,3 - 10001 até 20000,Não,Não,-,-,Não,Não possui transporte coletivo por ônibus,Sem fonte encontrada,,2026-08-08,Busca retornou apenas informações sobre rodoviária/transporte intermunicipal; sem confirmação confiável específica de ônibus urbano. Mantido dado original do MUNIC.
2400208,Açu,RN,2 - Nordeste,58906,5 - 50001 até 100000,Não,Sim,Não,-,Não,Só ônibus intermunicipal (sem circulação interna),Pendente,,,
2400307,Afonso Bezerra,RN,2 - Nordeste,11149,3 - 10001 até 20000,Sim,Não,-,-,Sim,Possui ônibus urbano (intramunicipal),Corrigido,https://www.solutudo.com.br/onibus/urbano/rn/afonso-bezerra,2026-08-08,Diretório Solutudo Brasil lista horários de ônibus de Afonso Bezerra/RN especificamente na categoria 'urbano/municipal'. Diverge do 'Não' do MUNIC 2024.
2400406,Água Nova,RN,2 - Nordeste,3028,1 - Até 5000,Não,Sim,Não,-,Não,Só ônibus intermunicipal (sem circulação interna),Pendente,,,
2400505,Alexandria,RN,2 - Nordeste,14042,3 - 10001 até 20000,Não,Não,-,-,Não,Não possui transporte coletivo por ônibus,Sem fonte encontrada,,2026-08-08,Busca retornou apenas informações sobre rodoviária/transporte intermunicipal ou localidades homônimas; sem confirmação confiável específica. Mantido dado original do MUNIC.
2400604,Almino Afonso,RN,2 - Nordeste,4806,1 - Até 5000,Não,Não,-,-,Não,Não possui transporte coletivo por ônibus,Sem fonte encontrada,Fonte indica cidade pequena com locomoção predominante a pé (Almino Afonso-RN),2026-08-13,"Evidência sugere ausência de ônibus urbano, mas não é fonte formal suficiente para Confirmado"
2400703,Alto do Rodrigues,RN,2 - Nordeste,12857,3 - 10001 até 20000,Sim,Não,-,Sem adaptação,Sim,Possui ônibus urbano (intramunicipal),Pendente,,,
2400802,Angicos,RN,2 - Nordeste,11973,3 - 10001 até 20000,Não,Sim,Sim,-,Sim,Possui ônibus local (via intermunicipal que circula internamente),Pendente,,,
2400901,Antônio Martins,RN,2 - Nordeste,6738,2 - 5001 até 10000,Não,Sim,Não,-,Não,Só ônibus intermunicipal (sem circulação interna),Pendente,,,
2401008,Apodi,RN,2 - Nordeste,37390,4 - 20001 até 50000,Não,Sim,Não,-,Não,Só ônibus intermunicipal (sem circulação interna),Pendente,,,
2401107,Areia Branca,RN,2 - Nordeste,24643,4 - 20001 até 50000,Não,Sim,Não,-,Não,Só ônibus intermunicipal (sem circulação interna),Pendente,,,
2401206,Arês,RN,2 - Nordeste,13657,3 - 10001 até 20000,Não,Sim,Sim,-,Sim,Possui ônibus local (via intermunicipal que circula internamente),Pendente,,,
2401305,Campo Grande,RN,2 - Nordeste,10045,3 - 10001 até 20000,Não,Não,-,-,Não,Não possui transporte coletivo por ônibus,Sem fonte encontrada,,2026-08-08,Resultados confundidos com Campo Grande/MS e RJ; sem fonte específica sobre Campo Grande/RN. Mantido dado original do MUNIC.
2401404,Baía Formosa,RN,2 - Nordeste,9098,2 - 5001 até 10000,Não,Sim,Não,-,Não,Só ônibus intermunicipal (sem circulação interna),Pendente,,,
2401453,Baraúna,RN,2 - Nordeste,28268,4 - 20001 até 50000,Não,Sim,Não,-,Não,Só ônibus intermunicipal (sem circulação interna),Pendente,,,
2401503,Barcelona,RN,2 - Nordeste,4103,1 - Até 5000,Sim,Sim,Não,Parcialmente adaptada,Sim,Possui ônibus urbano (intramunicipal),Pendente,,,
2401602,Bento Fernandes,RN,2 - Nordeste,4920,1 - Até 5000,Não,Não,-,-,Não,Não possui transporte coletivo por ônibus,Sem fonte encontrada,Buscas retornaram apenas rodoviária intermunicipal (Bento Fernandes-RN),2026-08-13,Nenhuma evidência específica de ônibus urbano intramunicipal encontrada
2401651,Bodó,RN,2 - Nordeste,2363,1 - Até 5000,Não,Não,-,-,Não,Não possui transporte coletivo por ônibus,Pendente,,,
2401701,Bom Jesus,RN,2 - Nordeste,10279,3 - 10001 até 20000,Não,Sim,Não,-,Não,Só ônibus intermunicipal (sem circulação interna),Pendente,,,
2401800,Brejinho,RN,2 - Nordeste,12603,3 - 10001 até 20000,Não,Sim,Não,-,Não,Só ônibus intermunicipal (sem circulação interna),Pendente,,,
2401859,Caiçara do Norte,RN,2 - Nordeste,6474,2 - 5001 até 10000,Não,Sim,Não,-,Não,Só ônibus intermunicipal (sem circulação interna),Pendente,,,
2401909,Caiçara do Rio do Vento,RN,2 - Nordeste,3359,1 - Até 5000,Não,Não,-,-,Não,Não possui transporte coletivo por ônibus,Pendente,,,
2402006,Caicó,RN,2 - Nordeste,63339,5 - 50001 até 100000,Sim,Sim,Sim,Sem adaptação,Sim,Possui ônibus urbano (intramunicipal),Pendente,,,
2402105,Campo Redondo,RN,2 - Nordeste,10504,3 - 10001 até 20000,Não,Sim,Não,-,Não,Só ônibus intermunicipal (sem circulação interna),Pendente,,,
2402204,Canguaretama,RN,2 - Nordeste,30806,4 - 20001 até 50000,Sim,Sim,Não,Parcialmente adaptada,Sim,Possui ônibus urbano (intramunicipal),Pendente,,,
2402303,Caraúbas,RN,2 - Nordeste,20161,4 - 20001 até 50000,Não,Sim,Não,-,Não,Só ônibus intermunicipal (sem circulação interna),Pendente,,,
2402402,Carnaúba dos Dantas,RN,2 - Nordeste,8267,2 - 5001 até 10000,Sim,Não,-,Totalmente adaptada,Sim,Possui ônibus urbano (intramunicipal),Pendente,,,
2402501,Carnaubais,RN,2 - Nordeste,10010,3 - 10001 até 20000,Não,Sim,Sim,-,Sim,Possui ônibus local (via intermunicipal que circula internamente),Pendente,,,
2402600,Ceará-Mirim,RN,2 - Nordeste,83009,5 - 50001 até 100000,Sim,Sim,Não,Sem adaptação,Sim,Possui ônibus urbano (intramunicipal),Pendente,,,
2402709,Cerro Corá,RN,2 - Nordeste,11322,3 - 10001 até 20000,Sim,Não,-,Parcialmente adaptada,Sim,Possui ônibus urbano (intramunicipal),Pendente,,,
2402808,Coronel Ezequiel,RN,2 - Nordeste,5241,2 - 5001 até 10000,Sim,Sim,Sim,Totalmente adaptada,Sim,Possui ônibus urbano (intramunicipal),Pendente,,,
2402907,Coronel João Pessoa,RN,2 - Nordeste,4315,1 - Até 5000,Não,Sim,Não,-,Não,Só ônibus intermunicipal (sem circulação interna),Pendente,,,
2403004,Cruzeta,RN,2 - Nordeste,8238,2 - 5001 até 10000,Não,Não,-,-,Não,Não possui transporte coletivo por ônibus,Sem fonte encontrada,"Resultados majoritariamente sobre Rio Grande-RS (homônimo de estado), nada específico sobre Cruzeta-RN",2026-08-08,"Confusão com Rio Grande-RS, sem evidência válida"
2403103,Currais Novos,RN,2 - Nordeste,42930,4 - 20001 até 50000,Não,Não,-,-,Não,Não possui transporte coletivo por ônibus,Sem fonte encontrada,,2026-08-07,Busca retornou apenas informações sobre rodoviária/transporte intermunicipal; sem fonte confiável específica sobre transporte urbano por ônibus. Mantido dado original do MUNIC.
2403202,Doutor Severiano,RN,2 - Nordeste,7253,2 - 5001 até 10000,Não,Não,-,-,Não,Não possui transporte coletivo por ônibus,Sem fonte encontrada,Buscas retornaram apenas rodoviária/transporte intermunicipal (Doutor Severiano-RN),2026-08-10,Nenhuma evidência específica de ônibus urbano intramunicipal encontrada
2403251,Parnamirim,RN,2 - Nordeste,269298,6 - 100001 até 500000,Sim,Sim,Sim,Parcialmente adaptada,Sim,Possui ônibus urbano (intramunicipal),Pendente,,,
2403301,Encanto,RN,2 - Nordeste,6252,2 - 5001 até 10000,Não,Não,-,-,Não,Não possui transporte coletivo por ônibus,Sem fonte encontrada,"Resultados majoritariamente confundidos com Rio Grande-RS, nada específico sobre Encanto-RN",2026-08-10,"Confusão com Rio Grande-RS, sem evidência válida"
2403400,Equador,RN,2 - Nordeste,5476,2 - 5001 até 10000,Não,Não,-,-,Não,Não possui transporte coletivo por ônibus,Sem fonte encontrada,"Resultados majoritariamente sobre o país Equador e Rio Grande-RS, nada específico sobre Equador-RN",2026-08-11,"Confusão com país/estado homônimos, sem evidência válida"
2403509,Espírito Santo,RN,2 - Nordeste,10936,3 - 10001 até 20000,Não,Sim,Sim,-,Sim,Possui ônibus local (via intermunicipal que circula internamente),Pendente,,,
2403608,Extremoz,RN,2 - Nordeste,66993,5 - 50001 até 100000,Sim,Sim,Sim,Parcialmente adaptada,Sim,Possui ônibus urbano (intramunicipal),Pendente,,,
2403707,Felipe Guerra,RN,2 - Nordeste,6458,2 - 5001 até 10000,Não,Não,-,-,Não,Não possui transporte coletivo por ônibus,Sem fonte encontrada,Buscas retornaram apenas transporte escolar e rodoviária intermunicipal (Felipe Guerra-RN),2026-08-10,Nenhuma evidência específica de ônibus urbano intramunicipal encontrada
2403756,Fernando Pedroza,RN,2 - Nordeste,3029,1 - Até 5000,Não,Não,-,-,Não,Não possui transporte coletivo por ônibus,Pendente,,,
2403806,Florânia,RN,2 - Nordeste,10528,3 - 10001 até 20000,Não,Não,-,-,Não,Não possui transporte coletivo por ônibus,Sem fonte encontrada,,2026-08-08,Busca retornou apenas informações sobre rodoviária/transporte intermunicipal ou texto genérico/padronizado de baixa confiabilidade; sem confirmação confiável específica. Mantido dado original do MUNIC.
2403905,Francisco Dantas,RN,2 - Nordeste,2763,1 - Até 5000,Não,Não,-,-,Não,Não possui transporte coletivo por ônibus,Pendente,,,
2404002,Frutuoso Gomes,RN,2 - Nordeste,4231,1 - Até 5000,Não,Não,-,-,Não,Não possui transporte coletivo por ônibus,Pendente,,,
2404101,Galinhos,RN,2 - Nordeste,2160,1 - Até 5000,Não,Sim,Não,-,Não,Só ônibus intermunicipal (sem circulação interna),Pendente,,,
2404200,Goianinha,RN,2 - Nordeste,28212,4 - 20001 até 50000,Não,Sim,Não,-,Não,Só ônibus intermunicipal (sem circulação interna),Pendente,,,
2404309,Governador Dix-Sept Rosado,RN,2 - Nordeste,12239,3 - 10001 até 20000,Não,Sim,Não,-,Não,Só ônibus intermunicipal (sem circulação interna),Pendente,,,
2404408,Grossos,RN,2 - Nordeste,10251,3 - 10001 até 20000,Não,Sim,Não,-,Não,Só ônibus intermunicipal (sem circulação interna),Pendente,,,
2404507,Guamaré,RN,2 - Nordeste,15947,3 - 10001 até 20000,Não,Sim,Não,-,Não,Só ônibus intermunicipal (sem circulação interna),Pendente,,,
2404606,Ielmo Marinho,RN,2 - Nordeste,11903,3 - 10001 até 20000,Sim,Sim,Sim,Totalmente adaptada,Sim,Possui ônibus urbano (intramunicipal),Pendente,,,
2404705,Ipanguaçu,RN,2 - Nordeste,14539,3 - 10001 até 20000,Não,Sim,Não,-,Não,Só ônibus intermunicipal (sem circulação interna),Pendente,,,
2404804,Ipueira,RN,2 - Nordeste,2090,1 - Até 5000,Não,Não,-,-,Não,Não possui transporte coletivo por ônibus,Pendente,,,
2404853,Itajá,RN,2 - Nordeste,7531,2 - 5001 até 10000,Não,Não,-,-,Não,Não possui transporte coletivo por ônibus,Sem fonte encontrada,"Resultados majoritariamente confundidos com Itajaí-SC (homônimo), nada específico sobre Itajá-RN",2026-08-10,"Confusão com Itajaí-SC, sem evidência válida"
2404903,Itaú,RN,2 - Nordeste,5452,2 - 5001 até 10000,Não,Sim,Não,-,Não,Só ônibus intermunicipal (sem circulação interna),Pendente,,,
2405009,Jaçanã,RN,2 - Nordeste,8051,2 - 5001 até 10000,Não,Sim,Não,-,Não,Só ônibus intermunicipal (sem circulação interna),Pendente,,,
2405108,Jandaíra,RN,2 - Nordeste,6748,2 - 5001 até 10000,Não,Não,-,-,Não,Não possui transporte coletivo por ônibus,Sem fonte encontrada,Resultados confundidos com empresa 'Jandaia Transportes' de outro estado e Jandira-SP; buscas retornaram apenas rodoviária intermunicipal (Jandaíra-RN),2026-08-10,"Confusão com empresas/municípios homônimos, sem evidência válida"
2405207,Janduís,RN,2 - Nordeste,4834,1 - Até 5000,Não,Sim,Não,-,Não,Só ônibus intermunicipal (sem circulação interna),Pendente,,,
2405306,Januário Cicco,RN,2 - Nordeste,8836,2 - 5001 até 10000,Não,Sim,Não,-,Não,Só ônibus intermunicipal (sem circulação interna),Pendente,,,
2405405,Japi,RN,2 - Nordeste,5231,2 - 5001 até 10000,Não,Sim,Sim,-,Sim,Possui ônibus local (via intermunicipal que circula internamente),Pendente,,,
2405504,Jardim de Angicos,RN,2 - Nordeste,2493,1 - Até 5000,Não,Não,-,-,Não,Não possui transporte coletivo por ônibus,Pendente,,,
2405603,Jardim de Piranhas,RN,2 - Nordeste,14416,3 - 10001 até 20000,Não,Não,-,-,Não,Não possui transporte coletivo por ônibus,Sem fonte encontrada,,2026-08-08,Apenas rotas intermunicipais; sem fonte específica sobre ônibus urbano interno. Mantido dado original do MUNIC.
2405702,Jardim do Seridó,RN,2 - Nordeste,11952,3 - 10001 até 20000,Sim,Sim,Não,Parcialmente adaptada,Sim,Possui ônibus urbano (intramunicipal),Pendente,,,
2405801,João Câmara,RN,2 - Nordeste,34768,4 - 20001 até 50000,Não,Sim,Sim,-,Sim,Possui ônibus local (via intermunicipal que circula internamente),Pendente,,,
2405900,João Dias,RN,2 - Nordeste,2093,1 - Até 5000,Não,Não,-,-,Não,Não possui transporte coletivo por ônibus,Pendente,,,
2406007,José da Penha,RN,2 - Nordeste,5964,2 - 5001 até 10000,Não,Não,-,-,Não,Não possui transporte coletivo por ônibus,Sem fonte encontrada,"Resultados confundidos com empresa 'Nossa Senhora da Penha' de outro estado, nada específico sobre José da Penha-RN",2026-08-10,"Confusão com empresa homônima de outro estado, sem evidência válida"
2406106,Jucurutu,RN,2 - Nordeste,18286,3 - 10001 até 20000,Não,Não,-,-,Não,Não possui transporte coletivo por ônibus,Sem fonte encontrada,,2026-08-07,Busca retornou apenas informações sobre rodoviária/transporte intermunicipal ou localidades homônimas; sem confirmação confiável específica. Mantido dado original do MUNIC.
2406155,Jundiá,RN,2 - Nordeste,3859,1 - Até 5000,Não,Não,-,-,Não,Não possui transporte coletivo por ônibus,Pendente,,,
2406205,Lagoa dAnta,RN,2 - Nordeste,6733,2 - 5001 até 10000,Não,Sim,Não,-,Não,Só ônibus intermunicipal (sem circulação interna),Pendente,,,
2406304,Lagoa de Pedras,RN,2 - Nordeste,7577,2 - 5001 até 10000,Não,Sim,Não,-,Não,Só ônibus intermunicipal (sem circulação interna),Pendente,,,
2406403,Lagoa de Velhos,RN,2 - Nordeste,2633,1 - Até 5000,Sim,Não,-,Totalmente adaptada,Sim,Possui ônibus urbano (intramunicipal),Pendente,,,
2406502,Lagoa Nova,RN,2 - Nordeste,16126,3 - 10001 até 20000,Não,Não,-,-,Não,Não possui transporte coletivo por ônibus,Sem fonte encontrada,,2026-08-08,Busca retornou apenas informações sobre rodoviária/transporte intermunicipal ou localidades homônimas; sem confirmação confiável específica. Mantido dado original do MUNIC.
2406601,Lagoa Salgada,RN,2 - Nordeste,8619,2 - 5001 até 10000,Não,Sim,Não,-,Não,Só ônibus intermunicipal (sem circulação interna),Pendente,,,
2406700,Lajes,RN,2 - Nordeste,10108,3 - 10001 até 20000,Não,Sim,Não,-,Não,Só ônibus intermunicipal (sem circulação interna),Pendente,,,
2406809,Lajes Pintadas,RN,2 - Nordeste,4939,1 - Até 5000,Não,Não,-,-,Não,Não possui transporte coletivo por ônibus,Sem fonte encontrada,Secretaria de Transportes existe mas sem evidência de linha urbana coletiva regular (Lajes Pintadas-RN),2026-08-11,Evidência insuficiente para confirmar ônibus urbano coletivo
2406908,Lucrécia,RN,2 - Nordeste,3579,1 - Até 5000,Não,Não,-,-,Não,Não possui transporte coletivo por ônibus,Pendente,,,
2407005,Luís Gomes,RN,2 - Nordeste,9286,2 - 5001 até 10000,Não,Não,-,-,Não,Não possui transporte coletivo por ônibus,Sem fonte encontrada,"Buscas retornaram apenas cadastro de empresas CNPJ genérico, sem menção específica a ônibus urbano (Luís Gomes-RN)",2026-08-08,Evidência insuficiente para confirmar ônibus urbano coletivo
2407104,Macaíba,RN,2 - Nordeste,86433,5 - 50001 até 100000,Sim,Sim,Sim,Parcialmente adaptada,Sim,Possui ônibus urbano (intramunicipal),Pendente,,,
2407203,Macau,RN,2 - Nordeste,28384,4 - 20001 até 50000,Não,Não,-,-,Não,Não possui transporte coletivo por ônibus,Sem fonte encontrada,,2026-08-07,Menção vaga a 'transporte de passageiros permitido na cidade' sem confirmação específica de sistema de ônibus urbano. Mantido dado original do MUNIC.
2407252,Major Sales,RN,2 - Nordeste,4067,1 - Até 5000,Não,Não,-,-,Não,Não possui transporte coletivo por ônibus,Pendente,,,
2407302,Marcelino Vieira,RN,2 - Nordeste,8092,2 - 5001 até 10000,Não,Não,-,-,Não,Não possui transporte coletivo por ônibus,Sem fonte encontrada,Nenhuma informação específica encontrada sobre Marcelino Vieira-RN além de dados gerais do município,2026-08-08,Nenhuma evidência específica encontrada
2407401,Martins,RN,2 - Nordeste,8411,2 - 5001 até 10000,Não,Sim,Não,-,Não,Só ônibus intermunicipal (sem circulação interna),Pendente,,,
2407500,Maxaranguape,RN,2 - Nordeste,10534,3 - 10001 até 20000,Não,Sim,Não,-,Não,Só ônibus intermunicipal (sem circulação interna),Pendente,,,
2407609,Messias Targino,RN,2 - Nordeste,4404,1 - Até 5000,Não,Não,-,-,Não,Não possui transporte coletivo por ônibus,Pendente,,,
2407708,Montanhas,RN,2 - Nordeste,11774,3 - 10001 até 20000,Não,Não,-,-,Não,Não possui transporte coletivo por ônibus,Sem fonte encontrada,,2026-08-08,Busca retornou apenas informações sobre rodoviária/transporte intermunicipal/escolar; sem confirmação confiável específica de ônibus urbano. Mantido dado original do MUNIC.
2407807,Monte Alegre,RN,2 - Nordeste,23843,4 - 20001 até 50000,Não,Sim,Sim,-,Sim,Possui ônibus local (via intermunicipal que circula internamente),Pendente,,,
2407906,Monte das Gameleiras,RN,2 - Nordeste,2343,1 - Até 5000,Não,Sim,Não,-,Não,Só ônibus intermunicipal (sem circulação interna),Pendente,,,
2408003,Mossoró,RN,2 - Nordeste,278034,6 - 100001 até 500000,Sim,Sim,Não,Parcialmente adaptada,Sim,Possui ônibus urbano (intramunicipal),Pendente,,,
2408102,Natal,RN,2 - Nordeste,785368,7 - Maior que 500000,Sim,Sim,Sim,Totalmente adaptada,Sim,Possui ônibus urbano (intramunicipal),Confirmado,Sistema de transporte público municipal amplamente documentado (site da prefeitura/empresa de transporte municipal),2026-08-07,Capital estadual com sistema de ônibus urbano consolidado e publicamente conhecido; dado do MUNIC 2024 já indicava 'Sim' corretamente.
2408201,Nísia Floresta,RN,2 - Nordeste,33949,4 - 20001 até 50000,Sim,Sim,Sim,Sem adaptação,Sim,Possui ônibus urbano (intramunicipal),Pendente,,,
2408300,Nova Cruz,RN,2 - Nordeste,35534,4 - 20001 até 50000,Não,Sim,Não,-,Não,Só ônibus intermunicipal (sem circulação interna),Pendente,,,
2408409,Olho dÁgua do Borges,RN,2 - Nordeste,3748,1 - Até 5000,Não,Sim,Não,-,Não,Só ônibus intermunicipal (sem circulação interna),Pendente,,,
2408508,Ouro Branco,RN,2 - Nordeste,5071,2 - 5001 até 10000,Não,Não,-,-,Não,Não possui transporte coletivo por ônibus,Sem fonte encontrada,"Resultados majoritariamente confundidos com Ouro Branco-MG (homônimo), nada específico sobre Ouro Branco-RN",2026-08-11,"Confusão com Ouro Branco-MG, sem evidência válida"
2408607,Paraná,RN,2 - Nordeste,4046,1 - Até 5000,Não,Não,-,-,Não,Não possui transporte coletivo por ônibus,Pendente,,,
2408706,Paraú,RN,2 - Nordeste,3659,1 - Até 5000,Não,Não,-,-,Não,Não possui transporte coletivo por ônibus,Pendente,,,
2408805,Parazinho,RN,2 - Nordeste,4940,1 - Até 5000,Sim,Sim,Sim,Sem adaptação,Sim,Possui ônibus urbano (intramunicipal),Pendente,,,
2408904,Parelhas,RN,2 - Nordeste,22179,4 - 20001 até 50000,Não,Sim,Sim,-,Sim,Possui ônibus local (via intermunicipal que circula internamente),Pendente,,,
2408953,Rio do Fogo,RN,2 - Nordeste,10672,3 - 10001 até 20000,Não,Não,-,-,Não,Não possui transporte coletivo por ônibus,Sem fonte encontrada,,2026-08-08,Nenhuma fonte específica encontrada sobre transporte urbano em Rio do Fogo. Mantido dado original do MUNIC.
2409100,Passa e Fica,RN,2 - Nordeste,11406,3 - 10001 até 20000,Não,Sim,Sim,-,Sim,Possui ônibus local (via intermunicipal que circula internamente),Pendente,,,
2409209,Passagem,RN,2 - Nordeste,3222,1 - Até 5000,Não,Sim,Não,-,Não,Só ônibus intermunicipal (sem circulação interna),Pendente,,,
2409308,Patu,RN,2 - Nordeste,11245,3 - 10001 até 20000,Não,Sim,Não,-,Não,Só ônibus intermunicipal (sem circulação interna),Pendente,,,
2409332,Santa Maria,RN,2 - Nordeste,4992,1 - Até 5000,Não,Sim,Sim,-,Sim,Possui ônibus local (via intermunicipal que circula internamente),Pendente,,,
2409407,Pau dos Ferros,RN,2 - Nordeste,31975,4 - 20001 até 50000,Não,Sim,Não,-,Não,Só ônibus intermunicipal (sem circulação interna),Pendente,,,
2409506,Pedra Grande,RN,2 - Nordeste,3729,1 - Até 5000,Não,Sim,Não,-,Não,Só ônibus intermunicipal (sem circulação interna),Pendente,,,
2409605,Pedra Preta,RN,2 - Nordeste,2499,1 - Até 5000,Não,Não,-,-,Não,Não possui transporte coletivo por ônibus,Pendente,,,
2409704,Pedro Avelino,RN,2 - Nordeste,6345,2 - 5001 até 10000,Não,Sim,Não,-,Não,Só ônibus intermunicipal (sem circulação interna),Pendente,,,
2409803,Pedro Velho,RN,2 - Nordeste,14197,3 - 10001 até 20000,Não,Sim,Não,-,Não,Só ônibus intermunicipal (sem circulação interna),Pendente,,,
2409902,Pendências,RN,2 - Nordeste,12536,3 - 10001 até 20000,Sim,Não,-,Parcialmente adaptada,Sim,Possui ônibus urbano (intramunicipal),Pendente,,,
2410009,Pilões,RN,2 - Nordeste,3010,1 - Até 5000,Não,Sim,Não,-,Não,Só ônibus intermunicipal (sem circulação interna),Pendente,,,
2410108,Poço Branco,RN,2 - Nordeste,12619,3 - 10001 até 20000,Não,Sim,Não,-,Não,Só ônibus intermunicipal (sem circulação interna),Pendente,,,
2410207,Portalegre,RN,2 - Nordeste,7842,2 - 5001 até 10000,Não,Não,-,-,Não,Não possui transporte coletivo por ônibus,Sem fonte encontrada,"Resultados majoritariamente confundidos com Porto Alegre-RS, nada específico sobre Portalegre-RN",2026-08-10,"Confusão com Porto Alegre-RS, sem evidência válida"
2410256,Porto do Mangue,RN,2 - Nordeste,5357,2 - 5001 até 10000,Não,Sim,Sim,-,Sim,Possui ônibus local (via intermunicipal que circula internamente),Pendente,,,
2410306,Serra Caiada,RN,2 - Nordeste,11146,3 - 10001 até 20000,Não,Sim,Não,-,Não,Só ônibus intermunicipal (sem circulação interna),Pendente,,,
2410405,Pureza,RN,2 - Nordeste,9707,2 - 5001 até 10000,Não,Não,-,-,Não,Não possui transporte coletivo por ônibus,Sem fonte encontrada,Fontes mencionam apenas vans/mototáxi como alternativa e rodoviária intermunicipal (Pureza-RN),2026-08-08,Vans não caracterizam ônibus urbano coletivo; evidência insuficiente
2410504,Rafael Fernandes,RN,2 - Nordeste,5647,2 - 5001 até 10000,Não,Não,-,-,Não,Não possui transporte coletivo por ônibus,Sem fonte encontrada,"Buscas retornaram apenas dados gerais do RN, nada específico sobre Rafael Fernandes-RN",2026-08-11,Nenhuma evidência específica encontrada
2410603,Rafael Godeiro,RN,2 - Nordeste,3008,1 - Até 5000,Não,Sim,Não,-,Não,Só ônibus intermunicipal (sem circulação interna),Pendente,,,
2410702,Riacho da Cruz,RN,2 - Nordeste,2741,1 - Até 5000,Não,Sim,Não,-,Não,Só ônibus intermunicipal (sem circulação interna),Pendente,,,
2410801,Riacho de Santana,RN,2 - Nordeste,4243,1 - Até 5000,Não,Sim,Não,-,Não,Só ônibus intermunicipal (sem circulação interna),Pendente,,,
2410900,Riachuelo,RN,2 - Nordeste,7627,2 - 5001 até 10000,Não,Não,-,-,Não,Não possui transporte coletivo por ônibus,Sem fonte encontrada,"Resultados majoritariamente confundidos com Riachuelo-RJ (bairro/estação), nada específico sobre Riachuelo-RN",2026-08-10,"Confusão com bairro homônimo no RJ, sem evidência válida"
2411007,Rodolfo Fernandes,RN,2 - Nordeste,4349,1 - Até 5000,Não,Sim,Não,-,Não,Só ônibus intermunicipal (sem circulação interna),Pendente,,,
2411056,Tibau,RN,2 - Nordeste,5674,2 - 5001 até 10000,Não,Sim,Não,-,Não,Só ônibus intermunicipal (sem circulação interna),Pendente,,,
2411106,Ruy Barbosa,RN,2 - Nordeste,3266,1 - Até 5000,Não,Sim,Não,-,Não,Só ônibus intermunicipal (sem circulação interna),Pendente,,,
2411205,Santa Cruz,RN,2 - Nordeste,38996,4 - 20001 até 50000,Não,Não,-,-,Não,Não possui transporte coletivo por ônibus,Sem fonte encontrada,,2026-08-07,"Encontrada empresa 'Coletivo Santa Cruz LTDA' com site próprio, mas não foi possível confirmar se opera linhas urbanas dentro do município ou apenas transporte intermunicipal/fretado. Mantido dado original do MUNIC."
2411403,Santana do Matos,RN,2 - Nordeste,12746,3 - 10001 até 20000,Não,Não,-,-,Não,Não possui transporte coletivo por ônibus,Sem fonte encontrada,,2026-08-08,Busca retornou apenas informações sobre rodoviária/transporte intermunicipal; sem confirmação confiável específica. Mantido dado original do MUNIC.
2411429,Santana do Seridó,RN,2 - Nordeste,2787,1 - Até 5000,Não,Não,-,-,Não,Não possui transporte coletivo por ônibus,Pendente,,,
2411502,Santo Antônio,RN,2 - Nordeste,22779,4 - 20001 até 50000,Não,Sim,Não,-,Não,Só ônibus intermunicipal (sem circulação interna),Pendente,,,
2411601,São Bento do Norte,RN,2 - Nordeste,3426,1 - Até 5000,Não,Sim,Não,-,Não,Só ônibus intermunicipal (sem circulação interna),Pendente,,,
2411700,São Bento do Trairí,RN,2 - Nordeste,3892,1 - Até 5000,Não,Sim,Sim,-,Sim,Possui ônibus local (via intermunicipal que circula internamente),Pendente,,,
2411809,São Fernando,RN,2 - Nordeste,3600,1 - Até 5000,Não,Sim,Sim,-,Sim,Possui ônibus local (via intermunicipal que circula internamente),Pendente,,,
2411908,São Francisco do Oeste,RN,2 - Nordeste,4304,1 - Até 5000,Não,Sim,Não,-,Não,Só ônibus intermunicipal (sem circulação interna),Pendente,,,
2412005,São Gonçalo do Amarante,RN,2 - Nordeste,123207,6 - 100001 até 500000,Sim,Sim,Sim,Parcialmente adaptada,Sim,Possui ônibus urbano (intramunicipal),Pendente,,,
2412104,São João do Sabugi,RN,2 - Nordeste,6130,2 - 5001 até 10000,Não,Sim,Não,-,Não,Só ônibus intermunicipal (sem circulação interna),Pendente,,,
2412203,São José de Mipibu,RN,2 - Nordeste,49693,4 - 20001 até 50000,Sim,Sim,Não,Parcialmente adaptada,Sim,Possui ônibus urbano (intramunicipal),Pendente,,,
2412302,São José do Campestre,RN,2 - Nordeste,11340,3 - 10001 até 20000,Não,Sim,Não,-,Não,Só ônibus intermunicipal (sem circulação interna),Pendente,,,
2412401,São José do Seridó,RN,2 - Nordeste,4716,1 - Até 5000,Não,Não,-,-,Não,Não possui transporte coletivo por ônibus,Sem fonte encontrada,"Fonte confirma explicitamente ausência de sistema de ônibus urbano extenso, mas é texto genérico/templado (São José do Seridó-RN)",2026-08-13,"Texto padronizado característico de conteúdo genérico, insuficiente para status Confirmado apesar de apontar na mesma direção do MUNIC"
2412500,São Miguel,RN,2 - Nordeste,24329,4 - 20001 até 50000,Não,Não,-,-,Não,Não possui transporte coletivo por ônibus,Sem fonte encontrada,,2026-08-07,Busca retornou apenas informações sobre rodoviária/transporte intermunicipal; sem confirmação confiável específica. Mantido dado original do MUNIC.
2412559,São Miguel do Gostoso,RN,2 - Nordeste,10590,3 - 10001 até 20000,Não,Sim,Não,-,Não,Só ônibus intermunicipal (sem circulação interna),Pendente,,,
2412609,São Paulo do Potengi,RN,2 - Nordeste,17320,3 - 10001 até 20000,Não,Não,-,-,Não,Não possui transporte coletivo por ônibus,Sem fonte encontrada,,2026-08-08,Busca retornou apenas informações sobre rodoviária/transporte intermunicipal ou localidades homônimas; sem confirmação confiável específica. Mantido dado original do MUNIC.
2412708,São Pedro,RN,2 - Nordeste,5905,2 - 5001 até 10000,Não informou,Não informou,Não informou,Não informou,Sem info,Sem informação (recusa/não informou),Pendente,,,
2412807,São Rafael,RN,2 - Nordeste,7899,2 - 5001 até 10000,Não,Não,-,-,Não,Não possui transporte coletivo por ônibus,Sem fonte encontrada,Buscas retornaram apenas rodoviária intermunicipal (São Rafael-RN),2026-08-10,Nenhuma evidência específica de ônibus urbano intramunicipal encontrada
2412906,São Tomé,RN,2 - Nordeste,10188,3 - 10001 até 20000,Não,Sim,Não,-,Não,Só ônibus intermunicipal (sem circulação interna),Pendente,,,
2413003,São Vicente,RN,2 - Nordeste,6514,2 - 5001 até 10000,Não,Não,-,-,Não,Não possui transporte coletivo por ônibus,Sem fonte encontrada,"Resultados majoritariamente sobre São Vicente-SP (homônimo), nada específico sobre São Vicente-RN",2026-08-10,"Confusão com São Vicente-SP, sem evidência válida"
2413102,Senador Elói de Souza,RN,2 - Nordeste,6007,2 - 5001 até 10000,Não informou,Não informou,Não informou,Não informou,Sem info,Sem informação (recusa/não informou),Pendente,,,
2413201,Senador Georgino Avelino,RN,2 - Nordeste,4193,1 - Até 5000,Não,Não,-,-,Não,Não possui transporte coletivo por ônibus,Pendente,,,
2413300,Serra de São Bento,RN,2 - Nordeste,5864,2 - 5001 até 10000,Não,Sim,Não,-,Não,Só ônibus intermunicipal (sem circulação interna),Pendente,,,
2413359,Serra do Mel,RN,2 - Nordeste,13694,3 - 10001 até 20000,Não,Sim,Sim,-,Sim,Possui ônibus local (via intermunicipal que circula internamente),Pendente,,,
2413409,Serra Negra do Norte,RN,2 - Nordeste,7801,2 - 5001 até 10000,Não,Não,-,-,Não,Não possui transporte coletivo por ônibus,Sem fonte encontrada,Buscas retornaram apenas rodoviária intermunicipal (Serra Negra do Norte-RN),2026-08-10,Nenhuma evidência específica de ônibus urbano intramunicipal encontrada
2413508,Serrinha,RN,2 - Nordeste,6609,2 - 5001 até 10000,Não,Sim,Sim,-,Sim,Possui ônibus local (via intermunicipal que circula internamente),Pendente,,,
2413557,Serrinha dos Pintos,RN,2 - Nordeste,4802,1 - Até 5000,Não,Não,-,-,Não,Não possui transporte coletivo por ônibus,Sem fonte encontrada,Nenhuma informação específica sobre ônibus urbano em Serrinha dos Pintos-RN,2026-08-13,Nenhuma evidência específica encontrada
2413607,Severiano Melo,RN,2 - Nordeste,5623,2 - 5001 até 10000,Não,Não,-,-,Não,Não possui transporte coletivo por ônibus,Sem fonte encontrada,Buscas retornaram apenas rodoviária intermunicipal; fonte confirma ausência de linhas de metrô/ônibus citadas nas proximidades (Severiano Melo-RN),2026-08-11,Nenhuma evidência específica de ônibus urbano intramunicipal encontrada
2413706,Sítio Novo,RN,2 - Nordeste,4758,1 - Até 5000,Não,Sim,Não,-,Não,Só ônibus intermunicipal (sem circulação interna),Pendente,,,
2413805,Taboleiro Grande,RN,2 - Nordeste,2406,1 - Até 5000,Não,Não,-,-,Não,Não possui transporte coletivo por ônibus,Pendente,,,
2413904,Taipu,RN,2 - Nordeste,11716,3 - 10001 até 20000,Não,Sim,Não,-,Não,Só ônibus intermunicipal (sem circulação interna),Pendente,,,
2414001,Tangará,RN,2 - Nordeste,13602,3 - 10001 até 20000,Não,Sim,Não,-,Não,Só ônibus intermunicipal (sem circulação interna),Pendente,,,
2414100,Tenente Ananias,RN,2 - Nordeste,10587,3 - 10001 até 20000,Não,Não,-,-,Não,Não possui transporte coletivo por ônibus,Sem fonte encontrada,,2026-08-08,Busca retornou apenas informações sobre rodoviária/transporte intermunicipal ou localidades homônimas (ex: Guimarães/Portugal); sem confirmação confiável específica. Mantido dado original do MUNIC.
2414159,Tenente Laurentino Cruz,RN,2 - Nordeste,6118,2 - 5001 até 10000,Não,Não,-,-,Não,Não possui transporte coletivo por ônibus,Sem fonte encontrada,Buscas retornaram apenas rodoviária intermunicipal (Tenente Laurentino Cruz-RN),2026-08-10,Nenhuma evidência específica de ônibus urbano intramunicipal encontrada
2414209,Tibau do Sul,RN,2 - Nordeste,17840,3 - 10001 até 20000,Não,Sim,Não,-,Não,Só ônibus intermunicipal (sem circulação interna),Pendente,,,
2414308,Timbaúba dos Batistas,RN,2 - Nordeste,2420,1 - Até 5000,Não,Não,-,-,Não,Não possui transporte coletivo por ônibus,Pendente,,,
2414407,Touros,RN,2 - Nordeste,34624,4 - 20001 até 50000,Não,Sim,Sim,-,Sim,Possui ônibus local (via intermunicipal que circula internamente),Pendente,,,
2414456,Triunfo Potiguar,RN,2 - Nordeste,3474,1 - Até 5000,Não,Não,-,-,Não,Não possui transporte coletivo por ônibus,Pendente,,,
2414506,Umarizal,RN,2 - Nordeste,10671,3 - 10001 até 20000,Não,Sim,Não,-,Não,Só ônibus intermunicipal (sem circulação interna),Pendente,,,
2414605,Upanema,RN,2 - Nordeste,14013,3 - 10001 até 20000,Não,Não,-,-,Não,Não possui transporte coletivo por ônibus,Confirmado,Busca web sobre mobilidade em Upanema/RN,2026-08-08,Confirmado: mobilidade é predominantemente por carro particular e táxi; transporte público municipal por ônibus não é difundido devido ao pequeno porte da cidade.
2414704,Várzea,RN,2 - Nordeste,5383,2 - 5001 até 10000,Não,Não,-,-,Não,Não possui transporte coletivo por ônibus,Sem fonte encontrada,"Resultados majoritariamente confundidos com Várzea Grande-MT, nada específico sobre Várzea-RN",2026-08-11,"Confusão com Várzea Grande-MT, sem evidência válida"
2414753,Venha-Ver,RN,2 - Nordeste,3035,1 - Até 5000,Não,Não,-,-,Não,Não possui transporte coletivo por ônibus,Pendente,,,
2414803,Vera Cruz,RN,2 - Nordeste,11044,3 - 10001 até 20000,Não,Sim,Sim,-,Sim,Possui ônibus local (via intermunicipal que circula internamente),Pendente,,,
2414902,Viçosa,RN,2 - Nordeste,1890,1 - Até 5000,Não,Não,-,-,Não,Não possui transporte coletivo por ônibus,Pendente,,,
2415008,Vila Flor,RN,2 - Nordeste,3289,1 - Até 5000,Não,Não,-,-,Não,Não possui transporte coletivo por ônibus,Pendente,,,
2500106,Água Branca,PB,2 - Nordeste,9578,2 - 5001 até 10000,Não,Não,-,-,Não,Não possui transporte coletivo por ônibus,Sem fonte encontrada,Buscas retornaram apenas rodoviária intermunicipal (Água Branca-PB),2026-08-08,Nenhuma evidência específica de ônibus urbano intramunicipal encontrada
2500205,Aguiar,PB,2 - Nordeste,5061,2 - 5001 até 10000,Não,Sim,Não,-,Não,Só ônibus intermunicipal (sem circulação interna),Pendente,,,
2500304,Alagoa Grande,PB,2 - Nordeste,26774,4 - 20001 até 50000,Não,Sim,Sim,-,Sim,Possui ônibus local (via intermunicipal que circula internamente),Pendente,,,
2500403,Alagoa Nova,PB,2 - Nordeste,21724,4 - 20001 até 50000,Não,Sim,Não,-,Não,Só ônibus intermunicipal (sem circulação interna),Pendente,,,
2500502,Alagoinha,PB,2 - Nordeste,14118,3 - 10001 até 20000,Sim,Não,-,Sem adaptação,Sim,Possui ônibus urbano (intramunicipal),Pendente,,,
2500536,Alcantil,PB,2 - Nordeste,5777,2 - 5001 até 10000,Sim,Sim,Não,Sem adaptação,Sim,Possui ônibus urbano (intramunicipal),Pendente,,,
2500577,Algodão de Jandaíra,PB,2 - Nordeste,3105,1 - Até 5000,Não,Não,-,-,Não,Não possui transporte coletivo por ônibus,Pendente,,,
2500601,Alhandra,PB,2 - Nordeste,22797,4 - 20001 até 50000,Sim,Sim,Sim,Parcialmente adaptada,Sim,Possui ônibus urbano (intramunicipal),Pendente,,,
2500700,São João do Rio do Peixe,PB,2 - Nordeste,18468,3 - 10001 até 20000,Não,Sim,Não,-,Não,Só ônibus intermunicipal (sem circulação interna),Pendente,,,
2500734,Amparo,PB,2 - Nordeste,2316,1 - Até 5000,Não,Sim,Não,-,Não,Só ônibus intermunicipal (sem circulação interna),Pendente,,,
2500775,Aparecida,PB,2 - Nordeste,8225,2 - 5001 até 10000,Não,Sim,Não,-,Não,Só ônibus intermunicipal (sem circulação interna),Pendente,,,
2500809,Araçagi,PB,2 - Nordeste,17012,3 - 10001 até 20000,Não,Sim,Não,-,Não,Só ônibus intermunicipal (sem circulação interna),Pendente,,,
2500908,Arara,PB,2 - Nordeste,12496,3 - 10001 até 20000,Não,Sim,Sim,-,Sim,Possui ônibus local (via intermunicipal que circula internamente),Pendente,,,
2501005,Araruna,PB,2 - Nordeste,17442,3 - 10001 até 20000,Não,Sim,Sim,-,Sim,Possui ônibus local (via intermunicipal que circula internamente),Pendente,,,
2501104,Areia,PB,2 - Nordeste,23082,4 - 20001 até 50000,Não,Não,-,-,Não,Não possui transporte coletivo por ônibus,Sem fonte encontrada,,2026-08-07,Busca retornou apenas informações sobre rodoviária/transporte intermunicipal; sem confirmação confiável específica. Mantido dado original do MUNIC.
2501153,Areia de Baraúnas,PB,2 - Nordeste,2036,1 - Até 5000,Não,Não,-,-,Não,Não possui transporte coletivo por ônibus,Pendente,,,
2501203,Areial,PB,2 - Nordeste,7393,2 - 5001 até 10000,Não,Sim,Sim,-,Sim,Possui ônibus local (via intermunicipal que circula internamente),Pendente,,,
2501302,Aroeiras,PB,2 - Nordeste,19148,3 - 10001 até 20000,Não,Sim,Não,-,Não,Só ônibus intermunicipal (sem circulação interna),Pendente,,,
2501351,Assunção,PB,2 - Nordeste,4342,1 - Até 5000,Não,Sim,Não,-,Não,Só ônibus intermunicipal (sem circulação interna),Pendente,,,
2501401,Baía da Traição,PB,2 - Nordeste,9648,2 - 5001 até 10000,Não,Sim,Não,-,Não,Só ônibus intermunicipal (sem circulação interna),Pendente,,,
2501500,Bananeiras,PB,2 - Nordeste,23989,4 - 20001 até 50000,Não,Sim,Sim,-,Sim,Possui ônibus local (via intermunicipal que circula internamente),Pendente,,,
2501534,Baraúna,PB,2 - Nordeste,4968,1 - Até 5000,Não,Não,-,-,Não,Não possui transporte coletivo por ônibus,Sem fonte encontrada,Buscas retornaram apenas rodoviária intermunicipal (Baraúna-PB),2026-08-11,Nenhuma evidência específica de ônibus urbano intramunicipal encontrada
2501575,Barra de Santana,PB,2 - Nordeste,8253,2 - 5001 até 10000,Não,Não,-,-,Não,Não possui transporte coletivo por ônibus,Sem fonte encontrada,Nenhuma informação específica encontrada sobre Barra de Santana-PB,2026-08-08,Nenhuma evidência específica encontrada
2501609,Barra de Santa Rosa,PB,2 - Nordeste,13094,3 - 10001 até 20000,Não,Sim,Não,-,Não,Só ônibus intermunicipal (sem circulação interna),Pendente,,,
2501708,Barra de São Miguel,PB,2 - Nordeste,6101,2 - 5001 até 10000,Não,Sim,Não,-,Não,Só ônibus intermunicipal (sem circulação interna),Pendente,,,
2501807,Bayeux,PB,2 - Nordeste,84404,5 - 50001 até 100000,Não,Sim,Sim,-,Sim,Possui ônibus local (via intermunicipal que circula internamente),Pendente,,,
2501906,Belém,PB,2 - Nordeste,16740,3 - 10001 até 20000,Não,Sim,Não,-,Não,Só ônibus intermunicipal (sem circulação interna),Pendente,,,
2502003,Belém do Brejo do Cruz,PB,2 - Nordeste,6324,2 - 5001 até 10000,Não,Sim,Não,-,Não,Só ônibus intermunicipal (sem circulação interna),Pendente,,,
2502052,Bernardino Batista,PB,2 - Nordeste,3650,1 - Até 5000,Não,Não,-,-,Não,Não possui transporte coletivo por ônibus,Pendente,,,
2502102,Boa Ventura,PB,2 - Nordeste,5277,2 - 5001 até 10000,Não,Sim,Não,-,Não,Só ônibus intermunicipal (sem circulação interna),Pendente,,,
2502151,Boa Vista,PB,2 - Nordeste,6575,2 - 5001 até 10000,Não,Sim,Não,-,Não,Só ônibus intermunicipal (sem circulação interna),Pendente,,,
2502201,Bom Jesus,PB,2 - Nordeste,2333,1 - Até 5000,Não,Não,-,-,Não,Não possui transporte coletivo por ônibus,Pendente,,,
2502300,Bom Sucesso,PB,2 - Nordeste,4740,1 - Até 5000,Não,Não,-,-,Não,Não possui transporte coletivo por ônibus,Sem fonte encontrada,Buscas retornaram apenas ônibus escolar e regulamento estadual geral (Bom Sucesso-PB),2026-08-13,"Evidência refere-se a transporte escolar, não coletivo urbano"
2502409,Bonito de Santa Fé,PB,2 - Nordeste,10460,3 - 10001 até 20000,Não,Sim,Não,-,Não,Só ônibus intermunicipal (sem circulação interna),Pendente,,,
2502508,Boqueirão,PB,2 - Nordeste,18153,3 - 10001 até 20000,Sim,Sim,Não,Parcialmente adaptada,Sim,Possui ônibus urbano (intramunicipal),Pendente,,,
2502607,Igaracy,PB,2 - Nordeste,5743,2 - 5001 até 10000,Não,Sim,Não,-,Não,Só ônibus intermunicipal (sem circulação interna),Pendente,,,
2502706,Borborema,PB,2 - Nordeste,4231,1 - Até 5000,Não,Sim,Não,-,Não,Só ônibus intermunicipal (sem circulação interna),Pendente,,,
2502805,Brejo do Cruz,PB,2 - Nordeste,14050,3 - 10001 até 20000,Não,Sim,Não,-,Não,Só ônibus intermunicipal (sem circulação interna),Pendente,,,
2502904,Brejo dos Santos,PB,2 - Nordeste,5840,2 - 5001 até 10000,Não,Sim,Sim,-,Sim,Possui ônibus local (via intermunicipal que circula internamente),Pendente,,,
2503001,Caaporã,PB,2 - Nordeste,21865,4 - 20001 até 50000,Não,Sim,Não,-,Não,Só ônibus intermunicipal (sem circulação interna),Pendente,,,
2503100,Cabaceiras,PB,2 - Nordeste,5515,2 - 5001 até 10000,Não,Sim,Não,-,Não,Só ônibus intermunicipal (sem circulação interna),Pendente,,,
2503209,Cabedelo,PB,2 - Nordeste,70067,5 - 50001 até 100000,Não,Sim,Sim,-,Sim,Possui ônibus local (via intermunicipal que circula internamente),Pendente,,,
2503308,Cachoeira dos Índios,PB,2 - Nordeste,9351,2 - 5001 até 10000,Não,Sim,Não,-,Não,Só ônibus intermunicipal (sem circulação interna),Pendente,,,
2503407,Cacimba de Areia,PB,2 - Nordeste,3354,1 - Até 5000,Não,Não,-,-,Não,Não possui transporte coletivo por ônibus,Pendente,,,
2503506,Cacimba de Dentro,PB,2 - Nordeste,16373,3 - 10001 até 20000,Sim,Sim,Sim,Parcialmente adaptada,Sim,Possui ônibus urbano (intramunicipal),Pendente,,,
2503555,Cacimbas,PB,2 - Nordeste,7478,2 - 5001 até 10000,Não,Não,-,-,Não,Não possui transporte coletivo por ônibus,Sem fonte encontrada,"Buscas retornaram apenas rodoviária/dados gerais, sem menção a ônibus urbano (Cacimbas-PB)",2026-08-10,Nenhuma evidência específica de ônibus urbano intramunicipal encontrada
2503605,Caiçara,PB,2 - Nordeste,6713,2 - 5001 até 10000,Não,Sim,Não,-,Não,Só ônibus intermunicipal (sem circulação interna),Pendente,,,
2503704,Cajazeiras,PB,2 - Nordeste,66171,5 - 50001 até 100000,Sim,Sim,Não,Parcialmente adaptada,Sim,Possui ônibus urbano (intramunicipal),Pendente,,,
2503753,Cajazeirinhas,PB,2 - Nordeste,2776,1 - Até 5000,Não,Sim,Não,-,Não,Só ônibus intermunicipal (sem circulação interna),Pendente,,,
2503803,Caldas Brandão,PB,2 - Nordeste,5928,2 - 5001 até 10000,Não,Sim,Não,-,Não,Só ônibus intermunicipal (sem circulação interna),Pendente,,,
2503902,Camalaú,PB,2 - Nordeste,6298,2 - 5001 até 10000,Não,Sim,Não,-,Não,Só ônibus intermunicipal (sem circulação interna),Pendente,,,
2504009,Campina Grande,PB,2 - Nordeste,440939,6 - 100001 até 500000,Sim,Sim,Não,Totalmente adaptada,Sim,Possui ônibus urbano (intramunicipal),Confirmado,Cidade de grande porte com sistema de transporte público municipal/metropolitano amplamente documentado (prefeitura/consórcio de transporte),2026-08-07,Município de grande população (>280 mil hab.) com sistema de ônibus consolidado e publicamente conhecido; dado do MUNIC 2024 já indicava 'Sim' corretamente.
2504033,Capim,PB,2 - Nordeste,7347,2 - 5001 até 10000,Não,Sim,Não,-,Não,Só ônibus intermunicipal (sem circulação interna),Pendente,,,
2504074,Caraúbas,PB,2 - Nordeste,4059,1 - Até 5000,Não,Não,-,-,Não,Não possui transporte coletivo por ônibus,Pendente,,,
2504108,Carrapateira,PB,2 - Nordeste,2367,1 - Até 5000,Não,Não,-,-,Não,Não possui transporte coletivo por ônibus,Pendente,,,
2504157,Casserengue,PB,2 - Nordeste,7056,2 - 5001 até 10000,Não,Sim,Não,-,Não,Só ônibus intermunicipal (sem circulação interna),Pendente,,,
2504207,Catingueira,PB,2 - Nordeste,4572,1 - Até 5000,Não,Sim,Não,-,Não,Só ônibus intermunicipal (sem circulação interna),Pendente,,,
2504306,Catolé do Rocha,PB,2 - Nordeste,32118,4 - 20001 até 50000,Não,Sim,Não,-,Não,Só ônibus intermunicipal (sem circulação interna),Pendente,,,
2504355,Caturité,PB,2 - Nordeste,5492,2 - 5001 até 10000,Não,Sim,Não,-,Não,Só ônibus intermunicipal (sem circulação interna),Pendente,,,
2504405,Conceição,PB,2 - Nordeste,18723,3 - 10001 até 20000,Não,Sim,Não,-,Não,Só ônibus intermunicipal (sem circulação interna),Pendente,,,
2504504,Condado,PB,2 - Nordeste,6624,2 - 5001 até 10000,Não,Sim,Não,-,Não,Só ônibus intermunicipal (sem circulação interna),Pendente,,,
2504603,Conde,PB,2 - Nordeste,29543,4 - 20001 até 50000,Não,Sim,Sim,-,Sim,Possui ônibus local (via intermunicipal que circula internamente),Pendente,,,
2504702,Congo,PB,2 - Nordeste,5102,2 - 5001 até 10000,Não,Sim,Não,-,Não,Só ônibus intermunicipal (sem circulação interna),Pendente,,,
2504801,Coremas,PB,2 - Nordeste,15005,3 - 10001 até 20000,Não,Sim,Não,-,Não,Só ônibus intermunicipal (sem circulação interna),Pendente,,,
2504850,Coxixola,PB,2 - Nordeste,1882,1 - Até 5000,Não,Não,-,-,Não,Não possui transporte coletivo por ônibus,Pendente,,,
2504900,Cruz do Espírito Santo,PB,2 - Nordeste,17718,3 - 10001 até 20000,Não,Sim,Não,-,Não,Só ônibus intermunicipal (sem circulação interna),Pendente,,,
2505006,Cubati,PB,2 - Nordeste,7820,2 - 5001 até 10000,Não,Sim,Não,-,Não,Só ônibus intermunicipal (sem circulação interna),Pendente,,,
2505105,Cuité,PB,2 - Nordeste,20205,4 - 20001 até 50000,Não,Sim,Sim,-,Sim,Possui ônibus local (via intermunicipal que circula internamente),Pendente,,,
2505204,Cuitegi,PB,2 - Nordeste,6894,2 - 5001 até 10000,Não,Sim,Não,-,Não,Só ônibus intermunicipal (sem circulação interna),Pendente,,,
2505238,Cuité de Mamanguape,PB,2 - Nordeste,6431,2 - 5001 até 10000,Não,Sim,Não,-,Não,Só ônibus intermunicipal (sem circulação interna),Pendente,,,
2505279,Curral de Cima,PB,2 - Nordeste,5406,2 - 5001 até 10000,Não,Sim,Sim,-,Sim,Possui ônibus local (via intermunicipal que circula internamente),Pendente,,,
2505303,Curral Velho,PB,2 - Nordeste,2327,1 - Até 5000,Não,Não,-,-,Não,Não possui transporte coletivo por ônibus,Pendente,,,
2505352,Damião,PB,2 - Nordeste,5131,2 - 5001 até 10000,Não,Sim,Não,-,Não,Só ônibus intermunicipal (sem circulação interna),Pendente,,,
2505402,Desterro,PB,2 - Nordeste,8300,2 - 5001 até 10000,Não,Não,-,-,Não,Não possui transporte coletivo por ônibus,Sem fonte encontrada,Buscas retornaram apenas regulamento estadual geral e rodoviária intermunicipal (Desterro-PB),2026-08-08,Nenhuma evidência específica de ônibus urbano intramunicipal encontrada
2505501,Vista Serrana,PB,2 - Nordeste,3759,1 - Até 5000,Não,Não,-,-,Não,Não possui transporte coletivo por ônibus,Pendente,,,
2505600,Diamante,PB,2 - Nordeste,6431,2 - 5001 até 10000,Não,Sim,Não,-,Não,Só ônibus intermunicipal (sem circulação interna),Pendente,,,
2505709,Dona Inês,PB,2 - Nordeste,10640,3 - 10001 até 20000,Não,Sim,Sim,-,Sim,Possui ônibus local (via intermunicipal que circula internamente),Pendente,,,
2505808,Duas Estradas,PB,2 - Nordeste,3377,1 - Até 5000,Não,Não,-,-,Não,Não possui transporte coletivo por ônibus,Pendente,,,
2505907,Emas,PB,2 - Nordeste,3053,1 - Até 5000,Não,Não,-,-,Não,Não possui transporte coletivo por ônibus,Pendente,,,
2506004,Esperança,PB,2 - Nordeste,32522,4 - 20001 até 50000,Não,Sim,Sim,-,Sim,Possui ônibus local (via intermunicipal que circula internamente),Pendente,,,
2506103,Fagundes,PB,2 - Nordeste,11315,3 - 10001 até 20000,Sim,Sim,Não,Parcialmente adaptada,Sim,Possui ônibus urbano (intramunicipal),Pendente,,,
2506202,Frei Martinho,PB,2 - Nordeste,2913,1 - Até 5000,Não,Não,-,-,Não,Não possui transporte coletivo por ônibus,Pendente,,,
2506251,Gado Bravo,PB,2 - Nordeste,8395,2 - 5001 até 10000,Não,Sim,Não,-,Não,Só ônibus intermunicipal (sem circulação interna),Pendente,,,
2506301,Guarabira,PB,2 - Nordeste,59836,5 - 50001 até 100000,Sim,Sim,Sim,Sem adaptação,Sim,Possui ônibus urbano (intramunicipal),Pendente,,,
2506400,Gurinhém,PB,2 - Nordeste,14133,3 - 10001 até 20000,Não,Sim,Sim,-,Sim,Possui ônibus local (via intermunicipal que circula internamente),Pendente,,,
2506509,Gurjão,PB,2 - Nordeste,3343,1 - Até 5000,Não,Sim,Não,-,Não,Só ônibus intermunicipal (sem circulação interna),Pendente,,,
2506608,Ibiara,PB,2 - Nordeste,5733,2 - 5001 até 10000,Não,Não,-,-,Não,Não possui transporte coletivo por ônibus,Sem fonte encontrada,Buscas retornaram apenas rodoviária intermunicipal (Ibiara-PB),2026-08-10,Nenhuma evidência específica de ônibus urbano intramunicipal encontrada
2506707,Imaculada,PB,2 - Nordeste,10550,3 - 10001 até 20000,Não,Não,-,-,Não,Não possui transporte coletivo por ônibus,Sem fonte encontrada,,2026-08-08,Busca retornou apenas informações sobre rodoviária/transporte intermunicipal/escolar; sem confirmação confiável específica de ônibus urbano. Mantido dado original do MUNIC.
2506806,Ingá,PB,2 - Nordeste,18197,3 - 10001 até 20000,Não,Não,-,-,Não,Não possui transporte coletivo por ônibus,Sem fonte encontrada,,2026-08-07,Busca retornou apenas informações sobre rodoviária/transporte intermunicipal ou localidades homônimas; sem confirmação confiável específica. Mantido dado original do MUNIC.
2506905,Itabaiana,PB,2 - Nordeste,23621,4 - 20001 até 50000,Não,Sim,Sim,-,Sim,Possui ônibus local (via intermunicipal que circula internamente),Pendente,,,
2507002,Itaporanga,PB,2 - Nordeste,24686,4 - 20001 até 50000,Não,Sim,Não,-,Não,Só ônibus intermunicipal (sem circulação interna),Pendente,,,
2507101,Itapororoca,PB,2 - Nordeste,19054,3 - 10001 até 20000,Não,Sim,Não,-,Não,Só ônibus intermunicipal (sem circulação interna),Pendente,,,
2507200,Itatuba,PB,2 - Nordeste,10816,3 - 10001 até 20000,Não,Sim,Não,-,Não,Só ônibus intermunicipal (sem circulação interna),Pendente,,,
2507309,Jacaraú,PB,2 - Nordeste,14923,3 - 10001 até 20000,Não,Sim,Não,-,Não,Só ônibus intermunicipal (sem circulação interna),Pendente,,,
2507408,Jericó,PB,2 - Nordeste,7721,2 - 5001 até 10000,Não,Sim,Não,-,Não,Só ônibus intermunicipal (sem circulação interna),Pendente,,,
2507507,João Pessoa,PB,2 - Nordeste,888679,7 - Maior que 500000,Sim,Sim,Sim,Totalmente adaptada,Sim,Possui ônibus urbano (intramunicipal),Confirmado,Sistema de transporte público municipal amplamente documentado (site da prefeitura/empresa de transporte municipal),2026-08-07,Capital estadual com sistema de ônibus urbano consolidado e publicamente conhecido; dado do MUNIC 2024 já indicava 'Sim' corretamente.
2507606,Juarez Távora,PB,2 - Nordeste,8057,2 - 5001 até 10000,Não,Sim,Sim,-,Sim,Possui ônibus local (via intermunicipal que circula internamente),Pendente,,,
2507705,Juazeirinho,PB,2 - Nordeste,17488,3 - 10001 até 20000,Não,Sim,Não,-,Não,Só ônibus intermunicipal (sem circulação interna),Pendente,,,
2507804,Junco do Seridó,PB,2 - Nordeste,7002,2 - 5001 até 10000,Não,Sim,Não,-,Não,Só ônibus intermunicipal (sem circulação interna),Pendente,,,
2507903,Juripiranga,PB,2 - Nordeste,10259,3 - 10001 até 20000,Não,Sim,Não,-,Não,Só ônibus intermunicipal (sem circulação interna),Pendente,,,
2508000,Juru,PB,2 - Nordeste,9410,2 - 5001 até 10000,Não,Sim,Não,-,Não,Só ônibus intermunicipal (sem circulação interna),Pendente,,,
2508109,Lagoa,PB,2 - Nordeste,4502,1 - Até 5000,Não,Não,-,-,Não,Não possui transporte coletivo por ônibus,Pendente,,,
2508208,Lagoa de Dentro,PB,2 - Nordeste,8088,2 - 5001 até 10000,Não,Sim,Não,-,Não,Só ônibus intermunicipal (sem circulação interna),Pendente,,,
2508307,Lagoa Seca,PB,2 - Nordeste,29053,4 - 20001 até 50000,Sim,Sim,Não,Sem adaptação,Sim,Possui ônibus urbano (intramunicipal),Pendente,,,
2508406,Lastro,PB,2 - Nordeste,3292,1 - Até 5000,Não,Não,-,-,Não,Não possui transporte coletivo por ônibus,Pendente,,,
2508505,Livramento,PB,2 - Nordeste,7045,2 - 5001 até 10000,Não,Não,-,-,Não,Não possui transporte coletivo por ônibus,Sem fonte encontrada,"Resultados majoritariamente sobre Sant'Ana do Livramento-RS (homônimo parcial), nada específico sobre Livramento-PB",2026-08-10,"Confusão com Sant'Ana do Livramento-RS, sem evidência válida"
2508554,Logradouro,PB,2 - Nordeste,5045,2 - 5001 até 10000,Não,Sim,Não,-,Não,Só ônibus intermunicipal (sem circulação interna),Pendente,,,
2508604,Lucena,PB,2 - Nordeste,13019,3 - 10001 até 20000,Sim,Sim,Sim,Parcialmente adaptada,Sim,Possui ônibus urbano (intramunicipal),Pendente,,,
2508703,Mãe dÁgua,PB,2 - Nordeste,3624,1 - Até 5000,Não,Sim,Não,-,Não,Só ônibus intermunicipal (sem circulação interna),Pendente,,,
2508802,Malta,PB,2 - Nordeste,6259,2 - 5001 até 10000,Não,Sim,Não,-,Não,Só ônibus intermunicipal (sem circulação interna),Pendente,,,
2508901,Mamanguape,PB,2 - Nordeste,46719,4 - 20001 até 50000,Sim,Sim,Não,Sem adaptação,Sim,Possui ônibus urbano (intramunicipal),Pendente,,,
2509008,Manaíra,PB,2 - Nordeste,10700,3 - 10001 até 20000,Não,Não,-,-,Não,Não possui transporte coletivo por ônibus,Sem fonte encontrada,,2026-08-08,Resultados confundidos com bairro Manaíra de João Pessoa; sem fonte específica sobre o município de Manaíra/PB. Mantido dado original do MUNIC.
2509057,Marcação,PB,2 - Nordeste,9435,2 - 5001 até 10000,Não,Sim,Não,-,Não,Só ônibus intermunicipal (sem circulação interna),Pendente,,,
2509107,Mari,PB,2 - Nordeste,22126,4 - 20001 até 50000,Não,Sim,Não,-,Não,Só ônibus intermunicipal (sem circulação interna),Pendente,,,
2509156,Marizópolis,PB,2 - Nordeste,6960,2 - 5001 até 10000,Não,Sim,Não,-,Não,Só ônibus intermunicipal (sem circulação interna),Pendente,,,
2509206,Massaranduba,PB,2 - Nordeste,14666,3 - 10001 até 20000,Não,Sim,Sim,-,Sim,Possui ônibus local (via intermunicipal que circula internamente),Pendente,,,
2509305,Mataraca,PB,2 - Nordeste,8585,2 - 5001 até 10000,Não,Sim,Não,-,Não,Só ônibus intermunicipal (sem circulação interna),Pendente,,,
2509339,Matinhas,PB,2 - Nordeste,4735,1 - Até 5000,Não,Sim,Sim,-,Sim,Possui ônibus local (via intermunicipal que circula internamente),Pendente,,,
2509370,Mato Grosso,PB,2 - Nordeste,2592,1 - Até 5000,Não,Não,-,-,Não,Não possui transporte coletivo por ônibus,Pendente,,,
2509396,Maturéia,PB,2 - Nordeste,6677,2 - 5001 até 10000,Não,Sim,Não,-,Não,Só ônibus intermunicipal (sem circulação interna),Pendente,,,
2509404,Mogeiro,PB,2 - Nordeste,14375,3 - 10001 até 20000,Não,Não,-,-,Não,Não possui transporte coletivo por ônibus,Sem fonte encontrada,,2026-08-08,Busca retornou apenas informações sobre rodoviária/transporte intermunicipal; sem confirmação confiável específica. Mantido dado original do MUNIC.
2509503,Montadas,PB,2 - Nordeste,6083,2 - 5001 até 10000,Não,Sim,Sim,-,Sim,Possui ônibus local (via intermunicipal que circula internamente),Pendente,,,
2509602,Monte Horebe,PB,2 - Nordeste,4435,1 - Até 5000,Não,Sim,Não,-,Não,Só ônibus intermunicipal (sem circulação interna),Pendente,,,
2509701,Monteiro,PB,2 - Nordeste,33742,4 - 20001 até 50000,Não,Sim,Não,-,Não,Só ônibus intermunicipal (sem circulação interna),Pendente,,,
2509800,Mulungu,PB,2 - Nordeste,8945,2 - 5001 até 10000,Não,Sim,Não,-,Não,Só ônibus intermunicipal (sem circulação interna),Pendente,,,
2509909,Natuba,PB,2 - Nordeste,9014,2 - 5001 até 10000,Não,Sim,Sim,-,Sim,Possui ônibus local (via intermunicipal que circula internamente),Pendente,,,
2510006,Nazarezinho,PB,2 - Nordeste,7392,2 - 5001 até 10000,Não,Não,-,-,Não,Não possui transporte coletivo por ônibus,Sem fonte encontrada,"Resultados majoritariamente confundidos com Nazaré Paulista-SP e Nazaré-BH, nada específico sobre Nazarezinho-PB",2026-08-10,"Confusão com municípios homônimos parciais, sem evidência válida"
2510105,Nova Floresta,PB,2 - Nordeste,9884,2 - 5001 até 10000,Não,Não,-,-,Não,Não possui transporte coletivo por ônibus,Sem fonte encontrada,Secretaria de Transportes existe mas sem evidência de linha urbana coletiva (Nova Floresta-PB),2026-08-08,Evidência insuficiente para confirmar ônibus urbano coletivo
2510204,Nova Olinda,PB,2 - Nordeste,5909,2 - 5001 até 10000,Não,Não,-,-,Não,Não possui transporte coletivo por ônibus,Sem fonte encontrada,"Resultados majoritariamente confundidos com Nova Olinda-TO/CE e bairro em Olinda-PE, nada específico sobre Nova Olinda-PB",2026-08-10,"Confusão com municípios/bairros homônimos, sem evidência válida"
2510303,Nova Palmeira,PB,2 - Nordeste,4362,1 - Até 5000,Não,Não,-,-,Não,Não possui transporte coletivo por ônibus,Pendente,,,
2510402,Olho dÁgua,PB,2 - Nordeste,6111,2 - 5001 até 10000,Não,Sim,Não,-,Não,Só ônibus intermunicipal (sem circulação interna),Pendente,,,
2510501,Olivedos,PB,2 - Nordeste,3674,1 - Até 5000,Não,Não,-,-,Não,Não possui transporte coletivo por ônibus,Pendente,,,
2510600,Ouro Velho,PB,2 - Nordeste,2998,1 - Até 5000,Não,Sim,Não,-,Não,Só ônibus intermunicipal (sem circulação interna),Pendente,,,
2510659,Parari,PB,2 - Nordeste,1751,1 - Até 5000,Não,Sim,Não,-,Não,Só ônibus intermunicipal (sem circulação interna),Pendente,,,
2510709,Passagem,PB,2 - Nordeste,2562,1 - Até 5000,Não,Não,-,-,Não,Não possui transporte coletivo por ônibus,Pendente,,,
2510808,Patos,PB,2 - Nordeste,107774,6 - 100001 até 500000,Não,Sim,Não,-,Não,Só ônibus intermunicipal (sem circulação interna),Pendente,,,
2510907,Paulista,PB,2 - Nordeste,12160,3 - 10001 até 20000,Não,Sim,Não,-,Não,Só ônibus intermunicipal (sem circulação interna),Pendente,,,
2511004,Pedra Branca,PB,2 - Nordeste,3846,1 - Até 5000,Não,Não,-,-,Não,Não possui transporte coletivo por ônibus,Pendente,,,
2511103,Pedra Lavrada,PB,2 - Nordeste,6998,2 - 5001 até 10000,Não,Não,-,-,Não,Não possui transporte coletivo por ônibus,Sem fonte encontrada,"'Transporte Coletivo Cidade de Pedra' é empresa de Rondonópolis-MT, não relacionada a Pedra Lavrada-PB (homônimo/confusão)",2026-08-10,Confusão com empresa homônima de outro estado
2511202,Pedras de Fogo,PB,2 - Nordeste,31152,4 - 20001 até 50000,Não,Não,-,-,Não,Não possui transporte coletivo por ônibus,Sem fonte encontrada,,2026-08-07,Apenas linha intermunicipal João Pessoa-Pedras de Fogo; sem fonte específica sobre ônibus urbano interno. Mantido dado original do MUNIC.
2511301,Piancó,PB,2 - Nordeste,17006,3 - 10001 até 20000,Não,Sim,Não,-,Não,Só ônibus intermunicipal (sem circulação interna),Pendente,,,
2511400,Picuí,PB,2 - Nordeste,18835,3 - 10001 até 20000,Não,Sim,Não,-,Não,Só ônibus intermunicipal (sem circulação interna),Pendente,,,
2511509,Pilar,PB,2 - Nordeste,12801,3 - 10001 até 20000,Sim,Não,-,Sem adaptação,Sim,Possui ônibus urbano (intramunicipal),Pendente,,,
2511608,Pilões,PB,2 - Nordeste,6979,2 - 5001 até 10000,Não,Sim,Sim,-,Sim,Possui ônibus local (via intermunicipal que circula internamente),Pendente,,,
2511707,Pilõezinhos,PB,2 - Nordeste,5514,2 - 5001 até 10000,Não,Sim,Não,-,Não,Só ônibus intermunicipal (sem circulação interna),Pendente,,,
2511806,Pirpirituba,PB,2 - Nordeste,9467,2 - 5001 até 10000,Não,Sim,Não,-,Não,Só ônibus intermunicipal (sem circulação interna),Pendente,,,
2511905,Pitimbu,PB,2 - Nordeste,17164,3 - 10001 até 20000,Sim,Sim,Não,Sem adaptação,Sim,Possui ônibus urbano (intramunicipal),Pendente,,,
2512002,Pocinhos,PB,2 - Nordeste,17990,3 - 10001 até 20000,Sim,Sim,Não,Parcialmente adaptada,Sim,Possui ônibus urbano (intramunicipal),Pendente,,,
2512036,Poço Dantas,PB,2 - Nordeste,3932,1 - Até 5000,Não,Não,-,-,Não,Não possui transporte coletivo por ônibus,Pendente,,,
2512077,Poço de José de Moura,PB,2 - Nordeste,4120,1 - Até 5000,Não,Não,-,-,Não,Não possui transporte coletivo por ônibus,Pendente,,,
2512101,Pombal,PB,2 - Nordeste,33796,4 - 20001 até 50000,Não,Sim,Não,-,Não,Só ônibus intermunicipal (sem circulação interna),Pendente,,,
2512200,Prata,PB,2 - Nordeste,4027,1 - Até 5000,Não,Sim,Não,-,Não,Só ônibus intermunicipal (sem circulação interna),Pendente,,,
2512309,Princesa Isabel,PB,2 - Nordeste,21659,4 - 20001 até 50000,Não,Sim,Não,-,Não,Só ônibus intermunicipal (sem circulação interna),Pendente,,,
2512408,Puxinanã,PB,2 - Nordeste,14837,3 - 10001 até 20000,Não,Sim,Não,-,Não,Só ônibus intermunicipal (sem circulação interna),Pendente,,,
2512507,Queimadas,PB,2 - Nordeste,50214,5 - 50001 até 100000,Não,Sim,Não,-,Não,Só ônibus intermunicipal (sem circulação interna),Pendente,,,
2512606,Quixaba,PB,2 - Nordeste,1798,1 - Até 5000,Não,Não,-,-,Não,Não possui transporte coletivo por ônibus,Pendente,,,
2512705,Remígio,PB,2 - Nordeste,18373,3 - 10001 até 20000,Não,Sim,Não,-,Não,Só ônibus intermunicipal (sem circulação interna),Pendente,,,
2512721,Pedro Régis,PB,2 - Nordeste,5925,2 - 5001 até 10000,Não,Sim,Sim,-,Sim,Possui ônibus local (via intermunicipal que circula internamente),Pendente,,,
2512747,Riachão,PB,2 - Nordeste,2964,1 - Até 5000,Não,Não,-,-,Não,Não possui transporte coletivo por ônibus,Pendente,,,
2512754,Riachão do Bacamarte,PB,2 - Nordeste,4877,1 - Até 5000,Não,Sim,Sim,-,Sim,Possui ônibus local (via intermunicipal que circula internamente),Pendente,,,
2512762,Riachão do Poço,PB,2 - Nordeste,4946,1 - Até 5000,Não,Não,-,-,Não,Não possui transporte coletivo por ônibus,Sem fonte encontrada,Buscas retornaram apenas transporte escolar estadual (Riachão do Poço-PB),2026-08-11,"Evidência refere-se a transporte escolar, não coletivo urbano"
2512788,Riacho de Santo Antônio,PB,2 - Nordeste,2044,1 - Até 5000,Não,Sim,Não,-,Não,Só ônibus intermunicipal (sem circulação interna),Pendente,,,
2512804,Riacho dos Cavalos,PB,2 - Nordeste,8762,2 - 5001 até 10000,Não,Não,-,-,Não,Não possui transporte coletivo por ônibus,Sem fonte encontrada,"Buscas retornaram apenas transporte escolar, não ônibus urbano coletivo (Riacho dos Cavalos-PB)",2026-08-08,Evidência insuficiente para confirmar ônibus urbano coletivo
2512903,Rio Tinto,PB,2 - Nordeste,25394,4 - 20001 até 50000,Sim,Sim,Sim,Parcialmente adaptada,Sim,Possui ônibus urbano (intramunicipal),Pendente,,,
2513000,Salgadinho,PB,2 - Nordeste,3437,1 - Até 5000,Não,Não,-,-,Não,Não possui transporte coletivo por ônibus,Pendente,,,
2513109,Salgado de São Félix,PB,2 - Nordeste,11760,3 - 10001 até 20000,Não,Sim,Não,-,Não,Só ônibus intermunicipal (sem circulação interna),Pendente,,,
2513158,Santa Cecília,PB,2 - Nordeste,8031,2 - 5001 até 10000,Não,Sim,Não,-,Não,Só ônibus intermunicipal (sem circulação interna),Pendente,,,
2513208,Santa Cruz,PB,2 - Nordeste,6041,2 - 5001 até 10000,Não,Sim,Sim,-,Sim,Possui ônibus local (via intermunicipal que circula internamente),Pendente,,,
2513307,Santa Helena,PB,2 - Nordeste,6020,2 - 5001 até 10000,Não,Não,-,-,Não,Não possui transporte coletivo por ônibus,Sem fonte encontrada,"Resultados majoritariamente confundidos com Santa Helena-PR/SC, nada específico sobre Santa Helena-PB",2026-08-10,"Confusão com municípios homônimos, sem evidência válida"
2513356,Santa Inês,PB,2 - Nordeste,3274,1 - Até 5000,Não,Não,-,-,Não,Não possui transporte coletivo por ônibus,Pendente,,,
2513406,Santa Luzia,PB,2 - Nordeste,15387,3 - 10001 até 20000,Não,Não,-,-,Não,Não possui transporte coletivo por ônibus,Sem fonte encontrada,,2026-08-08,Resultados confundidos com Santa Luzia/MG e outras cidades homônimas; sem fonte específica sobre Santa Luzia/PB. Mantido dado original do MUNIC.
2513505,Santana de Mangueira,PB,2 - Nordeste,5106,2 - 5001 até 10000,Não,Não,-,-,Não,Não possui transporte coletivo por ônibus,Sem fonte encontrada,Secretaria de Transportes existe mas sem evidência de linha urbana coletiva regular (Santana de Mangueira-PB),2026-08-11,Evidência insuficiente para confirmar ônibus urbano coletivo
2513604,Santana dos Garrotes,PB,2 - Nordeste,6657,2 - 5001 até 10000,Não,Não,-,-,Não,Não possui transporte coletivo por ônibus,Sem fonte encontrada,Buscas retornaram apenas transporte intermunicipal e alternativas de aluguel de moto/bicicleta (Santana dos Garrotes-PB),2026-08-10,Nenhuma evidência específica de ônibus urbano intramunicipal encontrada
2513653,Joca Claudino,PB,2 - Nordeste,2606,1 - Até 5000,Sim,Não,-,Totalmente adaptada,Sim,Possui ônibus urbano (intramunicipal),Pendente,,,
2513703,Santa Rita,PB,2 - Nordeste,159121,6 - 100001 até 500000,Sim,Sim,Sim,Parcialmente adaptada,Sim,Possui ônibus urbano (intramunicipal),Pendente,,,
2513802,Santa Teresinha,PB,2 - Nordeste,4499,1 - Até 5000,Não,Não,-,-,Não,Não possui transporte coletivo por ônibus,Pendente,,,
2513851,Santo André,PB,2 - Nordeste,2702,1 - Até 5000,Não,Não,-,-,Não,Não possui transporte coletivo por ônibus,Pendente,,,
2513901,São Bento,PB,2 - Nordeste,33700,4 - 20001 até 50000,Não,Sim,Não,-,Não,Só ônibus intermunicipal (sem circulação interna),Pendente,,,
2513927,São Bentinho,PB,2 - Nordeste,4473,1 - Até 5000,Não,Sim,Não,-,Não,Só ônibus intermunicipal (sem circulação interna),Pendente,,,
2513943,São Domingos do Cariri,PB,2 - Nordeste,2676,1 - Até 5000,Não,Não,-,-,Não,Não possui transporte coletivo por ônibus,Pendente,,,
2513968,São Domingos,PB,2 - Nordeste,2636,1 - Até 5000,Não,Não,-,-,Não,Não possui transporte coletivo por ônibus,Pendente,,,
2513984,São Francisco,PB,2 - Nordeste,3190,1 - Até 5000,Não,Sim,Não,-,Não,Só ônibus intermunicipal (sem circulação interna),Pendente,,,
2514008,São João do Cariri,PB,2 - Nordeste,4341,1 - Até 5000,Não,Sim,Não,-,Não,Só ônibus intermunicipal (sem circulação interna),Pendente,,,
2514107,São João do Tigre,PB,2 - Nordeste,4363,1 - Até 5000,Não,Não,-,-,Não,Não possui transporte coletivo por ônibus,Pendente,,,
2514206,São José da Lagoa Tapada,PB,2 - Nordeste,7270,2 - 5001 até 10000,Não,Não,-,-,Não,Não possui transporte coletivo por ônibus,Sem fonte encontrada,Buscas retornaram apenas rodoviária intermunicipal (São José da Lagoa Tapada-PB),2026-08-10,Nenhuma evidência específica de ônibus urbano intramunicipal encontrada
2514305,São José de Caiana,PB,2 - Nordeste,5032,2 - 5001 até 10000,Não,Não,-,-,Não,Não possui transporte coletivo por ônibus,Sem fonte encontrada,Secretaria de Transportes existe mas sem evidência de linha urbana coletiva regular (São José de Caiana-PB),2026-08-11,Evidência insuficiente para confirmar ônibus urbano coletivo
2514404,São José de Espinharas,PB,2 - Nordeste,4099,1 - Até 5000,Não,Não,-,-,Não,Não possui transporte coletivo por ônibus,Pendente,,,
2514453,São José dos Ramos,PB,2 - Nordeste,6105,2 - 5001 até 10000,Não,Não,-,-,Não,Não possui transporte coletivo por ônibus,Sem fonte encontrada,Buscas retornaram apenas transporte intermunicipal (São José dos Ramos-PB),2026-08-10,Nenhuma evidência específica de ônibus urbano intramunicipal encontrada
2514503,São José de Piranhas,PB,2 - Nordeste,19552,3 - 10001 até 20000,Não,Sim,Não,-,Não,Só ônibus intermunicipal (sem circulação interna),Pendente,,,
2514552,São José de Princesa,PB,2 - Nordeste,3383,1 - Até 5000,Não,Sim,Não,-,Não,Só ônibus intermunicipal (sem circulação interna),Pendente,,,
2514602,São José do Bonfim,PB,2 - Nordeste,3333,1 - Até 5000,Não,Não,-,-,Não,Não possui transporte coletivo por ônibus,Pendente,,,
2514651,São José do Brejo do Cruz,PB,2 - Nordeste,1748,1 - Até 5000,Não,Não,-,-,Não,Não possui transporte coletivo por ônibus,Pendente,,,
2514701,São José do Sabugi,PB,2 - Nordeste,4270,1 - Até 5000,Não,Não,-,-,Não,Não possui transporte coletivo por ônibus,Pendente,,,
2514800,São José dos Cordeiros,PB,2 - Nordeste,3474,1 - Até 5000,Não,Sim,Não,-,Não,Só ônibus intermunicipal (sem circulação interna),Pendente,,,
2514909,São Mamede,PB,2 - Nordeste,7640,2 - 5001 até 10000,Não,Sim,Não,-,Não,Só ônibus intermunicipal (sem circulação interna),Pendente,,,
2515005,São Miguel de Taipu,PB,2 - Nordeste,7287,2 - 5001 até 10000,Não,Sim,Não,-,Não,Só ônibus intermunicipal (sem circulação interna),Pendente,,,
2515104,São Sebastião de Lagoa de Roça,PB,2 - Nordeste,11365,3 - 10001 até 20000,Sim,Sim,Não,Parcialmente adaptada,Sim,Possui ônibus urbano (intramunicipal),Pendente,,,
2515203,São Sebastião do Umbuzeiro,PB,2 - Nordeste,3376,1 - Até 5000,Não,Sim,Não,-,Não,Só ônibus intermunicipal (sem circulação interna),Pendente,,,
2515302,Sapé,PB,2 - Nordeste,53309,5 - 50001 até 100000,Não,Sim,Não,-,Não,Só ônibus intermunicipal (sem circulação interna),Pendente,,,
2515401,São Vicente do Seridó,PB,2 - Nordeste,10620,3 - 10001 até 20000,Não,Não,-,-,Não,Não possui transporte coletivo por ônibus,Sem fonte encontrada,,2026-08-08,Busca retornou apenas informações sobre rodoviária/transporte intermunicipal ou localidades homônimas (ex: Guimarães/Portugal); sem confirmação confiável específica. Mantido dado original do MUNIC.
2515500,Serra Branca,PB,2 - Nordeste,14075,3 - 10001 até 20000,Não,Sim,Não,-,Não,Só ônibus intermunicipal (sem circulação interna),Pendente,,,
2515609,Serra da Raiz,PB,2 - Nordeste,3162,1 - Até 5000,Não,Não,-,-,Não,Não possui transporte coletivo por ônibus,Pendente,,,
2515708,Serra Grande,PB,2 - Nordeste,3043,1 - Até 5000,Não,Não,-,-,Não,Não possui transporte coletivo por ônibus,Pendente,,,
2515807,Serra Redonda,PB,2 - Nordeste,6984,2 - 5001 até 10000,Não,Sim,Não,-,Não,Só ônibus intermunicipal (sem circulação interna),Pendente,,,
2515906,Serraria,PB,2 - Nordeste,4839,1 - Até 5000,Não,Sim,Sim,-,Sim,Possui ônibus local (via intermunicipal que circula internamente),Pendente,,,
2515930,Sertãozinho,PB,2 - Nordeste,5282,2 - 5001 até 10000,Não,Sim,Não,-,Não,Só ônibus intermunicipal (sem circulação interna),Pendente,,,
2515971,Sobrado,PB,2 - Nordeste,8579,2 - 5001 até 10000,Não,Sim,Não,-,Não,Só ônibus intermunicipal (sem circulação interna),Pendente,,,
2516003,Solânea,PB,2 - Nordeste,27749,4 - 20001 até 50000,Não,Sim,Sim,-,Sim,Possui ônibus local (via intermunicipal que circula internamente),Pendente,,,
2516102,Soledade,PB,2 - Nordeste,14381,3 - 10001 até 20000,Sim,Não,-,-,Sim,Possui ônibus urbano (intramunicipal),Corrigido,https://www.tuaradio.com.br/Tua-Radio-Cristal/noticias/geral/18-06-2020/transporte-coletivo-de-soledade-opera-em-horarios-escalonados,2026-08-08,"Empresa 'Santa Rita' opera linhas de ônibus coletivo pelos bairros de Soledade/PB, incluindo a linha 'Expedicionário' com horários definidos (a cada 30-45 min). Diverge do 'Não' do MUNIC 2024."
2516151,Sossêgo,PB,2 - Nordeste,3461,1 - Até 5000,Não,Não,-,-,Não,Não possui transporte coletivo por ônibus,Pendente,,,
2516201,Sousa,PB,2 - Nordeste,69876,5 - 50001 até 100000,Não,Sim,Sim,-,Sim,Possui ônibus local (via intermunicipal que circula internamente),Pendente,,,
2516300,Sumé,PB,2 - Nordeste,17763,3 - 10001 até 20000,Não,Sim,Não,-,Não,Só ônibus intermunicipal (sem circulação interna),Pendente,,,
2516409,Tacima,PB,2 - Nordeste,7934,2 - 5001 até 10000,Não,Não,-,-,Não,Não possui transporte coletivo por ônibus,Sem fonte encontrada,Buscas retornaram apenas rodoviária intermunicipal (Tacima-PB),2026-08-10,Nenhuma evidência específica de ônibus urbano intramunicipal encontrada
2516508,Taperoá,PB,2 - Nordeste,14376,3 - 10001 até 20000,Não,Sim,Não,-,Não,Só ônibus intermunicipal (sem circulação interna),Pendente,,,
2516607,Tavares,PB,2 - Nordeste,14464,3 - 10001 até 20000,Não,Sim,Não,-,Não,Só ônibus intermunicipal (sem circulação interna),Pendente,,,
2516706,Teixeira,PB,2 - Nordeste,15082,3 - 10001 até 20000,Não,Sim,Sim,-,Sim,Possui ônibus local (via intermunicipal que circula internamente),Pendente,,,
2516755,Tenório,PB,2 - Nordeste,3069,1 - Até 5000,Não,Não,-,-,Não,Não possui transporte coletivo por ônibus,Pendente,,,
2516805,Triunfo,PB,2 - Nordeste,10259,3 - 10001 até 20000,Não,Sim,Não,-,Não,Só ônibus intermunicipal (sem circulação interna),Pendente,,,
2516904,Uiraúna,PB,2 - Nordeste,15386,3 - 10001 até 20000,Não,Sim,Sim,-,Sim,Possui ônibus local (via intermunicipal que circula internamente),Pendente,,,
2517001,Umbuzeiro,PB,2 - Nordeste,9302,2 - 5001 até 10000,Sim,Sim,Não,Sem adaptação,Sim,Possui ônibus urbano (intramunicipal),Pendente,,,
2517100,Várzea,PB,2 - Nordeste,2764,1 - Até 5000,Não,Não,-,-,Não,Não possui transporte coletivo por ônibus,Pendente,,,
2517209,Vieirópolis,PB,2 - Nordeste,4974,1 - Até 5000,Não,Não,-,-,Não,Não possui transporte coletivo por ônibus,Sem fonte encontrada,Buscas retornaram apenas transporte intermunicipal geral da PB (Vieirópolis-PB),2026-08-11,Nenhuma evidência específica de ônibus urbano intramunicipal encontrada
2517407,Zabelê,PB,2 - Nordeste,2310,1 - Até 5000,Não,Sim,Não,-,Não,Só ônibus intermunicipal (sem circulação interna),Pendente,,,
2600054,Abreu e Lima,PE,2 - Nordeste,103945,6 - 100001 até 500000,Não,Sim,Sim,-,Sim,Possui ônibus local (via intermunicipal que circula internamente),Pendente,,,
2600104,Afogados da Ingazeira,PE,2 - Nordeste,42407,4 - 20001 até 50000,Não,Sim,Não,-,Não,Só ônibus intermunicipal (sem circulação interna),Pendente,,,
2600203,Afrânio,PE,2 - Nordeste,19349,3 - 10001 até 20000,Não,Sim,Sim,-,Sim,Possui ônibus local (via intermunicipal que circula internamente),Pendente,,,
2600302,Agrestina,PE,2 - Nordeste,24615,4 - 20001 até 50000,Não,Sim,Sim,-,Sim,Possui ônibus local (via intermunicipal que circula internamente),Pendente,,,
2600401,Água Preta,PE,2 - Nordeste,27221,4 - 20001 até 50000,Sim,Sim,Não,Totalmente adaptada,Sim,Possui ônibus urbano (intramunicipal),Pendente,,,
2600500,Águas Belas,PE,2 - Nordeste,43713,4 - 20001 até 50000,Não,Sim,Não,-,Não,Só ônibus intermunicipal (sem circulação interna),Pendente,,,
2600609,Alagoinha,PE,2 - Nordeste,14355,3 - 10001 até 20000,Sim,Sim,Não,Parcialmente adaptada,Sim,Possui ônibus urbano (intramunicipal),Pendente,,,
2600708,Aliança,PE,2 - Nordeste,37372,4 - 20001 até 50000,Não,Sim,Não,-,Não,Só ônibus intermunicipal (sem circulação interna),Pendente,,,
2600807,Altinho,PE,2 - Nordeste,21185,4 - 20001 até 50000,Não,Sim,Não,-,Não,Só ônibus intermunicipal (sem circulação interna),Pendente,,,
2600906,Amaraji,PE,2 - Nordeste,18471,3 - 10001 até 20000,Não,Sim,Não,-,Não,Só ônibus intermunicipal (sem circulação interna),Pendente,,,
2601003,Angelim,PE,2 - Nordeste,10580,3 - 10001 até 20000,Não,Sim,Não,-,Não,Só ônibus intermunicipal (sem circulação interna),Pendente,,,
2601052,Araçoiaba,PE,2 - Nordeste,19936,3 - 10001 até 20000,Sim,Sim,Não,Parcialmente adaptada,Sim,Possui ônibus urbano (intramunicipal),Pendente,,,
2601102,Araripina,PE,2 - Nordeste,90104,5 - 50001 até 100000,Sim,Sim,Sim,Parcialmente adaptada,Sim,Possui ônibus urbano (intramunicipal),Pendente,,,
2601201,Arcoverde,PE,2 - Nordeste,82003,5 - 50001 até 100000,Sim,Sim,Não,Parcialmente adaptada,Sim,Possui ônibus urbano (intramunicipal),Pendente,,,
2601300,Barra de Guabiraba,PE,2 - Nordeste,12616,3 - 10001 até 20000,Não,Sim,Não,-,Não,Só ônibus intermunicipal (sem circulação interna),Pendente,,,
2601409,Barreiros,PE,2 - Nordeste,42056,4 - 20001 até 50000,Não informou,Não informou,Não informou,Não informou,Sem info,Sem informação (recusa/não informou),Pendente,,,
2601508,Belém de Maria,PE,2 - Nordeste,10829,3 - 10001 até 20000,Não,Sim,Não,-,Não,Só ônibus intermunicipal (sem circulação interna),Pendente,,,
2601607,Belém do São Francisco,PE,2 - Nordeste,18713,3 - 10001 até 20000,Não,Sim,Sim,-,Sim,Possui ônibus local (via intermunicipal que circula internamente),Pendente,,,
2601706,Belo Jardim,PE,2 - Nordeste,83647,5 - 50001 até 100000,Sim,Sim,Não,Sem adaptação,Sim,Possui ônibus urbano (intramunicipal),Pendente,,,
2601805,Betânia,PE,2 - Nordeste,11981,3 - 10001 até 20000,Não,Não,-,-,Não,Não possui transporte coletivo por ônibus,Sem fonte encontrada,,2026-08-08,Busca retornou apenas informações sobre rodoviária/transporte intermunicipal/escolar; sem confirmação confiável específica de ônibus urbano. Mantido dado original do MUNIC.
2601904,Bezerros,PE,2 - Nordeste,64809,5 - 50001 até 100000,Sim,Sim,Sim,Parcialmente adaptada,Sim,Possui ônibus urbano (intramunicipal),Pendente,,,
2602001,Bodocó,PE,2 - Nordeste,36129,4 - 20001 até 50000,Não,Sim,Sim,-,Sim,Possui ônibus local (via intermunicipal que circula internamente),Pendente,,,
2602100,Bom Conselho,PE,2 - Nordeste,46192,4 - 20001 até 50000,Não,Sim,Não,-,Não,Só ônibus intermunicipal (sem circulação interna),Pendente,,,
2602209,Bom Jardim,PE,2 - Nordeste,39278,4 - 20001 até 50000,Não,Sim,Sim,-,Sim,Possui ônibus local (via intermunicipal que circula internamente),Pendente,,,
2602308,Bonito,PE,2 - Nordeste,39163,4 - 20001 até 50000,Sim,Sim,Sim,Sem adaptação,Sim,Possui ônibus urbano (intramunicipal),Pendente,,,
2602407,Brejão,PE,2 - Nordeste,9399,2 - 5001 até 10000,Não,Não,-,-,Não,Não possui transporte coletivo por ônibus,Sem fonte encontrada,Secretaria de Transporte e Segurança existe mas sem evidência de linha urbana coletiva (Brejão-PE),2026-08-08,Evidência insuficiente para confirmar ônibus urbano coletivo
2602506,Brejinho,PE,2 - Nordeste,8010,2 - 5001 até 10000,Não,Não,-,-,Não,Não possui transporte coletivo por ônibus,Sem fonte encontrada,Texto genérico/templado sobre locomoção a pé/táxi (Brejinho-PE),2026-08-10,"Texto padronizado/genérico, sem menção confiável a ônibus urbano"
2602605,Brejo da Madre de Deus,PE,2 - Nordeste,51107,5 - 50001 até 100000,Não,Não,-,-,Não,Não possui transporte coletivo por ônibus,Confirmado,Wikivoyage/relatos sobre Brejo da Madre de Deus/PE,2026-08-07,"Confirmado: cidade sem sistema de ônibus urbano; locomoção interna é a pé devido ao pequeno porte, acesso externo via vans de lotação (Toyotas Bandeirantes)."
2602704,Buenos Aires,PE,2 - Nordeste,13254,3 - 10001 até 20000,Não,Não,-,-,Não,Não possui transporte coletivo por ônibus,Sem fonte encontrada,,2026-08-08,Busca retornou apenas informações sobre localidades homônimas ou serviços intermunicipais experimentais insuficientes para confirmação; sem confiança suficiente. Mantido dado original do MUNIC.
2602803,Buíque,PE,2 - Nordeste,54425,5 - 50001 até 100000,Não,Sim,Não,-,Não,Só ônibus intermunicipal (sem circulação interna),Pendente,,,
2602902,Cabo de Santo Agostinho,PE,2 - Nordeste,216969,6 - 100001 até 500000,Sim,Sim,Sim,Parcialmente adaptada,Sim,Possui ônibus urbano (intramunicipal),Pendente,,,
2603009,Cabrobó,PE,2 - Nordeste,31746,4 - 20001 até 50000,Sim,Sim,Sim,Parcialmente adaptada,Sim,Possui ônibus urbano (intramunicipal),Pendente,,,
2603108,Cachoeirinha,PE,2 - Nordeste,20612,4 - 20001 até 50000,Não,Sim,Não,-,Não,Só ônibus intermunicipal (sem circulação interna),Pendente,,,
2603207,Caetés,PE,2 - Nordeste,30441,4 - 20001 até 50000,Não,Não,-,-,Não,Não possui transporte coletivo por ônibus,Confirmado,Busca web sobre mobilidade urbana em Caetés/PE,2026-08-07,Confirmado: transporte por ônibus urbano em larga escala não é característica notável de Caetés devido ao pequeno porte; locomoção interna é por táxi/mototáxi.
2603306,Calçado,PE,2 - Nordeste,11445,3 - 10001 até 20000,Não,Não,-,-,Não,Não possui transporte coletivo por ônibus,Sem fonte encontrada,,2026-08-08,Busca retornou apenas informações sobre rodoviária/transporte intermunicipal; sem confirmação confiável específica de ônibus urbano. Mantido dado original do MUNIC.
2603405,Calumbi,PE,2 - Nordeste,5367,2 - 5001 até 10000,Não,Não,-,-,Não,Não possui transporte coletivo por ônibus,Sem fonte encontrada,Fonte indica cidade pequena com transporte predominante por táxi/mototáxi (Calumbi-PE),2026-08-11,"Evidência sugere ausência de ônibus urbano, mas não é fonte formal suficiente para Confirmado"
2603454,Camaragibe,PE,2 - Nordeste,155771,6 - 100001 até 500000,Sim,Sim,Sim,Parcialmente adaptada,Sim,Possui ônibus urbano (intramunicipal),Pendente,,,
2603504,Camocim de São Félix,PE,2 - Nordeste,17991,3 - 10001 até 20000,Não,Sim,Sim,-,Sim,Possui ônibus local (via intermunicipal que circula internamente),Pendente,,,
2603603,Camutanga,PE,2 - Nordeste,7972,2 - 5001 até 10000,Não,Sim,Não,-,Não,Só ônibus intermunicipal (sem circulação interna),Pendente,,,
2603702,Canhotinho,PE,2 - Nordeste,25090,4 - 20001 até 50000,Não,Sim,Não,-,Não,Só ônibus intermunicipal (sem circulação interna),Pendente,,,
2603801,Capoeiras,PE,2 - Nordeste,18890,3 - 10001 até 20000,Não,Não,-,-,Não,Não possui transporte coletivo por ônibus,Sem fonte encontrada,,2026-08-07,Apenas menção genérica a táxi/mototáxi e ônibus intermunicipal; sem confirmação específica. Mantido dado original do MUNIC.
2603900,Carnaíba,PE,2 - Nordeste,19513,3 - 10001 até 20000,Não,Sim,Não,-,Não,Só ônibus intermunicipal (sem circulação interna),Pendente,,,
2603926,Carnaubeira da Penha,PE,2 - Nordeste,12682,3 - 10001 até 20000,Não,Não,-,-,Não,Não possui transporte coletivo por ônibus,Sem fonte encontrada,,2026-08-08,Busca retornou apenas informações sobre rodoviária/transporte intermunicipal; sem confirmação confiável específica. Mantido dado original do MUNIC.
2604007,Carpina,PE,2 - Nordeste,83205,5 - 50001 até 100000,Sim,Sim,Sim,Sem adaptação,Sim,Possui ônibus urbano (intramunicipal),Pendente,,,
2604106,Caruaru,PE,2 - Nordeste,402290,6 - 100001 até 500000,Sim,Sim,Não,Totalmente adaptada,Sim,Possui ônibus urbano (intramunicipal),Confirmado,Cidade de grande porte com sistema de transporte público municipal/metropolitano amplamente documentado (prefeitura/consórcio de transporte),2026-08-07,Município de grande população (>280 mil hab.) com sistema de ônibus consolidado e publicamente conhecido; dado do MUNIC 2024 já indicava 'Sim' corretamente.
2604155,Casinhas,PE,2 - Nordeste,13489,3 - 10001 até 20000,Não,Não,-,-,Não,Não possui transporte coletivo por ônibus,Sem fonte encontrada,,2026-08-08,Busca retornou apenas informações sobre rodoviária/transporte intermunicipal/regional; sem confirmação confiável específica de circulação urbana interna. Mantido dado original do MUNIC.
2604205,Catende,PE,2 - Nordeste,33279,4 - 20001 até 50000,Não,Sim,Não,-,Não,Só ônibus intermunicipal (sem circulação interna),Pendente,,,
2604304,Cedro,PE,2 - Nordeste,10845,3 - 10001 até 20000,Não,Não,-,-,Não,Não possui transporte coletivo por ônibus,Sem fonte encontrada,,2026-08-08,Busca retornou apenas informações sobre rodoviária/transporte intermunicipal; sem confirmação confiável específica de ônibus urbano. Mantido dado original do MUNIC.
2604403,Chã de Alegria,PE,2 - Nordeste,13461,3 - 10001 até 20000,Não,Sim,Não,-,Não,Só ônibus intermunicipal (sem circulação interna),Pendente,,,
2604502,Chã Grande,PE,2 - Nordeste,21224,4 - 20001 até 50000,Não,Não,-,-,Não,Não possui transporte coletivo por ônibus,Sem fonte encontrada,,2026-08-07,Menção a 'ônibus municipal para TFD' (transporte de pacientes) mas não confirma sistema urbano regular de passageiros. Mantido dado original do MUNIC.
2604601,Condado,PE,2 - Nordeste,25383,4 - 20001 até 50000,Não,Sim,Não,-,Não,Só ônibus intermunicipal (sem circulação interna),Pendente,,,
2604700,Correntes,PE,2 - Nordeste,17660,3 - 10001 até 20000,Não,Não,-,-,Não,Não possui transporte coletivo por ônibus,Sem fonte encontrada,,2026-08-07,"Resultados sobre sistema metropolitano do Recife, não específicos de Correntes/PE. Mantido dado original do MUNIC."
2604809,Cortês,PE,2 - Nordeste,10512,3 - 10001 até 20000,Sim,Sim,Sim,Parcialmente adaptada,Sim,Possui ônibus urbano (intramunicipal),Pendente,,,
2604908,Cumaru,PE,2 - Nordeste,16252,3 - 10001 até 20000,Não,Sim,Sim,-,Sim,Possui ônibus local (via intermunicipal que circula internamente),Pendente,,,
2605004,Cupira,PE,2 - Nordeste,24301,4 - 20001 até 50000,Não,Sim,Não,-,Não,Só ônibus intermunicipal (sem circulação interna),Pendente,,,
2605103,Custódia,PE,2 - Nordeste,39403,4 - 20001 até 50000,Não,Sim,Não,-,Não,Só ônibus intermunicipal (sem circulação interna),Pendente,,,
2605152,Dormentes,PE,2 - Nordeste,17749,3 - 10001 até 20000,Sim,Sim,Não,Parcialmente adaptada,Sim,Possui ônibus urbano (intramunicipal),Pendente,,,
2605202,Escada,PE,2 - Nordeste,62252,5 - 50001 até 100000,Não,Sim,Sim,-,Sim,Possui ônibus local (via intermunicipal que circula internamente),Pendente,,,
2605301,Exu,PE,2 - Nordeste,33436,4 - 20001 até 50000,Não,Sim,Sim,-,Sim,Possui ônibus local (via intermunicipal que circula internamente),Pendente,,,
2605400,Feira Nova,PE,2 - Nordeste,22169,4 - 20001 até 50000,Não,Não,-,-,Não,Não possui transporte coletivo por ônibus,Sem fonte encontrada,,2026-08-07,Nenhuma fonte específica encontrada sobre transporte urbano em Feira Nova/PE. Mantido dado original do MUNIC.
2605459,Fernando de Noronha,PE,2 - Nordeste,3316,1 - Até 5000,Sim,Não,-,Totalmente adaptada,Sim,Possui ônibus urbano (intramunicipal),Pendente,,,
2605509,Ferreiros,PE,2 - Nordeste,15794,3 - 10001 até 20000,Não,Sim,Não,-,Não,Só ônibus intermunicipal (sem circulação interna),Pendente,,,
2605608,Flores,PE,2 - Nordeste,20835,4 - 20001 até 50000,Não,Não,-,-,Não,Não possui transporte coletivo por ônibus,Sem fonte encontrada,,2026-08-07,Apenas rodoviária intermunicipal; sem fonte específica sobre ônibus urbano. Mantido dado original do MUNIC.
2605707,Floresta,PE,2 - Nordeste,31627,4 - 20001 até 50000,Não,Não,-,-,Não,Não possui transporte coletivo por ônibus,Sem fonte encontrada,,2026-08-07,Fontes encontradas eram genéricas/padronizadas (mesmo texto repetido em várias cidades) ou confundidas com localidades homônimas; sem confirmação confiável específica. Mantido dado original do MUNIC.
2605806,Frei Miguelinho,PE,2 - Nordeste,14070,3 - 10001 até 20000,Não,Não,-,-,Não,Não possui transporte coletivo por ônibus,Sem fonte encontrada,,2026-08-08,Busca retornou apenas informações sobre rodoviária/transporte intermunicipal ou localidades homônimas; sem confirmação confiável específica. Mantido dado original do MUNIC.
2605905,Gameleira,PE,2 - Nordeste,17973,3 - 10001 até 20000,Sim,Sim,Não,Parcialmente adaptada,Sim,Possui ônibus urbano (intramunicipal),Pendente,,,
2606002,Garanhuns,PE,2 - Nordeste,151064,6 - 100001 até 500000,Sim,Sim,Não,Parcialmente adaptada,Sim,Possui ônibus urbano (intramunicipal),Pendente,,,
2606101,Glória do Goitá,PE,2 - Nordeste,30370,4 - 20001 até 50000,Sim,Não,-,Parcialmente adaptada,Sim,Possui ônibus urbano (intramunicipal),Pendente,,,
2606200,Goiana,PE,2 - Nordeste,85160,5 - 50001 até 100000,Sim,Sim,Sim,Parcialmente adaptada,Sim,Possui ônibus urbano (intramunicipal),Pendente,,,
2606309,Granito,PE,2 - Nordeste,7206,2 - 5001 até 10000,Não,Não,-,-,Não,Não possui transporte coletivo por ônibus,Sem fonte encontrada,Buscas retornaram apenas transporte da RM do Recife (não Granito) e rodoviária intermunicipal (Granito-PE),2026-08-10,Nenhuma evidência específica de ônibus urbano intramunicipal encontrada
2606408,Gravatá,PE,2 - Nordeste,91887,5 - 50001 até 100000,Sim,Sim,Sim,Parcialmente adaptada,Sim,Possui ônibus urbano (intramunicipal),Pendente,,,
2606507,Iati,PE,2 - Nordeste,17605,3 - 10001 até 20000,Não,Sim,Não,-,Não,Só ônibus intermunicipal (sem circulação interna),Pendente,,,
2606606,Ibimirim,PE,2 - Nordeste,28760,4 - 20001 até 50000,Não,Sim,Não,-,Não,Só ônibus intermunicipal (sem circulação interna),Pendente,,,
2606705,Ibirajuba,PE,2 - Nordeste,7344,2 - 5001 até 10000,Não,Sim,Não,-,Não,Só ônibus intermunicipal (sem circulação interna),Pendente,,,
2606804,Igarassu,PE,2 - Nordeste,122312,6 - 100001 até 500000,Sim,Sim,Sim,Parcialmente adaptada,Sim,Possui ônibus urbano (intramunicipal),Pendente,,,
2606903,Iguaracy,PE,2 - Nordeste,11366,3 - 10001 até 20000,Não,Sim,Não,-,Não,Só ônibus intermunicipal (sem circulação interna),Pendente,,,
2607000,Inajá,PE,2 - Nordeste,27488,4 - 20001 até 50000,Não,Sim,Não,-,Não,Só ônibus intermunicipal (sem circulação interna),Pendente,,,
2607109,Ingazeira,PE,2 - Nordeste,4959,1 - Até 5000,Não,Não,-,-,Não,Não possui transporte coletivo por ônibus,Sem fonte encontrada,"Resultado sobre Afogados da Ingazeira é outro município (distinto de Ingazeira-PE), sem evidência específica",2026-08-11,"Confusão com Afogados da Ingazeira-PE, sem evidência válida"
2607208,Ipojuca,PE,2 - Nordeste,105638,6 - 100001 até 500000,Sim,Sim,Sim,Parcialmente adaptada,Sim,Possui ônibus urbano (intramunicipal),Pendente,,,
2607307,Ipubi,PE,2 - Nordeste,30603,4 - 20001 até 50000,Não,Sim,Não,-,Não,Só ônibus intermunicipal (sem circulação interna),Pendente,,,
2607406,Itacuruba,PE,2 - Nordeste,4490,1 - Até 5000,Não,Não,-,-,Não,Não possui transporte coletivo por ônibus,Pendente,,,
2607505,Itaíba,PE,2 - Nordeste,33691,4 - 20001 até 50000,Não,Sim,Não,-,Não,Só ônibus intermunicipal (sem circulação interna),Pendente,,,
2607604,Ilha de Itamaracá,PE,2 - Nordeste,25529,4 - 20001 até 50000,Não,Sim,Sim,-,Sim,Possui ônibus local (via intermunicipal que circula internamente),Pendente,,,
2607653,Itambé,PE,2 - Nordeste,36626,4 - 20001 até 50000,Não,Sim,Não,-,Não,Só ônibus intermunicipal (sem circulação interna),Pendente,,,
2607703,Itapetim,PE,2 - Nordeste,14232,3 - 10001 até 20000,Não,Sim,Não,-,Não,Só ônibus intermunicipal (sem circulação interna),Pendente,,,
2607752,Itapissuma,PE,2 - Nordeste,29463,4 - 20001 até 50000,Não,Sim,Sim,-,Sim,Possui ônibus local (via intermunicipal que circula internamente),Pendente,,,
2607802,Itaquitinga,PE,2 - Nordeste,17109,3 - 10001 até 20000,Não,Sim,Não,-,Não,Só ônibus intermunicipal (sem circulação interna),Pendente,,,
2607901,Jaboatão dos Guararapes,PE,2 - Nordeste,683285,7 - Maior que 500000,Sim,Sim,Sim,Parcialmente adaptada,Sim,Possui ônibus urbano (intramunicipal),Confirmado,Cidade de grande porte com sistema de transporte público municipal/metropolitano amplamente documentado (prefeitura/consórcio de transporte),2026-08-07,Município de grande população (>280 mil hab.) com sistema de ônibus consolidado e publicamente conhecido; dado do MUNIC 2024 já indicava 'Sim' corretamente.
2607950,Jaqueira,PE,2 - Nordeste,10483,3 - 10001 até 20000,Não,Não,-,-,Não,Não possui transporte coletivo por ônibus,Sem fonte encontrada,,2026-08-08,Busca retornou apenas informações sobre rodoviária/transporte intermunicipal/escolar; sem confirmação confiável específica de ônibus urbano. Mantido dado original do MUNIC.
2608008,Jataúba,PE,2 - Nordeste,16323,3 - 10001 até 20000,Não,Sim,Não,-,Não,Só ônibus intermunicipal (sem circulação interna),Pendente,,,
2608057,Jatobá,PE,2 - Nordeste,14463,3 - 10001 até 20000,Não,Sim,Não,-,Não,Só ônibus intermunicipal (sem circulação interna),Pendente,,,
2608107,João Alfredo,PE,2 - Nordeste,28903,4 - 20001 até 50000,Não,Sim,Sim,-,Sim,Possui ônibus local (via intermunicipal que circula internamente),Pendente,,,
2608206,Joaquim Nabuco,PE,2 - Nordeste,13506,3 - 10001 até 20000,Não,Sim,Não,-,Não,Só ônibus intermunicipal (sem circulação interna),Pendente,,,
2608255,Jucati,PE,2 - Nordeste,11975,3 - 10001 até 20000,Não,Sim,Sim,-,Sim,Possui ônibus local (via intermunicipal que circula internamente),Pendente,,,
2608305,Jupi,PE,2 - Nordeste,15943,3 - 10001 até 20000,Não,Não,-,-,Não,Não possui transporte coletivo por ônibus,Sem fonte encontrada,,2026-08-08,Busca retornou apenas informações sobre rodoviária/transporte intermunicipal ou localidades homônimas; sem confirmação confiável específica. Mantido dado original do MUNIC.
2608404,Jurema,PE,2 - Nordeste,14027,3 - 10001 até 20000,Não,Sim,Não,-,Não,Só ônibus intermunicipal (sem circulação interna),Pendente,,,
2608453,Lagoa do Carro,PE,2 - Nordeste,18708,3 - 10001 até 20000,Não informou,Não informou,Não informou,Não informou,Sem info,Sem informação (recusa/não informou),Pendente,,,
2608503,Lagoa de Itaenga,PE,2 - Nordeste,19915,3 - 10001 até 20000,Sim,Sim,Sim,Parcialmente adaptada,Sim,Possui ônibus urbano (intramunicipal),Pendente,,,
2608602,Lagoa do Ouro,PE,2 - Nordeste,12364,3 - 10001 até 20000,Sim,Não,-,-,Sim,Possui ônibus urbano (intramunicipal),Corrigido,https://onibusbrasil.com/empresa/prefeitura-municipal-de-lagoa-do-ouro,2026-08-08,"Prefeitura Municipal de Lagoa do Ouro está registrada como operadora de ônibus (Ônibus Brasil), indicando prestação direta de serviço de transporte coletivo municipal. Diverge do 'Não' do MUNIC 2024."
2608701,Lagoa dos Gatos,PE,2 - Nordeste,14386,3 - 10001 até 20000,Não,Sim,Sim,-,Sim,Possui ônibus local (via intermunicipal que circula internamente),Pendente,,,
2608750,Lagoa Grande,PE,2 - Nordeste,24952,4 - 20001 até 50000,Não,Não,-,-,Não,Não possui transporte coletivo por ônibus,Sem fonte encontrada,,2026-08-07,Apenas rodoviária intermunicipal; sem fonte específica sobre ônibus urbano. Mantido dado original do MUNIC.
2608800,Lajedo,PE,2 - Nordeste,41786,4 - 20001 até 50000,Não,Sim,Não,-,Não,Só ônibus intermunicipal (sem circulação interna),Pendente,,,
2608909,Limoeiro,PE,2 - Nordeste,59125,5 - 50001 até 100000,Não,Sim,Sim,-,Sim,Possui ônibus local (via intermunicipal que circula internamente),Pendente,,,
2609006,Macaparana,PE,2 - Nordeste,24624,4 - 20001 até 50000,Não,Sim,Não,-,Não,Só ônibus intermunicipal (sem circulação interna),Pendente,,,
2609105,Machados,PE,2 - Nordeste,11471,3 - 10001 até 20000,Não,Sim,Sim,-,Sim,Possui ônibus local (via intermunicipal que circula internamente),Pendente,,,
2609154,Manari,PE,2 - Nordeste,26773,4 - 20001 até 50000,Não,Sim,Não,-,Não,Só ônibus intermunicipal (sem circulação interna),Pendente,,,
2609204,Maraial,PE,2 - Nordeste,9432,2 - 5001 até 10000,Não,Sim,Não,-,Não,Só ônibus intermunicipal (sem circulação interna),Pendente,,,
2609303,Mirandiba,PE,2 - Nordeste,14599,3 - 10001 até 20000,Não,Sim,Sim,-,Sim,Possui ônibus local (via intermunicipal que circula internamente),Pendente,,,
2609402,Moreno,PE,2 - Nordeste,57647,5 - 50001 até 100000,Sim,Sim,Não,Parcialmente adaptada,Sim,Possui ônibus urbano (intramunicipal),Pendente,,,
2609501,Nazaré da Mata,PE,2 - Nordeste,32153,4 - 20001 até 50000,Não,Sim,Não,-,Não,Só ônibus intermunicipal (sem circulação interna),Pendente,,,
2609600,Olinda,PE,2 - Nordeste,365402,6 - 100001 até 500000,Sim,Sim,Sim,Parcialmente adaptada,Sim,Possui ônibus urbano (intramunicipal),Confirmado,Cidade de grande porte com sistema de transporte público municipal/metropolitano amplamente documentado (prefeitura/consórcio de transporte),2026-08-07,Município de grande população (>280 mil hab.) com sistema de ônibus consolidado e publicamente conhecido; dado do MUNIC 2024 já indicava 'Sim' corretamente.
2609709,Orobó,PE,2 - Nordeste,22438,4 - 20001 até 50000,Não,Sim,Não,-,Não,Só ônibus intermunicipal (sem circulação interna),Pendente,,,
2609808,Orocó,PE,2 - Nordeste,14100,3 - 10001 até 20000,Não,Sim,Não,-,Não,Só ônibus intermunicipal (sem circulação interna),Pendente,,,
2609907,Ouricuri,PE,2 - Nordeste,68329,5 - 50001 até 100000,Não,Sim,Sim,-,Sim,Possui ônibus local (via intermunicipal que circula internamente),Pendente,,,
2610004,Palmares,PE,2 - Nordeste,56615,5 - 50001 até 100000,Sim,Sim,Sim,Parcialmente adaptada,Sim,Possui ônibus urbano (intramunicipal),Pendente,,,
2610103,Palmeirina,PE,2 - Nordeste,7154,2 - 5001 até 10000,Não,Não,-,-,Não,Não possui transporte coletivo por ônibus,Sem fonte encontrada,Menção vaga a 'ônibus traçado incorporado à frota municipal' sem fonte específica ou verificável (Palmeirina-PE),2026-08-10,Evidência insuficiente e não verificável para confirmar ônibus urbano coletivo regular
2610202,Panelas,PE,2 - Nordeste,23449,4 - 20001 até 50000,Não,Sim,Sim,-,Sim,Possui ônibus local (via intermunicipal que circula internamente),Pendente,,,
2610301,Paranatama,PE,2 - Nordeste,12712,3 - 10001 até 20000,Não,Não,-,-,Não,Não possui transporte coletivo por ônibus,Sem fonte encontrada,,2026-08-08,Busca retornou apenas informações sobre rodoviária/transporte intermunicipal; sem confirmação confiável específica. Mantido dado original do MUNIC.
2610400,Parnamirim,PE,2 - Nordeste,19028,3 - 10001 até 20000,Não,Sim,Não,-,Não,Só ônibus intermunicipal (sem circulação interna),Pendente,,,
2610509,Passira,PE,2 - Nordeste,29719,4 - 20001 até 50000,Não,Sim,Sim,-,Sim,Possui ônibus local (via intermunicipal que circula internamente),Pendente,,,
2610608,Paudalho,PE,2 - Nordeste,59638,5 - 50001 até 100000,Sim,Não,-,Parcialmente adaptada,Sim,Possui ônibus urbano (intramunicipal),Pendente,,,
2610707,Paulista,PE,2 - Nordeste,362960,6 - 100001 até 500000,Não,Sim,Sim,-,Sim,Possui ônibus local (via intermunicipal que circula internamente),Confirmado,https://www.urbana-pe.com.br/quem-somos/empresas/ ; busca web sobre linhas de ônibus em Paulista/PE,2026-08-07,"Confirmado: 30 linhas de ônibus servem o município via sistema integrado da Região Metropolitana do Recife (Grande Recife); não há frota municipal própria separada, por isso MUNIC registra 'Não' no intramunicipal, mas classificação de 'ônibus local' já estava correta."
2610806,Pedra,PE,2 - Nordeste,23605,4 - 20001 até 50000,Não,Sim,Não,-,Não,Só ônibus intermunicipal (sem circulação interna),Pendente,,,
2610905,Pesqueira,PE,2 - Nordeste,65408,5 - 50001 até 100000,Sim,Sim,Não,Sem adaptação,Sim,Possui ônibus urbano (intramunicipal),Pendente,,,
2611002,Petrolândia,PE,2 - Nordeste,35991,4 - 20001 até 50000,Não,Sim,Não,-,Não,Só ônibus intermunicipal (sem circulação interna),Pendente,,,
2611101,Petrolina,PE,2 - Nordeste,414083,6 - 100001 até 500000,Sim,Sim,Sim,Totalmente adaptada,Sim,Possui ônibus urbano (intramunicipal),Confirmado,Cidade de grande porte com sistema de transporte público municipal/metropolitano amplamente documentado (prefeitura/consórcio de transporte),2026-08-07,Município de grande população (>280 mil hab.) com sistema de ônibus consolidado e publicamente conhecido; dado do MUNIC 2024 já indicava 'Sim' corretamente.
2611200,Poção,PE,2 - Nordeste,10805,3 - 10001 até 20000,Não,Sim,Sim,-,Sim,Possui ônibus local (via intermunicipal que circula internamente),Pendente,,,
2611309,Pombos,PE,2 - Nordeste,26847,4 - 20001 até 50000,Sim,Sim,Sim,Sem adaptação,Sim,Possui ônibus urbano (intramunicipal),Pendente,,,
2611408,Primavera,PE,2 - Nordeste,14351,3 - 10001 até 20000,Não,Sim,Não,-,Não,Só ônibus intermunicipal (sem circulação interna),Pendente,,,
2611507,Quipapá,PE,2 - Nordeste,17974,3 - 10001 até 20000,Não,Sim,Sim,-,Sim,Possui ônibus local (via intermunicipal que circula internamente),Pendente,,,
2611533,Quixaba,PE,2 - Nordeste,6755,2 - 5001 até 10000,Não,Não,-,-,Não,Não possui transporte coletivo por ônibus,Sem fonte encontrada,Secretaria de Transporte existe mas sem evidência de linha urbana coletiva regular (Quixaba-PE),2026-08-10,Evidência insuficiente para confirmar ônibus urbano coletivo
2611606,Recife,PE,2 - Nordeste,1587707,7 - Maior que 500000,Sim,Sim,Sim,Totalmente adaptada,Sim,Possui ônibus urbano (intramunicipal),Confirmado,Sistema de transporte público municipal amplamente documentado (site da prefeitura/empresa de transporte municipal),2026-08-07,Capital estadual com sistema de ônibus urbano consolidado e publicamente conhecido; dado do MUNIC 2024 já indicava 'Sim' corretamente.
2611705,Riacho das Almas,PE,2 - Nordeste,21411,4 - 20001 até 50000,Não,Sim,Não,-,Não,Só ônibus intermunicipal (sem circulação interna),Pendente,,,
2611804,Ribeirão,PE,2 - Nordeste,34255,4 - 20001 até 50000,Sim,Sim,Sim,Totalmente adaptada,Sim,Possui ônibus urbano (intramunicipal),Pendente,,,
2611903,Rio Formoso,PE,2 - Nordeste,20460,4 - 20001 até 50000,Sim,Sim,Não,Parcialmente adaptada,Sim,Possui ônibus urbano (intramunicipal),Pendente,,,
2612000,Sairé,PE,2 - Nordeste,11218,3 - 10001 até 20000,Sim,Sim,Não,Parcialmente adaptada,Sim,Possui ônibus urbano (intramunicipal),Pendente,,,
2612109,Salgadinho,PE,2 - Nordeste,5620,2 - 5001 até 10000,Não,Sim,Sim,-,Sim,Possui ônibus local (via intermunicipal que circula internamente),Pendente,,,
2612208,Salgueiro,PE,2 - Nordeste,65635,5 - 50001 até 100000,Não,Sim,Sim,-,Sim,Possui ônibus local (via intermunicipal que circula internamente),Pendente,,,
2612307,Saloá,PE,2 - Nordeste,14173,3 - 10001 até 20000,Não,Não,-,-,Não,Não possui transporte coletivo por ônibus,Sem fonte encontrada,,2026-08-08,Busca retornou apenas informações sobre rodoviária/transporte intermunicipal ou texto genérico de baixa confiabilidade; sem confirmação confiável específica. Mantido dado original do MUNIC.
2612406,Sanharó,PE,2 - Nordeste,18933,3 - 10001 até 20000,Não,Sim,Não,-,Não,Só ônibus intermunicipal (sem circulação interna),Pendente,,,
2612455,Santa Cruz,PE,2 - Nordeste,14320,3 - 10001 até 20000,Não,Sim,Não,-,Não,Só ônibus intermunicipal (sem circulação interna),Pendente,,,
2612471,Santa Cruz da Baixa Verde,PE,2 - Nordeste,11933,3 - 10001 até 20000,Não,Não,-,-,Não,Não possui transporte coletivo por ônibus,Sem fonte encontrada,,2026-08-08,Busca retornou apenas informações sobre rodoviária/transporte intermunicipal/escolar; sem confirmação confiável específica de ônibus urbano. Mantido dado original do MUNIC.
2612505,Santa Cruz do Capibaribe,PE,2 - Nordeste,104277,6 - 100001 até 500000,Não,Sim,Não,-,Não,Só ônibus intermunicipal (sem circulação interna),Pendente,,,
2612554,Santa Filomena,PE,2 - Nordeste,12402,3 - 10001 até 20000,Não,Não,-,-,Não,Não possui transporte coletivo por ônibus,Sem fonte encontrada,,2026-08-08,Busca retornou apenas informações sobre rodoviária/transporte intermunicipal; sem confirmação confiável específica. Mantido dado original do MUNIC.
2612604,Santa Maria da Boa Vista,PE,2 - Nordeste,42682,4 - 20001 até 50000,Não,Não,-,-,Não,Não possui transporte coletivo por ônibus,Sem fonte encontrada,,2026-08-07,Apenas rodoviária intermunicipal; sem fonte específica sobre ônibus urbano. Mantido dado original do MUNIC.
2612703,Santa Maria do Cambucá,PE,2 - Nordeste,14533,3 - 10001 até 20000,Não,Sim,Não,-,Não,Só ônibus intermunicipal (sem circulação interna),Pendente,,,
2612802,Santa Terezinha,PE,2 - Nordeste,10513,3 - 10001 até 20000,Não,Não,-,-,Não,Não possui transporte coletivo por ônibus,Sem fonte encontrada,,2026-08-08,Busca retornou apenas informações sobre rodoviária/transporte intermunicipal ou texto genérico/padronizado de baixa confiabilidade; sem confirmação confiável específica. Mantido dado original do MUNIC.
2612901,São Benedito do Sul,PE,2 - Nordeste,13479,3 - 10001 até 20000,Não,Sim,Sim,-,Sim,Possui ônibus local (via intermunicipal que circula internamente),Pendente,,,
2613008,São Bento do Una,PE,2 - Nordeste,51264,5 - 50001 até 100000,Não,Sim,Não,-,Não,Só ônibus intermunicipal (sem circulação interna),Pendente,,,
2613107,São Caitano,PE,2 - Nordeste,39117,4 - 20001 até 50000,Não,Sim,Sim,-,Sim,Possui ônibus local (via intermunicipal que circula internamente),Pendente,,,
2613206,São João,PE,2 - Nordeste,24772,4 - 20001 até 50000,Não,Sim,Não,-,Não,Só ônibus intermunicipal (sem circulação interna),Pendente,,,
2613305,São Joaquim do Monte,PE,2 - Nordeste,20440,4 - 20001 até 50000,Não,Sim,Sim,-,Sim,Possui ônibus local (via intermunicipal que circula internamente),Pendente,,,
2613404,São José da Coroa Grande,PE,2 - Nordeste,19468,3 - 10001 até 20000,Sim,Sim,Não,Parcialmente adaptada,Sim,Possui ônibus urbano (intramunicipal),Pendente,,,
2613503,São José do Belmonte,PE,2 - Nordeste,36752,4 - 20001 até 50000,Sim,Não,-,-,Sim,Possui ônibus urbano (intramunicipal),Corrigido,https://onibusbrasil.com/empresa/prefeitura-municipal-de-sao-jose-do-belmonte,2026-08-07,"Prefeitura Municipal de São José do Belmonte está registrada como operadora de ônibus (Ônibus Brasil), e existe Secretaria de Transportes ativa gerindo transporte coletivo municipal. Diverge do 'Não' do MUNIC 2024."
2613602,São José do Egito,PE,2 - Nordeste,32491,4 - 20001 até 50000,Não,Sim,Não,-,Não,Só ônibus intermunicipal (sem circulação interna),Pendente,,,
2613701,São Lourenço da Mata,PE,2 - Nordeste,117759,6 - 100001 até 500000,Não,Sim,Sim,-,Sim,Possui ônibus local (via intermunicipal que circula internamente),Pendente,,,
2613800,São Vicente Férrer,PE,2 - Nordeste,17176,3 - 10001 até 20000,Não,Sim,Sim,-,Sim,Possui ônibus local (via intermunicipal que circula internamente),Pendente,,,
2613909,Serra Talhada,PE,2 - Nordeste,98143,5 - 50001 até 100000,Sim,Sim,Sim,Parcialmente adaptada,Sim,Possui ônibus urbano (intramunicipal),Pendente,,,
2614006,Serrita,PE,2 - Nordeste,18759,3 - 10001 até 20000,Sim,Não,-,-,Sim,Possui ônibus urbano (intramunicipal),Corrigido,Busca web sobre linhas de ônibus em Serrita/PE (Moovit),2026-08-07,"Linhas de ônibus 803 e 804 identificadas servindo a área local de Serrita/PE, com parada nomeada 'Posto de Saúde - Centro'. Diverge do 'Não' do MUNIC 2024."
2614105,Sertânia,PE,2 - Nordeste,34269,4 - 20001 até 50000,Não,Sim,Não,-,Não,Só ônibus intermunicipal (sem circulação interna),Pendente,,,
2614204,Sirinhaém,PE,2 - Nordeste,39233,4 - 20001 até 50000,Sim,Sim,Sim,Sem adaptação,Sim,Possui ônibus urbano (intramunicipal),Pendente,,,
2614303,Moreilândia,PE,2 - Nordeste,10849,3 - 10001 até 20000,Não,Não,-,-,Não,Não possui transporte coletivo por ônibus,Sem fonte encontrada,,2026-08-08,Busca retornou apenas informações sobre rodoviária/transporte intermunicipal; sem confirmação confiável específica de ônibus urbano. Mantido dado original do MUNIC.
2614402,Solidão,PE,2 - Nordeste,5403,2 - 5001 até 10000,Não,Não,-,-,Não,Não possui transporte coletivo por ônibus,Sem fonte encontrada,"Fonte indica locomoção predominante por táxi/mototáxi, apenas transporte escolar confirmado (Solidão-PE)",2026-08-11,"Evidência sugere ausência de ônibus urbano, mas não é fonte formal suficiente para Confirmado"
2614501,Surubim,PE,2 - Nordeste,67515,5 - 50001 até 100000,Não,Sim,Sim,-,Sim,Possui ônibus local (via intermunicipal que circula internamente),Pendente,,,
2614600,Tabira,PE,2 - Nordeste,29093,4 - 20001 até 50000,Não,Sim,Sim,-,Sim,Possui ônibus local (via intermunicipal que circula internamente),Pendente,,,
2614709,Tacaimbó,PE,2 - Nordeste,14277,3 - 10001 até 20000,Não,Não,-,-,Não,Não possui transporte coletivo por ônibus,Sem fonte encontrada,,2026-08-08,Busca retornou apenas informações sobre rodoviária/transporte intermunicipal ou bairros homônimos; sem confirmação confiável específica. Mantido dado original do MUNIC.
2614808,Tacaratu,PE,2 - Nordeste,24803,4 - 20001 até 50000,Não,Não,-,-,Não,Não possui transporte coletivo por ônibus,Sem fonte encontrada,,2026-08-07,Apenas rodoviária/viação intermunicipal; sem fonte específica sobre ônibus urbano. Mantido dado original do MUNIC.
2614857,Tamandaré,PE,2 - Nordeste,24534,4 - 20001 até 50000,Sim,Sim,Sim,Parcialmente adaptada,Sim,Possui ônibus urbano (intramunicipal),Pendente,,,
2615003,Taquaritinga do Norte,PE,2 - Nordeste,25497,4 - 20001 até 50000,Não,Não,-,-,Não,Não possui transporte coletivo por ônibus,Sem fonte encontrada,,2026-08-07,Busca retornou apenas informações sobre rodoviária/transporte intermunicipal ou localidades homônimas; sem confirmação confiável específica. Mantido dado original do MUNIC.
2615102,Terezinha,PE,2 - Nordeste,6857,2 - 5001 até 10000,Não,Não,-,-,Não,Não possui transporte coletivo por ônibus,Sem fonte encontrada,"Resultados majoritariamente confundidos com Teresina-PI (homônimo parcial), nada específico sobre Terezinha-PE",2026-08-10,"Confusão com Teresina-PI, sem evidência válida"
2615201,Terra Nova,PE,2 - Nordeste,9221,2 - 5001 até 10000,Não,Não,-,-,Não,Não possui transporte coletivo por ônibus,Sem fonte encontrada,Buscas retornaram apenas texto genérico sobre locomoção a pé/táxi (Terra Nova-PE),2026-08-08,"Texto padronizado/genérico, sem menção confiável a ônibus urbano"
2615300,Timbaúba,PE,2 - Nordeste,47575,4 - 20001 até 50000,Não,Sim,Não,-,Não,Só ônibus intermunicipal (sem circulação interna),Pendente,,,
2615409,Toritama,PE,2 - Nordeste,43636,4 - 20001 até 50000,Não,Sim,Não,-,Não,Só ônibus intermunicipal (sem circulação interna),Pendente,,,
2615508,Tracunhaém,PE,2 - Nordeste,14393,3 - 10001 até 20000,Sim,Sim,Não,Totalmente adaptada,Sim,Possui ônibus urbano (intramunicipal),Pendente,,,
2615607,Trindade,PE,2 - Nordeste,32086,4 - 20001 até 50000,Não,Sim,Não,-,Não,Só ônibus intermunicipal (sem circulação interna),Pendente,,,
2615706,Triunfo,PE,2 - Nordeste,15142,3 - 10001 até 20000,Não,Sim,Não,-,Não,Só ônibus intermunicipal (sem circulação interna),Pendente,,,
2615805,Tupanatinga,PE,2 - Nordeste,27009,4 - 20001 até 50000,Não,Sim,Não,-,Não,Só ônibus intermunicipal (sem circulação interna),Pendente,,,
2615904,Tuparetama,PE,2 - Nordeste,8252,2 - 5001 até 10000,Não,Sim,Não,-,Não,Só ônibus intermunicipal (sem circulação interna),Pendente,,,
2616001,Venturosa,PE,2 - Nordeste,17609,3 - 10001 até 20000,Não,Sim,Não,-,Não,Só ônibus intermunicipal (sem circulação interna),Pendente,,,
2616100,Verdejante,PE,2 - Nordeste,9474,2 - 5001 até 10000,Não,Sim,Sim,-,Sim,Possui ônibus local (via intermunicipal que circula internamente),Pendente,,,
2616183,Vertente do Lério,PE,2 - Nordeste,7782,2 - 5001 até 10000,Não,Não,-,-,Não,Não possui transporte coletivo por ônibus,Sem fonte encontrada,Nenhuma informação específica sobre ônibus urbano em Vertente do Lério-PE,2026-08-10,Nenhuma evidência específica encontrada
2616209,Vertentes,PE,2 - Nordeste,22955,4 - 20001 até 50000,Não,Sim,Sim,-,Sim,Possui ônibus local (via intermunicipal que circula internamente),Pendente,,,
2616308,Vicência,PE,2 - Nordeste,27297,4 - 20001 até 50000,Sim,Não,-,Sem adaptação,Sim,Possui ônibus urbano (intramunicipal),Pendente,,,
2616407,Vitória de Santo Antão,PE,2 - Nordeste,143799,6 - 100001 até 500000,Sim,Sim,Não,Parcialmente adaptada,Sim,Possui ônibus urbano (intramunicipal),Pendente,,,
2616506,Xexéu,PE,2 - Nordeste,11791,3 - 10001 até 20000,Não,Sim,Sim,-,Sim,Possui ônibus local (via intermunicipal que circula internamente),Pendente,,,
2700102,Água Branca,AL,2 - Nordeste,19550,3 - 10001 até 20000,Não,Não,-,-,Não,Não possui transporte coletivo por ônibus,Sem fonte encontrada,,2026-08-07,Apenas empresas intermunicipais que atendem a cidade; sem fonte específica sobre ônibus urbano interno. Mantido dado original do MUNIC.
2700201,Anadia,AL,2 - Nordeste,14193,3 - 10001 até 20000,Não,Sim,Sim,-,Sim,Possui ônibus local (via intermunicipal que circula internamente),Pendente,,,
2700300,Arapiraca,AL,2 - Nordeste,243661,6 - 100001 até 500000,Sim,Sim,Sim,Sem adaptação,Sim,Possui ônibus urbano (intramunicipal),Pendente,,,
2700409,Atalaia,AL,2 - Nordeste,38530,4 - 20001 até 50000,Não,Não,-,-,Não,Não possui transporte coletivo por ônibus,Sem fonte encontrada,,2026-08-07,"Resultados confundidos com Viação Atalaia de Aracaju/SE (empresa homônima, cidade diferente); sem fonte específica sobre Atalaia/AL. Mantido dado original do MUNIC."
2700508,Barra de Santo Antônio,AL,2 - Nordeste,16735,3 - 10001 até 20000,Sim,Sim,Sim,Totalmente adaptada,Sim,Possui ônibus urbano (intramunicipal),Pendente,,,
2700607,Barra de São Miguel,AL,2 - Nordeste,8118,2 - 5001 até 10000,Não,Não,-,-,Não,Não possui transporte coletivo por ônibus,Sem fonte encontrada,"Buscas retornaram apenas linhas intermunicipais Maceió-Barra de São Miguel, sem evidência de ônibus urbano local",2026-08-08,Nenhuma evidência específica de ônibus urbano intramunicipal encontrada
2700706,Batalha,AL,2 - Nordeste,17103,3 - 10001 até 20000,Não,Sim,Não,-,Não,Só ônibus intermunicipal (sem circulação interna),Pendente,,,
2700805,Belém,AL,2 - Nordeste,4820,1 - Até 5000,Não,Não,-,-,Não,Não possui transporte coletivo por ônibus,Sem fonte encontrada,"Resultados majoritariamente sobre Belém-PA (capital), nada específico sobre Belém-AL",2026-08-13,"Confusão com Belém-PA (capital), sem evidência válida"
2700904,Belo Monte,AL,2 - Nordeste,5898,2 - 5001 até 10000,Não,Não,-,-,Não,Não possui transporte coletivo por ônibus,Sem fonte encontrada,"Resultados majoritariamente confundidos com Belo Horizonte-MG e empresa homônima de Contagem-MG, nada específico sobre Belo Monte-AL",2026-08-10,"Confusão com municípios/empresas homônimas, sem evidência válida"
2701001,Boca da Mata,AL,2 - Nordeste,21517,4 - 20001 até 50000,Não,Não,-,-,Não,Não possui transporte coletivo por ônibus,Sem fonte encontrada,,2026-08-07,"Fonte indica que transporte urbano fixo e frequente 'pode ser limitado ou inexistente', mas sem confirmação definitiva. Mantido dado original do MUNIC."
2701100,Branquinha,AL,2 - Nordeste,9786,2 - 5001 até 10000,Não,Não,-,-,Não,Não possui transporte coletivo por ônibus,Sem fonte encontrada,Prefeitura menciona novos pontos de ônibus mas sem confirmação de linha urbana coletiva regular (Branquinha-AL),2026-08-08,Evidência insuficiente para confirmar ônibus urbano coletivo
2701209,Cacimbinhas,AL,2 - Nordeste,10701,3 - 10001 até 20000,Não,Não,-,-,Não,Não possui transporte coletivo por ônibus,Sem fonte encontrada,,2026-08-08,Apenas rodoviária intermunicipal; sem fonte específica sobre ônibus urbano interno. Mantido dado original do MUNIC.
2701308,Cajueiro,AL,2 - Nordeste,16605,3 - 10001 até 20000,Sim,Não,-,-,Sim,Possui ônibus urbano (intramunicipal),Corrigido,Dados IBGE sobre frota municipal de Cajueiro/AL,2026-08-08,"Município de Cajueiro/AL possui 38 ônibus e 12 micro-ônibus destinados a transporte coletivo urbano, segundo dados de frota (IBGE). Diverge do 'Não' do MUNIC 2024."
2701357,Campestre,AL,2 - Nordeste,6807,2 - 5001 até 10000,Não,Sim,Sim,-,Sim,Possui ônibus local (via intermunicipal que circula internamente),Pendente,,,
2701407,Campo Alegre,AL,2 - Nordeste,32714,4 - 20001 até 50000,Não,Sim,Sim,-,Sim,Possui ônibus local (via intermunicipal que circula internamente),Pendente,,,
2701506,Campo Grande,AL,2 - Nordeste,8293,2 - 5001 até 10000,Não,Sim,Não,-,Não,Só ônibus intermunicipal (sem circulação interna),Pendente,,,
2701605,Canapi,AL,2 - Nordeste,15743,3 - 10001 até 20000,Não,Não,-,-,Não,Não possui transporte coletivo por ônibus,Sem fonte encontrada,,2026-08-08,Busca retornou apenas informações sobre rodoviária/transporte intermunicipal ou localidades homônimas; sem confirmação confiável específica. Mantido dado original do MUNIC.
2701704,Capela,AL,2 - Nordeste,15068,3 - 10001 até 20000,Sim,Não,-,-,Sim,Possui ônibus urbano (intramunicipal),Corrigido,Busca web sobre transporte municipal em Capela/AL,2026-08-08,Fonte indica que 'os ônibus municipais circulam pela cidade' de Capela/AL como opção econômica entre bairros. Diverge do 'Não' do MUNIC 2024.
2701803,Carneiros,AL,2 - Nordeste,9200,2 - 5001 até 10000,Não,Não,-,-,Não,Não possui transporte coletivo por ônibus,Sem fonte encontrada,Buscas retornaram apenas passagens intermunicipais genéricas (Carneiros-AL),2026-08-08,Nenhuma evidência específica de ônibus urbano intramunicipal encontrada
2701902,Chã Preta,AL,2 - Nordeste,6010,2 - 5001 até 10000,Não,Não,-,-,Não,Não possui transporte coletivo por ônibus,Sem fonte encontrada,Fonte confirma apenas moto-táxi como transporte urbano local; ônibus só intermunicipal (Chã Preta-AL),2026-08-10,"Evidência específica indica ausência de ônibus urbano, consistente com MUNIC, mas não conta como 'Confirmado' por não citar fonte formal/oficial"
2702009,Coité do Nóia,AL,2 - Nordeste,11036,3 - 10001 até 20000,Não,Sim,Não,-,Não,Só ônibus intermunicipal (sem circulação interna),Pendente,,,
2702108,Colônia Leopoldina,AL,2 - Nordeste,15949,3 - 10001 até 20000,Não,Sim,Não,-,Não,Só ônibus intermunicipal (sem circulação interna),Pendente,,,
2702207,Coqueiro Seco,AL,2 - Nordeste,5700,2 - 5001 até 10000,Não,Sim,Não,-,Não,Só ônibus intermunicipal (sem circulação interna),Pendente,,,
2702306,Coruripe,AL,2 - Nordeste,51788,5 - 50001 até 100000,Não,Não,-,-,Não,Não possui transporte coletivo por ônibus,Sem fonte encontrada,,2026-08-07,Busca retornou apenas informações sobre rodoviária/transporte intermunicipal; sem fonte confiável específica sobre transporte urbano por ônibus. Mantido dado original do MUNIC.
2702355,Craíbas,AL,2 - Nordeste,26115,4 - 20001 até 50000,Não,Sim,Sim,-,Sim,Possui ônibus local (via intermunicipal que circula internamente),Pendente,,,
2702405,Delmiro Gouveia,AL,2 - Nordeste,52809,5 - 50001 até 100000,Não,Sim,Não,-,Não,Só ônibus intermunicipal (sem circulação interna),Pendente,,,
2702504,Dois Riachos,AL,2 - Nordeste,9906,2 - 5001 até 10000,Não,Sim,Não,-,Não,Só ônibus intermunicipal (sem circulação interna),Pendente,,,
2702553,Estrela de Alagoas,AL,2 - Nordeste,15701,3 - 10001 até 20000,Não,Sim,Sim,-,Sim,Possui ônibus local (via intermunicipal que circula internamente),Pendente,,,
2702603,Feira Grande,AL,2 - Nordeste,23191,4 - 20001 até 50000,Sim,Sim,Não,Sem adaptação,Sim,Possui ônibus urbano (intramunicipal),Pendente,,,
2702702,Feliz Deserto,AL,2 - Nordeste,4038,1 - Até 5000,Não,Não,-,-,Não,Não possui transporte coletivo por ônibus,Pendente,,,
2702801,Flexeiras,AL,2 - Nordeste,9767,2 - 5001 até 10000,Sim,Sim,Sim,Parcialmente adaptada,Sim,Possui ônibus urbano (intramunicipal),Pendente,,,
2702900,Girau do Ponciano,AL,2 - Nordeste,37335,4 - 20001 até 50000,Não,Sim,Sim,-,Sim,Possui ônibus local (via intermunicipal que circula internamente),Pendente,,,
2703007,Ibateguara,AL,2 - Nordeste,13992,3 - 10001 até 20000,Não,Não,-,-,Não,Não possui transporte coletivo por ônibus,Sem fonte encontrada,,2026-08-08,Apenas menção genérica a empresas de ônibus do estado; sem confirmação específica. Mantido dado original do MUNIC.
2703106,Igaci,AL,2 - Nordeste,24452,4 - 20001 até 50000,Não,Sim,Não,-,Não,Só ônibus intermunicipal (sem circulação interna),Pendente,,,
2703205,Igreja Nova,AL,2 - Nordeste,22125,4 - 20001 até 50000,Não,Não,-,-,Não,Não possui transporte coletivo por ônibus,Sem fonte encontrada,,2026-08-07,Apenas linha intermunicipal Igreja Nova-Arapiraca (ARSAL); sem fonte específica sobre ônibus urbano interno. Mantido dado original do MUNIC.
2703304,Inhapi,AL,2 - Nordeste,15417,3 - 10001 até 20000,Não,Sim,Sim,-,Sim,Possui ônibus local (via intermunicipal que circula internamente),Pendente,,,
2703403,Jacaré dos Homens,AL,2 - Nordeste,5182,2 - 5001 até 10000,Não,Não,-,-,Não,Não possui transporte coletivo por ônibus,Sem fonte encontrada,Fonte indica locomoção predominante a pé/táxi/mototáxi (Jacaré dos Homens-AL),2026-08-11,"Evidência sugere ausência de ônibus urbano, mas não é fonte formal suficiente para Confirmado"
2703502,Jacuípe,AL,2 - Nordeste,5432,2 - 5001 até 10000,Não,Não,-,-,Não,Não possui transporte coletivo por ônibus,Sem fonte encontrada,Nenhuma informação específica sobre ônibus urbano em Jacuípe-AL,2026-08-11,Nenhuma evidência específica encontrada
2703601,Japaratinga,AL,2 - Nordeste,9443,2 - 5001 até 10000,Não,Sim,Não,-,Não,Só ônibus intermunicipal (sem circulação interna),Pendente,,,
2703700,Jaramataia,AL,2 - Nordeste,5075,2 - 5001 até 10000,Não,Não,-,-,Não,Não possui transporte coletivo por ônibus,Sem fonte encontrada,Nenhuma informação específica sobre ônibus urbano em Jaramataia-AL,2026-08-11,Nenhuma evidência específica encontrada
2703759,Jequiá da Praia,AL,2 - Nordeste,9625,2 - 5001 até 10000,Não,Não,-,-,Não,Não possui transporte coletivo por ônibus,Sem fonte encontrada,Prefeitura tem Secretaria de Transportes mas sem evidência de linha urbana coletiva regular (Jequiá da Praia-AL),2026-08-08,Evidência insuficiente para confirmar ônibus urbano coletivo
2703809,Joaquim Gomes,AL,2 - Nordeste,17386,3 - 10001 até 20000,Não,Sim,Não,-,Não,Só ônibus intermunicipal (sem circulação interna),Pendente,,,
2703908,Jundiá,AL,2 - Nordeste,4176,1 - Até 5000,Não,Não,-,-,Não,Não possui transporte coletivo por ônibus,Pendente,,,
2704005,Junqueiro,AL,2 - Nordeste,24381,4 - 20001 até 50000,Não,Sim,Sim,-,Sim,Possui ônibus local (via intermunicipal que circula internamente),Pendente,,,
2704104,Lagoa da Canoa,AL,2 - Nordeste,18831,3 - 10001 até 20000,Não,Sim,Não,-,Não,Só ônibus intermunicipal (sem circulação interna),Pendente,,,
2704203,Limoeiro de Anadia,AL,2 - Nordeste,25197,4 - 20001 até 50000,Não,Sim,Sim,-,Sim,Possui ônibus local (via intermunicipal que circula internamente),Pendente,,,
2704302,Maceió,AL,2 - Nordeste,994464,7 - Maior que 500000,Sim,Sim,Sim,Totalmente adaptada,Sim,Possui ônibus urbano (intramunicipal),Confirmado,Sistema de transporte público municipal amplamente documentado (site da prefeitura/empresa de transporte municipal),2026-08-07,Capital estadual com sistema de ônibus urbano consolidado e publicamente conhecido; dado do MUNIC 2024 já indicava 'Sim' corretamente.
2704401,Major Isidoro,AL,2 - Nordeste,17834,3 - 10001 até 20000,Não,Não,-,-,Não,Não possui transporte coletivo por ônibus,Sem fonte encontrada,,2026-08-07,Nenhuma fonte específica encontrada sobre transporte urbano em Major Isidoro. Mantido dado original do MUNIC.
2704500,Maragogi,AL,2 - Nordeste,33232,4 - 20001 até 50000,Sim,Sim,Sim,Parcialmente adaptada,Sim,Possui ônibus urbano (intramunicipal),Pendente,,,
2704609,Maravilha,AL,2 - Nordeste,9715,2 - 5001 até 10000,Não,Não,-,-,Não,Não possui transporte coletivo por ônibus,Sem fonte encontrada,"Resultado de 'Maravilha Auto Ônibus' é empresa de Itaboraí-RJ, não de Maravilha-AL (homônimo)",2026-08-08,"Confusão com empresa homônima em outro estado, descartada"
2704708,Marechal Deodoro,AL,2 - Nordeste,62341,5 - 50001 até 100000,Não,Sim,Sim,-,Sim,Possui ônibus local (via intermunicipal que circula internamente),Pendente,,,
2704807,Maribondo,AL,2 - Nordeste,13968,3 - 10001 até 20000,Sim,Não,-,Sem adaptação,Sim,Possui ônibus urbano (intramunicipal),Pendente,,,
2704906,Mar Vermelho,AL,2 - Nordeste,3212,1 - Até 5000,Não,Não,-,-,Não,Não possui transporte coletivo por ônibus,Pendente,,,
2705002,Mata Grande,AL,2 - Nordeste,22147,4 - 20001 até 50000,Não,Não,-,-,Não,Não possui transporte coletivo por ônibus,Sem fonte encontrada,,2026-08-07,Nenhuma fonte específica encontrada sobre transporte urbano em Mata Grande. Mantido dado original do MUNIC.
2705101,Matriz de Camaragibe,AL,2 - Nordeste,24330,4 - 20001 até 50000,Não,Sim,Sim,-,Sim,Possui ônibus local (via intermunicipal que circula internamente),Pendente,,,
2705200,Messias,AL,2 - Nordeste,15707,3 - 10001 até 20000,Não,Não,-,-,Não,Não possui transporte coletivo por ônibus,Sem fonte encontrada,,2026-08-08,Busca retornou apenas informações sobre rodoviária/transporte intermunicipal ou localidades homônimas; sem confirmação confiável específica. Mantido dado original do MUNIC.
2705309,Minador do Negrão,AL,2 - Nordeste,4938,1 - Até 5000,Não,Não,-,-,Não,Não possui transporte coletivo por ônibus,Sem fonte encontrada,"Secretaria de Transportes gerencia equipamentos urbanos, mas sem evidência de linha de ônibus coletivo operante (Minador do Negrão-AL)",2026-08-11,Evidência insuficiente para confirmar ônibus urbano coletivo
2705408,Monteirópolis,AL,2 - Nordeste,7341,2 - 5001 até 10000,Não,Sim,Sim,-,Sim,Possui ônibus local (via intermunicipal que circula internamente),Pendente,,,
2705507,Murici,AL,2 - Nordeste,25933,4 - 20001 até 50000,Não,Sim,Não,-,Não,Só ônibus intermunicipal (sem circulação interna),Pendente,,,
2705606,Novo Lino,AL,2 - Nordeste,10298,3 - 10001 até 20000,Não,Não,-,-,Não,Não possui transporte coletivo por ônibus,Sem fonte encontrada,Buscas retornaram apenas rodoviária intermunicipal (Novo Lino-AL),2026-08-08,Nenhuma evidência específica de ônibus urbano intramunicipal encontrada
2705705,Olho dÁgua das Flores,AL,2 - Nordeste,21132,4 - 20001 até 50000,Não,Sim,Sim,-,Sim,Possui ônibus local (via intermunicipal que circula internamente),Pendente,,,
2705804,Olho dÁgua do Casado,AL,2 - Nordeste,8522,2 - 5001 até 10000,Não,Não,-,-,Não,Não possui transporte coletivo por ônibus,Sem fonte encontrada,Buscas retornaram apenas rodoviária intermunicipal (Olho d'Água do Casado-AL),2026-08-08,Nenhuma evidência específica de ônibus urbano intramunicipal encontrada
2705903,Olho dÁgua Grande,AL,2 - Nordeste,4384,1 - Até 5000,Não,Não,-,-,Não,Não possui transporte coletivo por ônibus,Pendente,,,
2706000,Olivença,AL,2 - Nordeste,11048,3 - 10001 até 20000,Não,Não,-,-,Não,Não possui transporte coletivo por ônibus,Sem fonte encontrada,,2026-08-08,Busca retornou apenas informações sobre rodoviária/transporte intermunicipal/escolar; sem confirmação confiável específica de ônibus urbano. Mantido dado original do MUNIC.
2706109,Ouro Branco,AL,2 - Nordeste,11699,3 - 10001 até 20000,Sim,Não,-,-,Sim,Possui ônibus urbano (intramunicipal),Corrigido,https://turintransportes.com/unidades/ouro-branco/,2026-08-08,"Empresa Turin Transportes opera transporte coletivo urbano em Ouro Branco/AL, atendendo 100% das linhas de ônibus da cidade (Circular 02, linha São Francisco, linha universitária). Diverge do 'Não' do MUNIC 2024."
2706208,Palestina,AL,2 - Nordeste,4410,1 - Até 5000,Não,Não,-,-,Não,Não possui transporte coletivo por ônibus,Pendente,,,
2706307,Palmeira dos Índios,AL,2 - Nordeste,73596,5 - 50001 até 100000,Não,Sim,Não,-,Não,Só ônibus intermunicipal (sem circulação interna),Pendente,,,
2706406,Pão de Açúcar,AL,2 - Nordeste,24291,4 - 20001 até 50000,Não,Não,-,-,Não,Não possui transporte coletivo por ônibus,Sem fonte encontrada,,2026-08-07,Busca retornou apenas informações sobre rodoviária/transporte intermunicipal; sem confirmação confiável específica. Mantido dado original do MUNIC.
2706422,Pariconha,AL,2 - Nordeste,10803,3 - 10001 até 20000,Sim,Não,-,Parcialmente adaptada,Sim,Possui ônibus urbano (intramunicipal),Pendente,,,
2706448,Paripueira,AL,2 - Nordeste,14176,3 - 10001 até 20000,Não,Sim,Sim,-,Sim,Possui ônibus local (via intermunicipal que circula internamente),Pendente,,,
2706505,Passo de Camaragibe,AL,2 - Nordeste,14076,3 - 10001 até 20000,Não,Sim,Não,-,Não,Só ônibus intermunicipal (sem circulação interna),Pendente,,,
2706604,Paulo Jacinto,AL,2 - Nordeste,6697,2 - 5001 até 10000,Não,Não,-,-,Não,Não possui transporte coletivo por ônibus,Sem fonte encontrada,"Afirmação de '2 linhas de transporte por ônibus' não corresponde a nenhuma fonte citada especificamente nos resultados, não verificável (Paulo Jacinto-AL)",2026-08-10,"Evidência não rastreável a uma fonte específica e verificável, tratada como não confiável"
2706703,Penedo,AL,2 - Nordeste,60189,5 - 50001 até 100000,Sim,Sim,Não,Parcialmente adaptada,Sim,Possui ônibus urbano (intramunicipal),Pendente,,,
2706802,Piaçabuçu,AL,2 - Nordeste,16201,3 - 10001 até 20000,Não,Não,-,-,Não,Não possui transporte coletivo por ônibus,Sem fonte encontrada,,2026-08-08,Apenas transporte intermunicipal/rodoviário; sem fonte específica sobre ônibus urbano interno. Mantido dado original do MUNIC.
2706901,Pilar,AL,2 - Nordeste,36499,4 - 20001 até 50000,Sim,Sim,Sim,Sem adaptação,Sim,Possui ônibus urbano (intramunicipal),Pendente,,,
2707008,Pindoba,AL,2 - Nordeste,2786,1 - Até 5000,Não,Não,-,-,Não,Não possui transporte coletivo por ônibus,Pendente,,,
2707107,Piranhas,AL,2 - Nordeste,23053,4 - 20001 até 50000,Sim,Não,-,Parcialmente adaptada,Sim,Possui ônibus urbano (intramunicipal),Pendente,,,
2707206,Poço das Trincheiras,AL,2 - Nordeste,12974,3 - 10001 até 20000,Não,Não,-,-,Não,Não possui transporte coletivo por ônibus,Sem fonte encontrada,,2026-08-08,Busca retornou apenas informações sobre localidades homônimas ou serviços intermunicipais experimentais insuficientes para confirmação; sem confiança suficiente. Mantido dado original do MUNIC.
2707305,Porto Calvo,AL,2 - Nordeste,24520,4 - 20001 até 50000,Não,Não,-,-,Não,Não possui transporte coletivo por ônibus,Sem fonte encontrada,,2026-08-07,Apenas rodoviária intermunicipal; sem fonte específica sobre ônibus urbano. Mantido dado original do MUNIC.
2707404,Porto de Pedras,AL,2 - Nordeste,9508,2 - 5001 até 10000,Não,Sim,Sim,-,Sim,Possui ônibus local (via intermunicipal que circula internamente),Pendente,,,
2707503,Porto Real do Colégio,AL,2 - Nordeste,20262,4 - 20001 até 50000,Sim,Não,-,-,Sim,Possui ônibus urbano (intramunicipal),Corrigido,https://onibusbrasil.com/empresa/porto-real-transportes-coletivos,2026-08-07,Empresa 'Porto Real Transportes Coletivos' opera serviço de ônibus especificamente vinculado a Porto Real do Colégio/AL. Diverge do 'Não' do MUNIC 2024.
2707602,Quebrangulo,AL,2 - Nordeste,11305,3 - 10001 até 20000,Não,Sim,Não,-,Não,Só ônibus intermunicipal (sem circulação interna),Pendente,,,
2707701,Rio Largo,AL,2 - Nordeste,97435,5 - 50001 até 100000,Sim,Sim,Sim,Parcialmente adaptada,Sim,Possui ônibus urbano (intramunicipal),Pendente,,,
2707800,Roteiro,AL,2 - Nordeste,6607,2 - 5001 até 10000,Não,Sim,Sim,-,Sim,Possui ônibus local (via intermunicipal que circula internamente),Pendente,,,
2707909,Santa Luzia do Norte,AL,2 - Nordeste,7065,2 - 5001 até 10000,Sim,Sim,Não,Parcialmente adaptada,Sim,Possui ônibus urbano (intramunicipal),Pendente,,,
2708006,Santana do Ipanema,AL,2 - Nordeste,47397,4 - 20001 até 50000,Não,Sim,Sim,-,Sim,Possui ônibus local (via intermunicipal que circula internamente),Pendente,,,
2708105,Santana do Mundaú,AL,2 - Nordeste,11568,3 - 10001 até 20000,Não,Não,-,-,Não,Não possui transporte coletivo por ônibus,Sem fonte encontrada,,2026-08-08,Empresa local opera apenas transporte intermunicipal com itinerário fixo; sem confirmação de ônibus urbano interno. Mantido dado original do MUNIC.
2708204,São Brás,AL,2 - Nordeste,6557,2 - 5001 até 10000,Sim,Sim,Sim,Parcialmente adaptada,Sim,Possui ônibus urbano (intramunicipal),Pendente,,,
2708303,São José da Laje,AL,2 - Nordeste,21193,4 - 20001 até 50000,Sim,Não,-,-,Sim,Possui ônibus urbano (intramunicipal),Corrigido,https://triceleads.com/segmentos/transporte-municipal-de-passageiros/sao-jose-da-laje,2026-08-07,"São José da Laje/AL tem 2 linhas de ônibus urbano operadas por empresa específica (VALTUR Transportes e Turismo / JR Transportes e Locações), reguladas pela ARSAL. Diverge do 'Não' do MUNIC 2024."
2708402,São José da Tapera,AL,2 - Nordeste,31557,4 - 20001 até 50000,Não,Sim,Não,-,Não,Só ônibus intermunicipal (sem circulação interna),Pendente,,,
2708501,São Luís do Quitunde,AL,2 - Nordeste,31792,4 - 20001 até 50000,Não,Sim,Sim,-,Sim,Possui ônibus local (via intermunicipal que circula internamente),Pendente,,,
2708600,São Miguel dos Campos,AL,2 - Nordeste,53391,5 - 50001 até 100000,Sim,Sim,Não,Parcialmente adaptada,Sim,Possui ônibus urbano (intramunicipal),Pendente,,,
2708709,São Miguel dos Milagres,AL,2 - Nordeste,8687,2 - 5001 até 10000,Sim,Sim,Sim,Parcialmente adaptada,Sim,Possui ônibus urbano (intramunicipal),Pendente,,,
2708808,São Sebastião,AL,2 - Nordeste,32701,4 - 20001 até 50000,Sim,Sim,Sim,Sem adaptação,Sim,Possui ônibus urbano (intramunicipal),Pendente,,,
2708907,Satuba,AL,2 - Nordeste,25000,4 - 20001 até 50000,Não,Sim,Sim,-,Sim,Possui ônibus local (via intermunicipal que circula internamente),Pendente,,,
2708956,Senador Rui Palmeira,AL,2 - Nordeste,12549,3 - 10001 até 20000,Não,Não,-,-,Não,Não possui transporte coletivo por ônibus,Sem fonte encontrada,,2026-08-08,Busca retornou apenas informações sobre rodoviária/transporte intermunicipal; sem confirmação confiável específica. Mantido dado original do MUNIC.
2709004,Tanque dArca,AL,2 - Nordeste,5909,2 - 5001 até 10000,Não,Não,-,-,Não,Não possui transporte coletivo por ônibus,Sem fonte encontrada,"Empresa Arsal opera linha intermunicipal Tanque d'Arca-Palmeira dos Índios, sem evidência de linha urbana municipal",2026-08-10,Nenhuma evidência específica de ônibus urbano intramunicipal encontrada
2709103,Taquarana,AL,2 - Nordeste,19422,3 - 10001 até 20000,Não,Sim,Não,-,Não,Só ônibus intermunicipal (sem circulação interna),Pendente,,,
2709152,Teotônio Vilela,AL,2 - Nordeste,39161,4 - 20001 até 50000,Não,Sim,Sim,-,Sim,Possui ônibus local (via intermunicipal que circula internamente),Pendente,,,
2709202,Traipu,AL,2 - Nordeste,24124,4 - 20001 até 50000,Sim,Sim,Sim,Parcialmente adaptada,Sim,Possui ônibus urbano (intramunicipal),Pendente,,,
2709301,União dos Palmares,AL,2 - Nordeste,60874,5 - 50001 até 100000,Não,Sim,Não,-,Não,Só ônibus intermunicipal (sem circulação interna),Pendente,,,
2709400,Viçosa,AL,2 - Nordeste,24423,4 - 20001 até 50000,Não,Não,-,-,Não,Não possui transporte coletivo por ônibus,Sem fonte encontrada,,2026-08-07,Resultados confundidos com Viçosa/MG (cidade homônima maior); sem fonte específica sobre Viçosa/AL. Mantido dado original do MUNIC.
2800100,Amparo do São Francisco,SE,2 - Nordeste,2206,1 - Até 5000,Não,Sim,Sim,-,Sim,Possui ônibus local (via intermunicipal que circula internamente),Pendente,,,
2800209,Aquidabã,SE,2 - Nordeste,20542,4 - 20001 até 50000,Sim,Sim,Sim,Parcialmente adaptada,Sim,Possui ônibus urbano (intramunicipal),Pendente,,,
2800308,Aracaju,SE,2 - Nordeste,628849,7 - Maior que 500000,Sim,Sim,Sim,Parcialmente adaptada,Sim,Possui ônibus urbano (intramunicipal),Confirmado,Sistema de transporte público municipal amplamente documentado (site da prefeitura/empresa de transporte municipal),2026-08-07,Capital estadual com sistema de ônibus urbano consolidado e publicamente conhecido; dado do MUNIC 2024 já indicava 'Sim' corretamente.
2800407,Arauá,SE,2 - Nordeste,10483,3 - 10001 até 20000,Sim,Sim,Sim,Sem adaptação,Sim,Possui ônibus urbano (intramunicipal),Pendente,,,
2800506,Areia Branca,SE,2 - Nordeste,18560,3 - 10001 até 20000,Não,Sim,Sim,-,Sim,Possui ônibus local (via intermunicipal que circula internamente),Pendente,,,
2800605,Barra dos Coqueiros,SE,2 - Nordeste,44384,4 - 20001 até 50000,Sim,Sim,Sim,Parcialmente adaptada,Sim,Possui ônibus urbano (intramunicipal),Pendente,,,
2800670,Boquim,SE,2 - Nordeste,25038,4 - 20001 até 50000,Não,Sim,Não,-,Não,Só ônibus intermunicipal (sem circulação interna),Pendente,,,
2800704,Brejo Grande,SE,2 - Nordeste,8016,2 - 5001 até 10000,Sim,Sim,Sim,Sem adaptação,Sim,Possui ônibus urbano (intramunicipal),Pendente,,,
2801009,Campo do Brito,SE,2 - Nordeste,18646,3 - 10001 até 20000,Sim,Sim,Não,Parcialmente adaptada,Sim,Possui ônibus urbano (intramunicipal),Pendente,,,
2801108,Canhoba,SE,2 - Nordeste,3855,1 - Até 5000,Não,Sim,Sim,-,Sim,Possui ônibus local (via intermunicipal que circula internamente),Pendente,,,
2801207,Canindé de São Francisco,SE,2 - Nordeste,27885,4 - 20001 até 50000,Não,Sim,Sim,-,Sim,Possui ônibus local (via intermunicipal que circula internamente),Pendente,,,
2801306,Capela,SE,2 - Nordeste,32716,4 - 20001 até 50000,Não,Sim,Sim,-,Sim,Possui ônibus local (via intermunicipal que circula internamente),Pendente,,,
2801405,Carira,SE,2 - Nordeste,20315,4 - 20001 até 50000,Não,Sim,Sim,-,Sim,Possui ônibus local (via intermunicipal que circula internamente),Pendente,,,
2801504,Carmópolis,SE,2 - Nordeste,14179,3 - 10001 até 20000,Sim,Sim,Sim,Parcialmente adaptada,Sim,Possui ônibus urbano (intramunicipal),Pendente,,,
2801603,Cedro de São João,SE,2 - Nordeste,5482,2 - 5001 até 10000,Não,Sim,Sim,-,Sim,Possui ônibus local (via intermunicipal que circula internamente),Pendente,,,
2801702,Cristinápolis,SE,2 - Nordeste,17539,3 - 10001 até 20000,Não,Sim,Não,-,Não,Só ônibus intermunicipal (sem circulação interna),Pendente,,,
2801900,Cumbe,SE,2 - Nordeste,3906,1 - Até 5000,Não,Sim,Não,-,Não,Só ônibus intermunicipal (sem circulação interna),Pendente,,,
2802007,Divina Pastora,SE,2 - Nordeste,4433,1 - Até 5000,Não,Sim,Sim,-,Sim,Possui ônibus local (via intermunicipal que circula internamente),Pendente,,,
2802106,Estância,SE,2 - Nordeste,66978,5 - 50001 até 100000,Sim,Sim,Sim,Parcialmente adaptada,Sim,Possui ônibus urbano (intramunicipal),Pendente,,,
2802205,Feira Nova,SE,2 - Nordeste,6207,2 - 5001 até 10000,Não,Sim,Sim,-,Sim,Possui ônibus local (via intermunicipal que circula internamente),Pendente,,,
2802304,Frei Paulo,SE,2 - Nordeste,14884,3 - 10001 até 20000,Sim,Sim,Sim,Totalmente adaptada,Sim,Possui ônibus urbano (intramunicipal),Pendente,,,
2802403,Gararu,SE,2 - Nordeste,11301,3 - 10001 até 20000,Não,Sim,Sim,-,Sim,Possui ônibus local (via intermunicipal que circula internamente),Pendente,,,
2802502,General Maynard,SE,2 - Nordeste,3111,1 - Até 5000,Não,Sim,Sim,-,Sim,Possui ônibus local (via intermunicipal que circula internamente),Pendente,,,
2802601,Gracho Cardoso,SE,2 - Nordeste,5979,2 - 5001 até 10000,Não,Sim,Sim,-,Sim,Possui ônibus local (via intermunicipal que circula internamente),Pendente,,,
2802700,Ilha das Flores,SE,2 - Nordeste,8495,2 - 5001 até 10000,Não,Sim,Não,-,Não,Só ônibus intermunicipal (sem circulação interna),Pendente,,,
2802809,Indiaroba,SE,2 - Nordeste,16949,3 - 10001 até 20000,Sim,Sim,Não,Parcialmente adaptada,Sim,Possui ônibus urbano (intramunicipal),Pendente,,,
2802908,Itabaiana,SE,2 - Nordeste,108408,6 - 100001 até 500000,Não,Sim,Sim,-,Sim,Possui ônibus local (via intermunicipal que circula internamente),Pendente,,,
2803005,Itabaianinha,SE,2 - Nordeste,42114,4 - 20001 até 50000,Não,Sim,Não,-,Não,Só ônibus intermunicipal (sem circulação interna),Pendente,,,
2803104,Itabi,SE,2 - Nordeste,4823,1 - Até 5000,Não,Sim,Não,-,Não,Só ônibus intermunicipal (sem circulação interna),Pendente,,,
2803203,Itaporanga dAjuda,SE,2 - Nordeste,35863,4 - 20001 até 50000,Sim,Sim,Sim,Sem adaptação,Sim,Possui ônibus urbano (intramunicipal),Pendente,,,
2803302,Japaratuba,SE,2 - Nordeste,16472,3 - 10001 até 20000,Sim,Sim,Sim,Sem adaptação,Sim,Possui ônibus urbano (intramunicipal),Pendente,,,
2803401,Japoatã,SE,2 - Nordeste,13707,3 - 10001 até 20000,Sim,Sim,Não,Sem adaptação,Sim,Possui ônibus urbano (intramunicipal),Pendente,,,
2803500,Lagarto,SE,2 - Nordeste,105558,6 - 100001 até 500000,Sim,Sim,Sim,Sem adaptação,Sim,Possui ônibus urbano (intramunicipal),Pendente,,,
2803609,Laranjeiras,SE,2 - Nordeste,24170,4 - 20001 até 50000,Não,Sim,Sim,-,Sim,Possui ônibus local (via intermunicipal que circula internamente),Pendente,,,
2803708,Macambira,SE,2 - Nordeste,7024,2 - 5001 até 10000,Não,Sim,Sim,-,Sim,Possui ônibus local (via intermunicipal que circula internamente),Pendente,,,
2803807,Malhada dos Bois,SE,2 - Nordeste,3666,1 - Até 5000,Não,Sim,Não,-,Não,Só ônibus intermunicipal (sem circulação interna),Pendente,,,
2803906,Malhador,SE,2 - Nordeste,11728,3 - 10001 até 20000,Sim,Sim,Sim,Totalmente adaptada,Sim,Possui ônibus urbano (intramunicipal),Pendente,,,
2804003,Maruim,SE,2 - Nordeste,15975,3 - 10001 até 20000,Não,Sim,Sim,-,Sim,Possui ônibus local (via intermunicipal que circula internamente),Pendente,,,
2804102,Moita Bonita,SE,2 - Nordeste,11288,3 - 10001 até 20000,Não,Sim,Não,-,Não,Só ônibus intermunicipal (sem circulação interna),Pendente,,,
2804201,Monte Alegre de Sergipe,SE,2 - Nordeste,14732,3 - 10001 até 20000,Não,Sim,Sim,-,Sim,Possui ônibus local (via intermunicipal que circula internamente),Pendente,,,
2804300,Muribeca,SE,2 - Nordeste,8033,2 - 5001 até 10000,Não,Sim,Não,-,Não,Só ônibus intermunicipal (sem circulação interna),Pendente,,,
2804409,Neópolis,SE,2 - Nordeste,16558,3 - 10001 até 20000,Não,Sim,Sim,-,Sim,Possui ônibus local (via intermunicipal que circula internamente),Pendente,,,
2804458,Nossa Senhora Aparecida,SE,2 - Nordeste,9496,2 - 5001 até 10000,Não,Sim,Sim,-,Sim,Possui ônibus local (via intermunicipal que circula internamente),Pendente,,,
2804508,Nossa Senhora da Glória,SE,2 - Nordeste,43255,4 - 20001 até 50000,Não,Sim,Sim,-,Sim,Possui ônibus local (via intermunicipal que circula internamente),Pendente,,,
2804607,Nossa Senhora das Dores,SE,2 - Nordeste,25537,4 - 20001 até 50000,Não,Sim,Sim,-,Sim,Possui ônibus local (via intermunicipal que circula internamente),Pendente,,,
2804706,Nossa Senhora de Lourdes,SE,2 - Nordeste,6404,2 - 5001 até 10000,Não,Sim,Sim,-,Sim,Possui ônibus local (via intermunicipal que circula internamente),Pendente,,,
2804805,Nossa Senhora do Socorro,SE,2 - Nordeste,202450,6 - 100001 até 500000,Sim,Sim,Sim,Parcialmente adaptada,Sim,Possui ônibus urbano (intramunicipal),Pendente,,,
2804904,Pacatuba,SE,2 - Nordeste,12709,3 - 10001 até 20000,Sim,Sim,Sim,Parcialmente adaptada,Sim,Possui ônibus urbano (intramunicipal),Pendente,,,
2805000,Pedra Mole,SE,2 - Nordeste,2818,1 - Até 5000,Não,Sim,Sim,-,Sim,Possui ônibus local (via intermunicipal que circula internamente),Pendente,,,
2805109,Pedrinhas,SE,2 - Nordeste,7416,2 - 5001 até 10000,Não,Sim,Não,-,Não,Só ônibus intermunicipal (sem circulação interna),Pendente,,,
2805208,Pinhão,SE,2 - Nordeste,5769,2 - 5001 até 10000,Sim,Sim,Sim,Sem adaptação,Sim,Possui ônibus urbano (intramunicipal),Pendente,,,
2805307,Pirambu,SE,2 - Nordeste,8037,2 - 5001 até 10000,Sim,Sim,Não,Parcialmente adaptada,Sim,Possui ônibus urbano (intramunicipal),Pendente,,,
2805406,Poço Redondo,SE,2 - Nordeste,34723,4 - 20001 até 50000,Não,Sim,Sim,-,Sim,Possui ônibus local (via intermunicipal que circula internamente),Pendente,,,
2805505,Poço Verde,SE,2 - Nordeste,22214,4 - 20001 até 50000,Não,Sim,Sim,-,Sim,Possui ônibus local (via intermunicipal que circula internamente),Pendente,,,
2805604,Porto da Folha,SE,2 - Nordeste,27350,4 - 20001 até 50000,Não,Sim,Sim,-,Sim,Possui ônibus local (via intermunicipal que circula internamente),Pendente,,,
2805703,Propriá,SE,2 - Nordeste,27273,4 - 20001 até 50000,Sim,Sim,Não,Parcialmente adaptada,Sim,Possui ônibus urbano (intramunicipal),Pendente,,,
2805802,Riachão do Dantas,SE,2 - Nordeste,18579,3 - 10001 até 20000,Sim,Sim,Não,Parcialmente adaptada,Sim,Possui ônibus urbano (intramunicipal),Pendente,,,
2805901,Riachuelo,SE,2 - Nordeste,8875,2 - 5001 até 10000,Não,Sim,Sim,-,Sim,Possui ônibus local (via intermunicipal que circula internamente),Pendente,,,
2806008,Ribeirópolis,SE,2 - Nordeste,17362,3 - 10001 até 20000,Não,Sim,Não,-,Não,Só ônibus intermunicipal (sem circulação interna),Pendente,,,
2806107,Rosário do Catete,SE,2 - Nordeste,9499,2 - 5001 até 10000,Não,Sim,Sim,-,Sim,Possui ônibus local (via intermunicipal que circula internamente),Pendente,,,
2806206,Salgado,SE,2 - Nordeste,20772,4 - 20001 até 50000,Não,Sim,Não,-,Não,Só ônibus intermunicipal (sem circulação interna),Pendente,,,
2806305,Santa Luzia do Itanhy,SE,2 - Nordeste,13965,3 - 10001 até 20000,Não,Sim,Sim,-,Sim,Possui ônibus local (via intermunicipal que circula internamente),Pendente,,,
2806404,Santana do São Francisco,SE,2 - Nordeste,7530,2 - 5001 até 10000,Não,Sim,Não,-,Não,Só ônibus intermunicipal (sem circulação interna),Pendente,,,
2806503,Santa Rosa de Lima,SE,2 - Nordeste,4038,1 - Até 5000,Não,Sim,Sim,-,Sim,Possui ônibus local (via intermunicipal que circula internamente),Pendente,,,
2806602,Santo Amaro das Brotas,SE,2 - Nordeste,11297,3 - 10001 até 20000,Não,Sim,Sim,-,Sim,Possui ônibus local (via intermunicipal que circula internamente),Pendente,,,
2806701,São Cristóvão,SE,2 - Nordeste,100360,6 - 100001 até 500000,Sim,Sim,Sim,Parcialmente adaptada,Sim,Possui ônibus urbano (intramunicipal),Pendente,,,
2806800,São Domingos,SE,2 - Nordeste,10550,3 - 10001 até 20000,Sim,Sim,Sim,Totalmente adaptada,Sim,Possui ônibus urbano (intramunicipal),Pendente,,,
2806909,São Francisco,SE,2 - Nordeste,3323,1 - Até 5000,Sim,Sim,Sim,Sem adaptação,Sim,Possui ônibus urbano (intramunicipal),Pendente,,,
2807006,São Miguel do Aleixo,SE,2 - Nordeste,3481,1 - Até 5000,Sim,Sim,Sim,Parcialmente adaptada,Sim,Possui ônibus urbano (intramunicipal),Pendente,,,
2807105,Simão Dias,SE,2 - Nordeste,44285,4 - 20001 até 50000,Não,Sim,Não,-,Não,Só ônibus intermunicipal (sem circulação interna),Pendente,,,
2807204,Siriri,SE,2 - Nordeste,7984,2 - 5001 até 10000,Não,Sim,Sim,-,Sim,Possui ônibus local (via intermunicipal que circula internamente),Pendente,,,
2807303,Telha,SE,2 - Nordeste,3373,1 - Até 5000,Não,Sim,Não,-,Não,Só ônibus intermunicipal (sem circulação interna),Pendente,,,
2807402,Tobias Barreto,SE,2 - Nordeste,52613,5 - 50001 até 100000,Não,Sim,Sim,-,Sim,Possui ônibus local (via intermunicipal que circula internamente),Pendente,,,
2807501,Tomar do Geru,SE,2 - Nordeste,12145,3 - 10001 até 20000,Não,Sim,Sim,-,Sim,Possui ônibus local (via intermunicipal que circula internamente),Pendente,,,
2807600,Umbaúba,SE,2 - Nordeste,24538,4 - 20001 até 50000,Não,Sim,Não,-,Não,Só ônibus intermunicipal (sem circulação interna),Pendente,,,
2900108,Abaíra,BA,2 - Nordeste,7452,2 - 5001 até 10000,Sim,Sim,Não,Sem adaptação,Sim,Possui ônibus urbano (intramunicipal),Pendente,,,
2900207,Abaré,BA,2 - Nordeste,18240,3 - 10001 até 20000,Não,Não,-,-,Não,Não possui transporte coletivo por ônibus,Sem fonte encontrada,,2026-08-07,Busca retornou apenas informações sobre rodoviária/transporte intermunicipal ou localidades homônimas; sem confirmação confiável específica. Mantido dado original do MUNIC.
2900306,Acajutiba,BA,2 - Nordeste,14215,3 - 10001 até 20000,Sim,Sim,Sim,Sem adaptação,Sim,Possui ônibus urbano (intramunicipal),Pendente,,,
2900355,Adustina,BA,2 - Nordeste,14554,3 - 10001 até 20000,Sim,Sim,Não,Sem adaptação,Sim,Possui ônibus urbano (intramunicipal),Pendente,,,
2900405,Água Fria,BA,2 - Nordeste,14871,3 - 10001 até 20000,Sim,Sim,Não,Sem adaptação,Sim,Possui ônibus urbano (intramunicipal),Pendente,,,
2900504,Érico Cardoso,BA,2 - Nordeste,10948,3 - 10001 até 20000,Sim,Sim,Sim,Sem adaptação,Sim,Possui ônibus urbano (intramunicipal),Pendente,,,
2900603,Aiquara,BA,2 - Nordeste,4586,1 - Até 5000,Não,Sim,Não,-,Não,Só ônibus intermunicipal (sem circulação interna),Pendente,,,
2900702,Alagoinhas,BA,2 - Nordeste,160662,6 - 100001 até 500000,Não,Sim,Não,-,Não,Só ônibus intermunicipal (sem circulação interna),Pendente,,,
2900801,Alcobaça,BA,2 - Nordeste,25494,4 - 20001 até 50000,Não,Sim,Não,-,Não,Só ônibus intermunicipal (sem circulação interna),Pendente,,,
2900900,Almadina,BA,2 - Nordeste,5327,2 - 5001 até 10000,Não,Sim,Não,-,Não,Só ônibus intermunicipal (sem circulação interna),Pendente,,,
2901007,Amargosa,BA,2 - Nordeste,38478,4 - 20001 até 50000,Sim,Não,-,Parcialmente adaptada,Sim,Possui ônibus urbano (intramunicipal),Pendente,,,
2901106,Amélia Rodrigues,BA,2 - Nordeste,24848,4 - 20001 até 50000,Sim,Sim,Não,Totalmente adaptada,Sim,Possui ônibus urbano (intramunicipal),Pendente,,,
2901155,América Dourada,BA,2 - Nordeste,15583,3 - 10001 até 20000,Não,Sim,Não,-,Não,Só ônibus intermunicipal (sem circulação interna),Pendente,,,
2901205,Anagé,BA,2 - Nordeste,26715,4 - 20001 até 50000,Não,Sim,Não,-,Não,Só ônibus intermunicipal (sem circulação interna),Pendente,,,
2901304,Andaraí,BA,2 - Nordeste,13531,3 - 10001 até 20000,Não,Não,-,-,Não,Não possui transporte coletivo por ônibus,Sem fonte encontrada,,2026-08-08,Busca retornou apenas informações sobre rodoviária/transporte intermunicipal/regional; sem confirmação confiável específica de circulação urbana interna. Mantido dado original do MUNIC.
2901353,Andorinha,BA,2 - Nordeste,15485,3 - 10001 até 20000,Não,Sim,Não,-,Não,Só ônibus intermunicipal (sem circulação interna),Pendente,,,
2901403,Angical,BA,2 - Nordeste,14178,3 - 10001 até 20000,Sim,Sim,Não,Sem adaptação,Sim,Possui ônibus urbano (intramunicipal),Pendente,,,
2901502,Anguera,BA,2 - Nordeste,11456,3 - 10001 até 20000,Não,Não,-,-,Não,Não possui transporte coletivo por ônibus,Sem fonte encontrada,,2026-08-08,Busca retornou apenas informações sobre rodoviária/transporte intermunicipal; sem confirmação confiável específica de ônibus urbano. Mantido dado original do MUNIC.
2901601,Antas,BA,2 - Nordeste,15061,3 - 10001 até 20000,Não,Sim,Não,-,Não,Só ônibus intermunicipal (sem circulação interna),Pendente,,,
2901700,Antônio Cardoso,BA,2 - Nordeste,11501,3 - 10001 até 20000,Não,Não,-,-,Não,Não possui transporte coletivo por ônibus,Sem fonte encontrada,,2026-08-08,Busca retornou apenas informações sobre rodoviária/transporte intermunicipal; sem confirmação confiável específica de ônibus urbano. Mantido dado original do MUNIC.
2901809,Antônio Gonçalves,BA,2 - Nordeste,11236,3 - 10001 até 20000,Não,Sim,Não,-,Não,Só ônibus intermunicipal (sem circulação interna),Pendente,,,
2901908,Aporá,BA,2 - Nordeste,16379,3 - 10001 até 20000,Não,Sim,Não,-,Não,Só ônibus intermunicipal (sem circulação interna),Pendente,,,
2901957,Apuarema,BA,2 - Nordeste,7114,2 - 5001 até 10000,Não,Sim,Não,-,Não,Só ônibus intermunicipal (sem circulação interna),Pendente,,,
2902005,Aracatu,BA,2 - Nordeste,14422,3 - 10001 até 20000,Não,Sim,Não,-,Não,Só ônibus intermunicipal (sem circulação interna),Pendente,,,
2902054,Araçás,BA,2 - Nordeste,11946,3 - 10001 até 20000,Sim,Sim,Sim,Parcialmente adaptada,Sim,Possui ônibus urbano (intramunicipal),Pendente,,,
2902104,Araci,BA,2 - Nordeste,50336,5 - 50001 até 100000,Não,Sim,Não,-,Não,Só ônibus intermunicipal (sem circulação interna),Pendente,,,
2902203,Aramari,BA,2 - Nordeste,10122,3 - 10001 até 20000,Não,Sim,Sim,-,Sim,Possui ônibus local (via intermunicipal que circula internamente),Pendente,,,
2902252,Arataca,BA,2 - Nordeste,10463,3 - 10001 até 20000,Não,Não,-,-,Não,Não possui transporte coletivo por ônibus,Sem fonte encontrada,Buscas retornaram apenas rodoviária/transporte intermunicipal (Arataca-BA),2026-08-08,Nenhuma evidência específica de ônibus urbano intramunicipal encontrada
2902302,Aratuípe,BA,2 - Nordeste,8981,2 - 5001 até 10000,Não,Não,-,-,Não,Não possui transporte coletivo por ônibus,Sem fonte encontrada,"Buscas retornaram apenas menção a 1 rodoviária, sem detalhes de ônibus urbano (Aratuípe-BA)",2026-08-08,Nenhuma evidência específica de ônibus urbano intramunicipal encontrada
2902401,Aurelino Leal,BA,2 - Nordeste,11409,3 - 10001 até 20000,Não,Sim,Não,-,Não,Só ônibus intermunicipal (sem circulação interna),Pendente,,,
2902500,Baianópolis,BA,2 - Nordeste,14110,3 - 10001 até 20000,Não,Sim,Sim,-,Sim,Possui ônibus local (via intermunicipal que circula internamente),Pendente,,,
2902609,Baixa Grande,BA,2 - Nordeste,18680,3 - 10001 até 20000,Não,Sim,Não,-,Não,Só ônibus intermunicipal (sem circulação interna),Pendente,,,
2902658,Banzaê,BA,2 - Nordeste,12309,3 - 10001 até 20000,Sim,Sim,Não,Sem adaptação,Sim,Possui ônibus urbano (intramunicipal),Pendente,,,
2902708,Barra,BA,2 - Nordeste,53528,5 - 50001 até 100000,Não,Sim,Não,-,Não,Só ônibus intermunicipal (sem circulação interna),Pendente,,,
2902807,Barra da Estiva,BA,2 - Nordeste,27582,4 - 20001 até 50000,Não,Sim,Não,-,Não,Só ônibus intermunicipal (sem circulação interna),Pendente,,,
2902906,Barra do Choça,BA,2 - Nordeste,38481,4 - 20001 até 50000,Sim,Sim,Sim,Sem adaptação,Sim,Possui ônibus urbano (intramunicipal),Pendente,,,
2903003,Barra do Mendes,BA,2 - Nordeste,14345,3 - 10001 até 20000,Sim,Sim,Não,Sem adaptação,Sim,Possui ônibus urbano (intramunicipal),Pendente,,,
2903102,Barra do Rocha,BA,2 - Nordeste,5920,2 - 5001 até 10000,Não,Sim,Não,-,Não,Só ônibus intermunicipal (sem circulação interna),Pendente,,,
2903201,Barreiras,BA,2 - Nordeste,170667,6 - 100001 até 500000,Sim,Sim,Sim,Parcialmente adaptada,Sim,Possui ônibus urbano (intramunicipal),Pendente,,,
2903235,Barro Alto,BA,2 - Nordeste,13911,3 - 10001 até 20000,Não,Sim,Sim,-,Sim,Possui ônibus local (via intermunicipal que circula internamente),Pendente,,,
2903276,Barrocas,BA,2 - Nordeste,15743,3 - 10001 até 20000,Não,Não,-,-,Não,Não possui transporte coletivo por ônibus,Sem fonte encontrada,,2026-08-08,Apenas serviços de fretamento e intermunicipal; sem fonte específica sobre ônibus urbano interno. Mantido dado original do MUNIC.
2903300,Barro Preto,BA,2 - Nordeste,5966,2 - 5001 até 10000,Não,Sim,Não,-,Não,Só ônibus intermunicipal (sem circulação interna),Pendente,,,
2903409,Belmonte,BA,2 - Nordeste,20567,4 - 20001 até 50000,Não,Sim,Sim,-,Sim,Possui ônibus local (via intermunicipal que circula internamente),Pendente,,,
2903508,Belo Campo,BA,2 - Nordeste,19042,3 - 10001 até 20000,Não,Não,-,-,Não,Não possui transporte coletivo por ônibus,Sem fonte encontrada,,2026-08-07,Busca retornou apenas informações sobre rodoviária/transporte intermunicipal ou localidades homônimas; sem confirmação confiável específica. Mantido dado original do MUNIC.
2903607,Biritinga,BA,2 - Nordeste,15606,3 - 10001 até 20000,Não,Sim,Não,-,Não,Só ônibus intermunicipal (sem circulação interna),Pendente,,,
2903706,Boa Nova,BA,2 - Nordeste,14052,3 - 10001 até 20000,Não,Sim,Não,-,Não,Só ônibus intermunicipal (sem circulação interna),Pendente,,,
2903805,Boa Vista do Tupim,BA,2 - Nordeste,17307,3 - 10001 até 20000,Não,Não,-,-,Não,Não possui transporte coletivo por ônibus,Sem fonte encontrada,,2026-08-08,Resultados confundidos com Boa Vista/RR; sem fonte específica sobre Boa Vista do Tupim/BA. Mantido dado original do MUNIC.
2903904,Bom Jesus da Lapa,BA,2 - Nordeste,68704,5 - 50001 até 100000,Sim,Sim,Não,Sem adaptação,Sim,Possui ônibus urbano (intramunicipal),Pendente,,,
2903953,Bom Jesus da Serra,BA,2 - Nordeste,10028,3 - 10001 até 20000,Não,Sim,Não,-,Não,Só ônibus intermunicipal (sem circulação interna),Pendente,,,
2904001,Boninal,BA,2 - Nordeste,14104,3 - 10001 até 20000,Sim,Não,-,Sem adaptação,Sim,Possui ônibus urbano (intramunicipal),Pendente,,,
2904050,Bonito,BA,2 - Nordeste,16393,3 - 10001 até 20000,Não,Sim,Não,-,Não,Só ônibus intermunicipal (sem circulação interna),Pendente,,,
2904100,Boquira,BA,2 - Nordeste,19829,3 - 10001 até 20000,Sim,Sim,Não,Sem adaptação,Sim,Possui ônibus urbano (intramunicipal),Pendente,,,
2904209,Botuporã,BA,2 - Nordeste,11411,3 - 10001 até 20000,Não,Sim,Não,-,Não,Só ônibus intermunicipal (sem circulação interna),Pendente,,,
2904308,Brejões,BA,2 - Nordeste,13272,3 - 10001 até 20000,Não,Sim,Sim,-,Sim,Possui ônibus local (via intermunicipal que circula internamente),Pendente,,,
2904407,Brejolândia,BA,2 - Nordeste,9377,2 - 5001 até 10000,Sim,Não,-,Parcialmente adaptada,Sim,Possui ônibus urbano (intramunicipal),Pendente,,,
2904506,Brotas de Macaúbas,BA,2 - Nordeste,12169,3 - 10001 até 20000,Não,Sim,Não,-,Não,Só ônibus intermunicipal (sem circulação interna),Pendente,,,
2904605,Brumado,BA,2 - Nordeste,74095,5 - 50001 até 100000,Sim,Sim,Não,Parcialmente adaptada,Sim,Possui ônibus urbano (intramunicipal),Pendente,,,
2904704,Buerarema,BA,2 - Nordeste,15056,3 - 10001 até 20000,Sim,Não,-,Sem adaptação,Sim,Possui ônibus urbano (intramunicipal),Pendente,,,
2904753,Buritirama,BA,2 - Nordeste,20212,4 - 20001 até 50000,Não,Sim,Sim,-,Sim,Possui ônibus local (via intermunicipal que circula internamente),Pendente,,,
2904803,Caatiba,BA,2 - Nordeste,6224,2 - 5001 até 10000,Não,Sim,Não,-,Não,Só ônibus intermunicipal (sem circulação interna),Pendente,,,
2904852,Cabaceiras do Paraguaçu,BA,2 - Nordeste,17039,3 - 10001 até 20000,Não,Não,-,-,Não,Não possui transporte coletivo por ônibus,Sem fonte encontrada,,2026-08-08,Busca retornou apenas informações sobre rodoviária/transporte intermunicipal/fretamento ou bairros homônimos; sem confirmação confiável específica. Mantido dado original do MUNIC.
2904902,Cachoeira,BA,2 - Nordeste,30550,4 - 20001 até 50000,Sim,Sim,Sim,Sem adaptação,Sim,Possui ônibus urbano (intramunicipal),Pendente,,,
2905008,Caculé,BA,2 - Nordeste,23246,4 - 20001 até 50000,Não,Sim,Não,-,Não,Só ônibus intermunicipal (sem circulação interna),Pendente,,,
2905107,Caém,BA,2 - Nordeste,10729,3 - 10001 até 20000,Sim,Sim,Sim,Parcialmente adaptada,Sim,Possui ônibus urbano (intramunicipal),Pendente,,,
2905156,Caetanos,BA,2 - Nordeste,11500,3 - 10001 até 20000,Não,Sim,Não,-,Não,Só ônibus intermunicipal (sem circulação interna),Pendente,,,
2905206,Caetité,BA,2 - Nordeste,54572,5 - 50001 até 100000,Não,Sim,Não,-,Não,Só ônibus intermunicipal (sem circulação interna),Pendente,,,
2905305,Cafarnaum,BA,2 - Nordeste,18039,3 - 10001 até 20000,Não,Sim,Não,-,Não,Só ônibus intermunicipal (sem circulação interna),Pendente,,,
2905404,Cairu,BA,2 - Nordeste,18486,3 - 10001 até 20000,Não,Sim,Não,-,Não,Só ônibus intermunicipal (sem circulação interna),Pendente,,,
2905503,Caldeirão Grande,BA,2 - Nordeste,13566,3 - 10001 até 20000,Não,Sim,Não,-,Não,Só ônibus intermunicipal (sem circulação interna),Pendente,,,
2905602,Camacan,BA,2 - Nordeste,22756,4 - 20001 até 50000,Sim,Sim,Não,Parcialmente adaptada,Sim,Possui ônibus urbano (intramunicipal),Pendente,,,
2905701,Camaçari,BA,2 - Nordeste,319394,6 - 100001 até 500000,Sim,Sim,Sim,Totalmente adaptada,Sim,Possui ônibus urbano (intramunicipal),Confirmado,Cidade de grande porte com sistema de transporte público municipal/metropolitano amplamente documentado (prefeitura/consórcio de transporte),2026-08-07,Município de grande população (>280 mil hab.) com sistema de ônibus consolidado e publicamente conhecido; dado do MUNIC 2024 já indicava 'Sim' corretamente.
2905800,Camamu,BA,2 - Nordeste,31775,4 - 20001 até 50000,Sim,Sim,Sim,Sem adaptação,Sim,Possui ônibus urbano (intramunicipal),Pendente,,,
2905909,Campo Alegre de Lourdes,BA,2 - Nordeste,32377,4 - 20001 até 50000,Não,Sim,Sim,-,Sim,Possui ônibus local (via intermunicipal que circula internamente),Pendente,,,
2906006,Campo Formoso,BA,2 - Nordeste,74894,5 - 50001 até 100000,Sim,Sim,Não,Parcialmente adaptada,Sim,Possui ônibus urbano (intramunicipal),Pendente,,,
2906105,Canápolis,BA,2 - Nordeste,10612,3 - 10001 até 20000,Não,Sim,Não,-,Não,Só ônibus intermunicipal (sem circulação interna),Pendente,,,
2906204,Canarana,BA,2 - Nordeste,24989,4 - 20001 até 50000,Não,Sim,Não,-,Não,Só ônibus intermunicipal (sem circulação interna),Pendente,,,
2906303,Canavieiras,BA,2 - Nordeste,34343,4 - 20001 até 50000,Não,Sim,Não,-,Não,Só ônibus intermunicipal (sem circulação interna),Pendente,,,
2906402,Candeal,BA,2 - Nordeste,7969,2 - 5001 até 10000,Não,Sim,Sim,-,Sim,Possui ônibus local (via intermunicipal que circula internamente),Pendente,,,
2906501,Candeias,BA,2 - Nordeste,75083,5 - 50001 até 100000,Sim,Sim,Sim,Totalmente adaptada,Sim,Possui ônibus urbano (intramunicipal),Pendente,,,
2906600,Candiba,BA,2 - Nordeste,13425,3 - 10001 até 20000,Não,Não,-,-,Não,Não possui transporte coletivo por ônibus,Sem fonte encontrada,,2026-08-08,Busca retornou apenas informações sobre rodoviária/transporte intermunicipal ou localidades homônimas; sem confirmação confiável específica. Mantido dado original do MUNIC.
2906709,Cândido Sales,BA,2 - Nordeste,26465,4 - 20001 até 50000,Sim,Sim,Sim,Parcialmente adaptada,Sim,Possui ônibus urbano (intramunicipal),Pendente,,,
2906808,Cansanção,BA,2 - Nordeste,39556,4 - 20001 até 50000,Não,Sim,Não,-,Não,Só ônibus intermunicipal (sem circulação interna),Pendente,,,
2906824,Canudos,BA,2 - Nordeste,16662,3 - 10001 até 20000,Não,Sim,Não,-,Não,Só ônibus intermunicipal (sem circulação interna),Pendente,,,
2906857,Capela do Alto Alegre,BA,2 - Nordeste,11055,3 - 10001 até 20000,Não,Não,-,-,Não,Não possui transporte coletivo por ônibus,Sem fonte encontrada,,2026-08-08,Busca retornou apenas informações sobre rodoviária/transporte intermunicipal/escolar; sem confirmação confiável específica de ônibus urbano. Mantido dado original do MUNIC.
2906873,Capim Grosso,BA,2 - Nordeste,35228,4 - 20001 até 50000,Não,Sim,Não,-,Não,Só ônibus intermunicipal (sem circulação interna),Pendente,,,
2906899,Caraíbas,BA,2 - Nordeste,10260,3 - 10001 até 20000,Não,Não,-,-,Não,Não possui transporte coletivo por ônibus,Sem fonte encontrada,Buscas retornaram apenas rodoviária intermunicipal (Caraíbas-BA),2026-08-08,Nenhuma evidência específica de ônibus urbano intramunicipal encontrada
2906907,Caravelas,BA,2 - Nordeste,21229,4 - 20001 até 50000,Sim,Sim,Não,Parcialmente adaptada,Sim,Possui ônibus urbano (intramunicipal),Pendente,,,
2907004,Cardeal da Silva,BA,2 - Nordeste,8634,2 - 5001 até 10000,Não,Sim,Não,-,Não,Só ônibus intermunicipal (sem circulação interna),Pendente,,,
2907103,Carinhanha,BA,2 - Nordeste,30375,4 - 20001 até 50000,Sim,Sim,Não,Sem adaptação,Sim,Possui ônibus urbano (intramunicipal),Pendente,,,
2907202,Casa Nova,BA,2 - Nordeste,75815,5 - 50001 até 100000,Sim,Sim,Não,Sem adaptação,Sim,Possui ônibus urbano (intramunicipal),Pendente,,,
2907301,Castro Alves,BA,2 - Nordeste,25471,4 - 20001 até 50000,Não,Sim,Não,-,Não,Só ônibus intermunicipal (sem circulação interna),Pendente,,,
2907400,Catolândia,BA,2 - Nordeste,3560,1 - Até 5000,Não,Não,-,-,Não,Não possui transporte coletivo por ônibus,Pendente,,,
2907509,Catu,BA,2 - Nordeste,50153,5 - 50001 até 100000,Sim,Sim,Sim,Parcialmente adaptada,Sim,Possui ônibus urbano (intramunicipal),Pendente,,,
2907558,Caturama,BA,2 - Nordeste,9115,2 - 5001 até 10000,Sim,Sim,Não,Sem adaptação,Sim,Possui ônibus urbano (intramunicipal),Pendente,,,
2907608,Central,BA,2 - Nordeste,16849,3 - 10001 até 20000,Não,Sim,Não,-,Não,Só ônibus intermunicipal (sem circulação interna),Pendente,,,
2907707,Chorrochó,BA,2 - Nordeste,10929,3 - 10001 até 20000,Não,Não,-,-,Não,Não possui transporte coletivo por ônibus,Sem fonte encontrada,,2026-08-08,Busca retornou apenas informações sobre rodoviária/transporte intermunicipal/escolar; sem confirmação confiável específica de ônibus urbano. Mantido dado original do MUNIC.
2907806,Cícero Dantas,BA,2 - Nordeste,32268,4 - 20001 até 50000,Sim,Sim,Não,Sem adaptação,Sim,Possui ônibus urbano (intramunicipal),Pendente,,,
2907905,Cipó,BA,2 - Nordeste,17836,3 - 10001 até 20000,Não,Sim,Não,-,Não,Só ônibus intermunicipal (sem circulação interna),Pendente,,,
2908002,Coaraci,BA,2 - Nordeste,17663,3 - 10001 até 20000,Não,Sim,Sim,-,Sim,Possui ônibus local (via intermunicipal que circula internamente),Pendente,,,
2908101,Cocos,BA,2 - Nordeste,19817,3 - 10001 até 20000,Não,Não,-,-,Não,Não possui transporte coletivo por ônibus,Sem fonte encontrada,,2026-08-07,"Notícias sobre pontos de ônibus são de outra localidade (Estrada do Coco, região metropolitana de Salvador), não do município de Cocos/BA. Mantido dado original do MUNIC."
2908200,Conceição da Feira,BA,2 - Nordeste,21499,4 - 20001 até 50000,Não,Sim,Não,-,Não,Só ônibus intermunicipal (sem circulação interna),Pendente,,,
2908309,Conceição do Almeida,BA,2 - Nordeste,16184,3 - 10001 até 20000,Não,Sim,Sim,-,Sim,Possui ônibus local (via intermunicipal que circula internamente),Pendente,,,
2908408,Conceição do Coité,BA,2 - Nordeste,71316,5 - 50001 até 100000,Não,Sim,Sim,-,Sim,Possui ônibus local (via intermunicipal que circula internamente),Pendente,,,
2908507,Conceição do Jacuípe,BA,2 - Nordeste,37409,4 - 20001 até 50000,Não,Sim,Não,-,Não,Só ônibus intermunicipal (sem circulação interna),Pendente,,,
2908606,Conde,BA,2 - Nordeste,24434,4 - 20001 até 50000,Não,Sim,Não,-,Não,Só ônibus intermunicipal (sem circulação interna),Pendente,,,
2908705,Condeúba,BA,2 - Nordeste,17571,3 - 10001 até 20000,Não,Sim,Não,-,Não,Só ônibus intermunicipal (sem circulação interna),Pendente,,,
2908804,Contendas do Sincorá,BA,2 - Nordeste,4490,1 - Até 5000,Não,Sim,Não,-,Não,Só ônibus intermunicipal (sem circulação interna),Pendente,,,
2908903,Coração de Maria,BA,2 - Nordeste,28258,4 - 20001 até 50000,Não,Sim,Não,-,Não,Só ônibus intermunicipal (sem circulação interna),Pendente,,,
2909000,Cordeiros,BA,2 - Nordeste,7763,2 - 5001 até 10000,Não,Não,-,-,Não,Não possui transporte coletivo por ônibus,Sem fonte encontrada,"Resultados sobre linhas urbanas referem-se a bairro Cordeiros em Itajaí-SC, não ao município Cordeiros-BA",2026-08-10,"Confusão com bairro homônimo em Itajaí-SC, sem evidência válida"
2909109,Coribe,BA,2 - Nordeste,14464,3 - 10001 até 20000,Não,Sim,Sim,-,Sim,Possui ônibus local (via intermunicipal que circula internamente),Pendente,,,
2909208,Coronel João Sá,BA,2 - Nordeste,17593,3 - 10001 até 20000,Sim,Sim,Não,Parcialmente adaptada,Sim,Possui ônibus urbano (intramunicipal),Pendente,,,
2909307,Correntina,BA,2 - Nordeste,34179,4 - 20001 até 50000,Sim,Sim,Sim,Parcialmente adaptada,Sim,Possui ônibus urbano (intramunicipal),Pendente,,,
2909406,Cotegipe,BA,2 - Nordeste,13472,3 - 10001 até 20000,Não,Não,-,-,Não,Não possui transporte coletivo por ônibus,Sem fonte encontrada,,2026-08-08,Busca retornou apenas informações sobre rodoviária/transporte intermunicipal ou localidades homônimas; sem confirmação confiável específica. Mantido dado original do MUNIC.
2909505,Cravolândia,BA,2 - Nordeste,4514,1 - Até 5000,Não,Sim,Não,-,Não,Só ônibus intermunicipal (sem circulação interna),Pendente,,,
2909604,Crisópolis,BA,2 - Nordeste,20343,4 - 20001 até 50000,Não,Sim,Sim,-,Sim,Possui ônibus local (via intermunicipal que circula internamente),Pendente,,,
2909703,Cristópolis,BA,2 - Nordeste,14514,3 - 10001 até 20000,Não,Não,-,-,Não,Não possui transporte coletivo por ônibus,Sem fonte encontrada,,2026-08-08,Apenas rodoviária intermunicipal; sem fonte específica sobre ônibus urbano. Mantido dado original do MUNIC.
2909802,Cruz das Almas,BA,2 - Nordeste,63203,5 - 50001 até 100000,Não,Sim,Não,-,Não,Só ônibus intermunicipal (sem circulação interna),Pendente,,,
2909901,Curaçá,BA,2 - Nordeste,36021,4 - 20001 até 50000,Não,Sim,Não,-,Não,Só ônibus intermunicipal (sem circulação interna),Pendente,,,
2910008,Dário Meira,BA,2 - Nordeste,11094,3 - 10001 até 20000,Não,Sim,Não,-,Não,Só ônibus intermunicipal (sem circulação interna),Pendente,,,
2910057,Dias dÁvila,BA,2 - Nordeste,75053,5 - 50001 até 100000,Sim,Sim,Sim,Parcialmente adaptada,Sim,Possui ônibus urbano (intramunicipal),Pendente,,,
2910107,Dom Basílio,BA,2 - Nordeste,12309,3 - 10001 até 20000,Sim,Sim,Sim,Sem adaptação,Sim,Possui ônibus urbano (intramunicipal),Pendente,,,
2910206,Dom Macedo Costa,BA,2 - Nordeste,4588,1 - Até 5000,Não,Sim,Não,-,Não,Só ônibus intermunicipal (sem circulação interna),Pendente,,,
2910305,Elísio Medrado,BA,2 - Nordeste,8066,2 - 5001 até 10000,Não,Sim,Sim,-,Sim,Possui ônibus local (via intermunicipal que circula internamente),Pendente,,,
2910404,Encruzilhada,BA,2 - Nordeste,19535,3 - 10001 até 20000,Não,Não,-,-,Não,Não possui transporte coletivo por ônibus,Sem fonte encontrada,,2026-08-07,Busca retornou apenas informações sobre rodoviária/transporte intermunicipal ou localidades homônimas; sem confirmação confiável específica. Mantido dado original do MUNIC.
2910503,Entre Rios,BA,2 - Nordeste,39902,4 - 20001 até 50000,Sim,Sim,Sim,Parcialmente adaptada,Sim,Possui ônibus urbano (intramunicipal),Pendente,,,
2910602,Esplanada,BA,2 - Nordeste,34146,4 - 20001 até 50000,Sim,Sim,Não,Sem adaptação,Sim,Possui ônibus urbano (intramunicipal),Pendente,,,
2910701,Euclides da Cunha,BA,2 - Nordeste,64547,5 - 50001 até 100000,Sim,Sim,Não,Parcialmente adaptada,Sim,Possui ônibus urbano (intramunicipal),Pendente,,,
2910727,Eunápolis,BA,2 - Nordeste,120515,6 - 100001 até 500000,Sim,Sim,Não,Parcialmente adaptada,Sim,Possui ônibus urbano (intramunicipal),Pendente,,,
2910750,Fátima,BA,2 - Nordeste,18469,3 - 10001 até 20000,Sim,Sim,Não,Parcialmente adaptada,Sim,Possui ônibus urbano (intramunicipal),Pendente,,,
2910776,Feira da Mata,BA,2 - Nordeste,5825,2 - 5001 até 10000,Não,Sim,Não,-,Não,Só ônibus intermunicipal (sem circulação interna),Pendente,,,
2910800,Feira de Santana,BA,2 - Nordeste,657948,7 - Maior que 500000,Sim,Sim,Sim,Totalmente adaptada,Sim,Possui ônibus urbano (intramunicipal),Confirmado,Cidade de grande porte com sistema de transporte público municipal/metropolitano amplamente documentado (prefeitura/consórcio de transporte),2026-08-07,Município de grande população (>280 mil hab.) com sistema de ônibus consolidado e publicamente conhecido; dado do MUNIC 2024 já indicava 'Sim' corretamente.
2910859,Filadélfia,BA,2 - Nordeste,18573,3 - 10001 até 20000,Sim,Sim,Sim,Parcialmente adaptada,Sim,Possui ônibus urbano (intramunicipal),Pendente,,,
2910909,Firmino Alves,BA,2 - Nordeste,5006,2 - 5001 até 10000,Não,Sim,Não,-,Não,Só ônibus intermunicipal (sem circulação interna),Pendente,,,
2911006,Floresta Azul,BA,2 - Nordeste,11442,3 - 10001 até 20000,Não,Sim,Não,-,Não,Só ônibus intermunicipal (sem circulação interna),Pendente,,,
2911105,Formosa do Rio Preto,BA,2 - Nordeste,27421,4 - 20001 até 50000,Não,Sim,Sim,-,Sim,Possui ônibus local (via intermunicipal que circula internamente),Pendente,,,
2911204,Gandu,BA,2 - Nordeste,33938,4 - 20001 até 50000,Não,Sim,Não,-,Não,Só ônibus intermunicipal (sem circulação interna),Pendente,,,
2911253,Gavião,BA,2 - Nordeste,4493,1 - Até 5000,Não,Não,-,-,Não,Não possui transporte coletivo por ônibus,Pendente,,,
2911303,Gentio do Ouro,BA,2 - Nordeste,11263,3 - 10001 até 20000,Não,Não,-,-,Não,Não possui transporte coletivo por ônibus,Sem fonte encontrada,,2026-08-08,Busca retornou apenas informações sobre rodoviária/transporte intermunicipal; sem confirmação confiável específica de ônibus urbano. Mantido dado original do MUNIC.
2911402,Glória,BA,2 - Nordeste,16072,3 - 10001 até 20000,Não,Sim,Sim,-,Sim,Possui ônibus local (via intermunicipal que circula internamente),Pendente,,,
2911501,Gongogi,BA,2 - Nordeste,5567,2 - 5001 até 10000,Não,Sim,Sim,-,Sim,Possui ônibus local (via intermunicipal que circula internamente),Pendente,,,
2911600,Governador Mangabeira,BA,2 - Nordeste,21314,4 - 20001 até 50000,Não,Sim,Não,-,Não,Só ônibus intermunicipal (sem circulação interna),Pendente,,,
2911659,Guajeru,BA,2 - Nordeste,8225,2 - 5001 até 10000,Não,Sim,Não,-,Não,Só ônibus intermunicipal (sem circulação interna),Pendente,,,
2911709,Guanambi,BA,2 - Nordeste,93065,5 - 50001 até 100000,Não,Sim,Não,-,Não,Só ônibus intermunicipal (sem circulação interna),Pendente,,,
2911808,Guaratinga,BA,2 - Nordeste,19490,3 - 10001 até 20000,Não,Sim,Sim,-,Sim,Possui ônibus local (via intermunicipal que circula internamente),Pendente,,,
2911857,Heliópolis,BA,2 - Nordeste,13074,3 - 10001 até 20000,Sim,Sim,Não,Parcialmente adaptada,Sim,Possui ônibus urbano (intramunicipal),Pendente,,,
2911907,Iaçu,BA,2 - Nordeste,25333,4 - 20001 até 50000,Não,Sim,Não,-,Não,Só ônibus intermunicipal (sem circulação interna),Pendente,,,
2912004,Ibiassucê,BA,2 - Nordeste,10754,3 - 10001 até 20000,Sim,Sim,Sim,Parcialmente adaptada,Sim,Possui ônibus urbano (intramunicipal),Pendente,,,
2912103,Ibicaraí,BA,2 - Nordeste,22200,4 - 20001 até 50000,Não,Não,-,-,Não,Não possui transporte coletivo por ônibus,Sem fonte encontrada,,2026-08-07,Apenas linha intermunicipal Itabuna-Ibicaraí; sem fonte específica sobre ônibus urbano interno. Mantido dado original do MUNIC.
2912202,Ibicoara,BA,2 - Nordeste,21690,4 - 20001 até 50000,Não,Sim,Não,-,Não,Só ônibus intermunicipal (sem circulação interna),Pendente,,,
2912301,Ibicuí,BA,2 - Nordeste,14306,3 - 10001 até 20000,Não,Sim,Não,-,Não,Só ônibus intermunicipal (sem circulação interna),Pendente,,,
2912400,Ibipeba,BA,2 - Nordeste,17128,3 - 10001 até 20000,Não,Sim,Não,-,Não,Só ônibus intermunicipal (sem circulação interna),Pendente,,,
2912509,Ibipitanga,BA,2 - Nordeste,14316,3 - 10001 até 20000,Não,Não,-,-,Não,Não possui transporte coletivo por ônibus,Sem fonte encontrada,,2026-08-08,Busca retornou apenas informações sobre rodoviária/transporte intermunicipal; sem confirmação confiável específica. Mantido dado original do MUNIC.
2912608,Ibiquera,BA,2 - Nordeste,3837,1 - Até 5000,Não,Não,-,-,Não,Não possui transporte coletivo por ônibus,Pendente,,,
2912707,Ibirapitanga,BA,2 - Nordeste,26794,4 - 20001 até 50000,Não,Sim,Sim,-,Sim,Possui ônibus local (via intermunicipal que circula internamente),Pendente,,,
2912806,Ibirapuã,BA,2 - Nordeste,9259,2 - 5001 até 10000,Não,Sim,Sim,-,Sim,Possui ônibus local (via intermunicipal que circula internamente),Pendente,,,
2912905,Ibirataia,BA,2 - Nordeste,19375,3 - 10001 até 20000,Não,Sim,Sim,-,Sim,Possui ônibus local (via intermunicipal que circula internamente),Pendente,,,
2913002,Ibitiara,BA,2 - Nordeste,15062,3 - 10001 até 20000,Não,Sim,Não,-,Não,Só ônibus intermunicipal (sem circulação interna),Pendente,,,
2913101,Ibititá,BA,2 - Nordeste,17509,3 - 10001 até 20000,Sim,Sim,Não,Parcialmente adaptada,Sim,Possui ônibus urbano (intramunicipal),Pendente,,,
2913200,Ibotirama,BA,2 - Nordeste,27670,4 - 20001 até 50000,Não,Não,-,-,Não,Não possui transporte coletivo por ônibus,Sem fonte encontrada,,2026-08-07,Apenas rodoviária intermunicipal; sem fonte específica sobre ônibus urbano. Mantido dado original do MUNIC.
2913309,Ichu,BA,2 - Nordeste,6415,2 - 5001 até 10000,Não,Sim,Não,-,Não,Só ônibus intermunicipal (sem circulação interna),Pendente,,,
2913408,Igaporã,BA,2 - Nordeste,16047,3 - 10001 até 20000,Não,Não,-,-,Não,Não possui transporte coletivo por ônibus,Sem fonte encontrada,,2026-08-08,Apenas transporte intermunicipal; sem fonte específica sobre ônibus urbano interno. Mantido dado original do MUNIC.
2913457,Igrapiúna,BA,2 - Nordeste,13528,3 - 10001 até 20000,Não,Não,-,-,Não,Não possui transporte coletivo por ônibus,Sem fonte encontrada,,2026-08-08,Busca retornou apenas informações sobre rodoviária/transporte intermunicipal/regional; sem confirmação confiável específica de circulação urbana interna. Mantido dado original do MUNIC.
2913507,Iguaí,BA,2 - Nordeste,21897,4 - 20001 até 50000,Não,Sim,Não,-,Não,Só ônibus intermunicipal (sem circulação interna),Pendente,,,
2913606,Ilhéus,BA,2 - Nordeste,189028,6 - 100001 até 500000,Sim,Sim,Sim,Totalmente adaptada,Sim,Possui ônibus urbano (intramunicipal),Pendente,,,
2913705,Inhambupe,BA,2 - Nordeste,35397,4 - 20001 até 50000,Não,Sim,Sim,-,Sim,Possui ônibus local (via intermunicipal que circula internamente),Pendente,,,
2913804,Ipecaetá,BA,2 - Nordeste,14064,3 - 10001 até 20000,Não,Não,-,-,Não,Não possui transporte coletivo por ônibus,Sem fonte encontrada,,2026-08-08,Busca retornou apenas informações sobre rodoviária/transporte intermunicipal ou localidades homônimas; sem confirmação confiável específica. Mantido dado original do MUNIC.
2913903,Ipiaú,BA,2 - Nordeste,42507,4 - 20001 até 50000,Não,Sim,Não,-,Não,Só ônibus intermunicipal (sem circulação interna),Pendente,,,
2914000,Ipirá,BA,2 - Nordeste,59264,5 - 50001 até 100000,Sim,Sim,Não,Parcialmente adaptada,Sim,Possui ônibus urbano (intramunicipal),Pendente,,,
2914109,Ipupiara,BA,2 - Nordeste,10318,3 - 10001 até 20000,Não,Sim,Não,-,Não,Só ônibus intermunicipal (sem circulação interna),Pendente,,,
2914208,Irajuba,BA,2 - Nordeste,6255,2 - 5001 até 10000,Sim,Sim,Sim,Parcialmente adaptada,Sim,Possui ônibus urbano (intramunicipal),Pendente,,,
2914307,Iramaia,BA,2 - Nordeste,11060,3 - 10001 até 20000,Não,Sim,Não,-,Não,Só ônibus intermunicipal (sem circulação interna),Pendente,,,
2914406,Iraquara,BA,2 - Nordeste,24759,4 - 20001 até 50000,Não,Sim,Não,-,Não,Só ônibus intermunicipal (sem circulação interna),Pendente,,,
2914505,Irará,BA,2 - Nordeste,29509,4 - 20001 até 50000,Não,Sim,Sim,-,Sim,Possui ônibus local (via intermunicipal que circula internamente),Pendente,,,
2914604,Irecê,BA,2 - Nordeste,78425,5 - 50001 até 100000,Não,Sim,Não,-,Não,Só ônibus intermunicipal (sem circulação interna),Pendente,,,
2914653,Itabela,BA,2 - Nordeste,29563,4 - 20001 até 50000,Sim,Sim,Sim,Parcialmente adaptada,Sim,Possui ônibus urbano (intramunicipal),Pendente,,,
2914703,Itaberaba,BA,2 - Nordeste,68244,5 - 50001 até 100000,Não,Sim,Não,-,Não,Só ônibus intermunicipal (sem circulação interna),Pendente,,,
2914802,Itabuna,BA,2 - Nordeste,196676,6 - 100001 até 500000,Sim,Sim,Sim,Parcialmente adaptada,Sim,Possui ônibus urbano (intramunicipal),Pendente,,,
2914901,Itacaré,BA,2 - Nordeste,29337,4 - 20001 até 50000,Não,Sim,Sim,-,Sim,Possui ônibus local (via intermunicipal que circula internamente),Pendente,,,
2915007,Itaeté,BA,2 - Nordeste,13822,3 - 10001 até 20000,Não,Sim,Não,-,Não,Só ônibus intermunicipal (sem circulação interna),Pendente,,,
2915106,Itagi,BA,2 - Nordeste,14314,3 - 10001 até 20000,Não,Não,-,-,Não,Não possui transporte coletivo por ônibus,Sem fonte encontrada,,2026-08-08,Busca retornou apenas informações sobre rodoviária/transporte intermunicipal; sem confirmação confiável específica. Mantido dado original do MUNIC.
2915205,Itagibá,BA,2 - Nordeste,15792,3 - 10001 até 20000,Não,Sim,Não,-,Não,Só ônibus intermunicipal (sem circulação interna),Pendente,,,
2915304,Itagimirim,BA,2 - Nordeste,6512,2 - 5001 até 10000,Não,Sim,Sim,-,Sim,Possui ônibus local (via intermunicipal que circula internamente),Pendente,,,
2915353,Itaguaçu da Bahia,BA,2 - Nordeste,12683,3 - 10001 até 20000,Não,Sim,Não,-,Não,Só ônibus intermunicipal (sem circulação interna),Pendente,,,
2915403,Itaju do Colônia,BA,2 - Nordeste,6157,2 - 5001 até 10000,Não,Não,-,-,Não,Não possui transporte coletivo por ônibus,Sem fonte encontrada,"Buscas retornaram apenas suspensão de transporte intermunicipal (COVID-19, 2020) e rodoviária (Itaju do Colônia-BA)",2026-08-10,Nenhuma evidência específica de ônibus urbano intramunicipal encontrada
2915502,Itajuípe,BA,2 - Nordeste,19249,3 - 10001 até 20000,Não,Sim,Sim,-,Sim,Possui ônibus local (via intermunicipal que circula internamente),Pendente,,,
2915601,Itamaraju,BA,2 - Nordeste,62065,5 - 50001 até 100000,Sim,Sim,Não,Parcialmente adaptada,Sim,Possui ônibus urbano (intramunicipal),Pendente,,,
2915700,Itamari,BA,2 - Nordeste,7219,2 - 5001 até 10000,Não,Sim,Sim,-,Sim,Possui ônibus local (via intermunicipal que circula internamente),Pendente,,,
2915809,Itambé,BA,2 - Nordeste,25108,4 - 20001 até 50000,Não,Não,-,-,Não,Não possui transporte coletivo por ônibus,Sem fonte encontrada,,2026-08-07,Apenas rodoviária intermunicipal; sem fonte específica sobre ônibus urbano. Mantido dado original do MUNIC.
2915908,Itanagra,BA,2 - Nordeste,6087,2 - 5001 até 10000,Não,Sim,Sim,-,Sim,Possui ônibus local (via intermunicipal que circula internamente),Pendente,,,
2916005,Itanhém,BA,2 - Nordeste,18258,3 - 10001 até 20000,Não,Sim,Não,-,Não,Só ônibus intermunicipal (sem circulação interna),Pendente,,,
2916104,Itaparica,BA,2 - Nordeste,20369,4 - 20001 até 50000,Não,Não,-,-,Não,Não possui transporte coletivo por ônibus,Sem fonte encontrada,,2026-08-07,Cidade-ilha acessada por ferry/ponte a Salvador; sem confirmação clara de sistema de ônibus urbano interno próprio. Mantido dado original do MUNIC.
2916203,Itapé,BA,2 - Nordeste,10658,3 - 10001 até 20000,Não,Sim,Sim,-,Sim,Possui ônibus local (via intermunicipal que circula internamente),Pendente,,,
2916302,Itapebi,BA,2 - Nordeste,9501,2 - 5001 até 10000,Sim,Sim,Sim,Parcialmente adaptada,Sim,Possui ônibus urbano (intramunicipal),Pendente,,,
2916401,Itapetinga,BA,2 - Nordeste,68735,5 - 50001 até 100000,Não informou,Não informou,Não informou,Não informou,Sem info,Sem informação (recusa/não informou),Pendente,,,
2916500,Itapicuru,BA,2 - Nordeste,33254,4 - 20001 até 50000,Não,Sim,Sim,-,Sim,Possui ônibus local (via intermunicipal que circula internamente),Pendente,,,
2916609,Itapitanga,BA,2 - Nordeste,10630,3 - 10001 até 20000,Não,Sim,Não,-,Não,Só ônibus intermunicipal (sem circulação interna),Pendente,,,
2916708,Itaquara,BA,2 - Nordeste,8448,2 - 5001 até 10000,Sim,Sim,Não,Parcialmente adaptada,Sim,Possui ônibus urbano (intramunicipal),Pendente,,,
2916807,Itarantim,BA,2 - Nordeste,17517,3 - 10001 até 20000,Não,Sim,Sim,-,Sim,Possui ônibus local (via intermunicipal que circula internamente),Pendente,,,
2916856,Itatim,BA,2 - Nordeste,16375,3 - 10001 até 20000,Não,Sim,Não,-,Não,Só ônibus intermunicipal (sem circulação interna),Pendente,,,
2916906,Itiruçu,BA,2 - Nordeste,11261,3 - 10001 até 20000,Sim,Sim,Sim,Parcialmente adaptada,Sim,Possui ônibus urbano (intramunicipal),Pendente,,,
2917003,Itiúba,BA,2 - Nordeste,35491,4 - 20001 até 50000,Sim,Sim,Sim,Sem adaptação,Sim,Possui ônibus urbano (intramunicipal),Pendente,,,
2917102,Itororó,BA,2 - Nordeste,16945,3 - 10001 até 20000,Não,Sim,Não,-,Não,Só ônibus intermunicipal (sem circulação interna),Pendente,,,
2917201,Ituaçu,BA,2 - Nordeste,18493,3 - 10001 até 20000,Não,Sim,Não,-,Não,Só ônibus intermunicipal (sem circulação interna),Pendente,,,
2917300,Ituberá,BA,2 - Nordeste,22299,4 - 20001 até 50000,Não,Sim,Não,-,Não,Só ônibus intermunicipal (sem circulação interna),Pendente,,,
2917334,Iuiu,BA,2 - Nordeste,11532,3 - 10001 até 20000,Sim,Sim,Não,Parcialmente adaptada,Sim,Possui ônibus urbano (intramunicipal),Pendente,,,
2917359,Jaborandi,BA,2 - Nordeste,9592,2 - 5001 até 10000,Sim,Sim,Não,Parcialmente adaptada,Sim,Possui ônibus urbano (intramunicipal),Pendente,,,
2917409,Jacaraci,BA,2 - Nordeste,14901,3 - 10001 até 20000,Sim,Sim,Sim,Sem adaptação,Sim,Possui ônibus urbano (intramunicipal),Pendente,,,
2917508,Jacobina,BA,2 - Nordeste,86649,5 - 50001 até 100000,Sim,Sim,Sim,Sem adaptação,Sim,Possui ônibus urbano (intramunicipal),Pendente,,,
2917607,Jaguaquara,BA,2 - Nordeste,47738,4 - 20001 até 50000,Sim,Sim,Sim,Parcialmente adaptada,Sim,Possui ônibus urbano (intramunicipal),Pendente,,,
2917706,Jaguarari,BA,2 - Nordeste,34440,4 - 20001 até 50000,Sim,Sim,Sim,Sem adaptação,Sim,Possui ônibus urbano (intramunicipal),Pendente,,,
2917805,Jaguaripe,BA,2 - Nordeste,18300,3 - 10001 até 20000,Sim,Sim,Sim,Totalmente adaptada,Sim,Possui ônibus urbano (intramunicipal),Pendente,,,
2917904,Jandaíra,BA,2 - Nordeste,9535,2 - 5001 até 10000,Não,Sim,Não,-,Não,Só ônibus intermunicipal (sem circulação interna),Pendente,,,
2918001,Jequié,BA,2 - Nordeste,168733,6 - 100001 até 500000,Sim,Sim,Sim,Parcialmente adaptada,Sim,Possui ônibus urbano (intramunicipal),Pendente,,,
2918100,Jeremoabo,BA,2 - Nordeste,39501,4 - 20001 até 50000,Sim,Sim,Sim,Parcialmente adaptada,Sim,Possui ônibus urbano (intramunicipal),Pendente,,,
2918209,Jiquiriçá,BA,2 - Nordeste,14066,3 - 10001 até 20000,Sim,Não,-,Parcialmente adaptada,Sim,Possui ônibus urbano (intramunicipal),Pendente,,,
2918308,Jitaúna,BA,2 - Nordeste,14815,3 - 10001 até 20000,Não,Não,-,-,Não,Não possui transporte coletivo por ônibus,Sem fonte encontrada,,2026-08-08,Busca retornou apenas informações sobre rodoviária/transporte intermunicipal ou localidades homônimas; sem confirmação confiável específica. Mantido dado original do MUNIC.
2918357,João Dourado,BA,2 - Nordeste,25799,4 - 20001 até 50000,Sim,Sim,Não,Parcialmente adaptada,Sim,Possui ônibus urbano (intramunicipal),Pendente,,,
2918407,Juazeiro,BA,2 - Nordeste,254481,6 - 100001 até 500000,Sim,Sim,Sim,Parcialmente adaptada,Sim,Possui ônibus urbano (intramunicipal),Pendente,,,
2918456,Jucuruçu,BA,2 - Nordeste,9944,2 - 5001 até 10000,Não,Sim,Não,-,Não,Só ônibus intermunicipal (sem circulação interna),Pendente,,,
2918506,Jussara,BA,2 - Nordeste,16956,3 - 10001 até 20000,Não,Sim,Não,-,Não,Só ônibus intermunicipal (sem circulação interna),Pendente,,,
2918555,Jussari,BA,2 - Nordeste,6059,2 - 5001 até 10000,Não,Não,-,-,Não,Não possui transporte coletivo por ônibus,Sem fonte encontrada,"Buscas retornaram apenas notícias sobre suspensão de transporte intermunicipal (COVID-19, 2020) (Jussari-BA)",2026-08-10,Nenhuma evidência específica de ônibus urbano intramunicipal encontrada
2918605,Jussiape,BA,2 - Nordeste,7585,2 - 5001 até 10000,Sim,Sim,Sim,Sem adaptação,Sim,Possui ônibus urbano (intramunicipal),Pendente,,,
2918704,Lafaiete Coutinho,BA,2 - Nordeste,4221,1 - Até 5000,Sim,Sim,Não,Parcialmente adaptada,Sim,Possui ônibus urbano (intramunicipal),Pendente,,,
2918753,Lagoa Real,BA,2 - Nordeste,14546,3 - 10001 até 20000,Não,Sim,Não,-,Não,Só ônibus intermunicipal (sem circulação interna),Pendente,,,
2918803,Laje,BA,2 - Nordeste,21704,4 - 20001 até 50000,Sim,Não,-,Parcialmente adaptada,Sim,Possui ônibus urbano (intramunicipal),Pendente,,,
2918902,Lajedão,BA,2 - Nordeste,3986,1 - Até 5000,Não,Sim,Não,-,Não,Só ônibus intermunicipal (sem circulação interna),Pendente,,,
2919009,Lajedinho,BA,2 - Nordeste,3621,1 - Até 5000,Não,Não,-,-,Não,Não possui transporte coletivo por ônibus,Pendente,,,
2919058,Lajedo do Tabocal,BA,2 - Nordeste,7702,2 - 5001 até 10000,Sim,Sim,Não,Parcialmente adaptada,Sim,Possui ônibus urbano (intramunicipal),Pendente,,,
2919108,Lamarão,BA,2 - Nordeste,9305,2 - 5001 até 10000,Não,Sim,Não,-,Não,Só ônibus intermunicipal (sem circulação interna),Pendente,,,
2919157,Lapão,BA,2 - Nordeste,26998,4 - 20001 até 50000,Não,Sim,Não,-,Não,Só ônibus intermunicipal (sem circulação interna),Pendente,,,
2919207,Lauro de Freitas,BA,2 - Nordeste,217960,6 - 100001 até 500000,Sim,Sim,Sim,Parcialmente adaptada,Sim,Possui ônibus urbano (intramunicipal),Pendente,,,
2919306,Lençóis,BA,2 - Nordeste,11170,3 - 10001 até 20000,Não,Sim,Não,-,Não,Só ônibus intermunicipal (sem circulação interna),Pendente,,,
2919405,Licínio de Almeida,BA,2 - Nordeste,12208,3 - 10001 até 20000,Não,Sim,Não,-,Não,Só ônibus intermunicipal (sem circulação interna),Pendente,,,
2919504,Livramento de Nossa Senhora,BA,2 - Nordeste,46249,4 - 20001 até 50000,Sim,Sim,Sim,Sem adaptação,Sim,Possui ônibus urbano (intramunicipal),Pendente,,,
2919553,Luís Eduardo Magalhães,BA,2 - Nordeste,116662,6 - 100001 até 500000,Sim,Sim,Não,Parcialmente adaptada,Sim,Possui ônibus urbano (intramunicipal),Pendente,,,
2919603,Macajuba,BA,2 - Nordeste,10758,3 - 10001 até 20000,Não,Não,-,-,Não,Não possui transporte coletivo por ônibus,Sem fonte encontrada,,2026-08-08,Busca retornou apenas informações sobre rodoviária/transporte intermunicipal; sem confirmação confiável específica de ônibus urbano. Mantido dado original do MUNIC.
2919702,Macarani,BA,2 - Nordeste,22596,4 - 20001 até 50000,Não,Sim,Não,-,Não,Só ônibus intermunicipal (sem circulação interna),Pendente,,,
2919801,Macaúbas,BA,2 - Nordeste,43725,4 - 20001 até 50000,Sim,Sim,Sim,Sem adaptação,Sim,Possui ônibus urbano (intramunicipal),Pendente,,,
2919900,Macururé,BA,2 - Nordeste,7455,2 - 5001 até 10000,Não,Não,-,-,Não,Não possui transporte coletivo por ônibus,Sem fonte encontrada,Buscas retornaram apenas rodoviária intermunicipal (Macururé-BA),2026-08-10,Nenhuma evidência específica de ônibus urbano intramunicipal encontrada
2919926,Madre de Deus,BA,2 - Nordeste,19173,3 - 10001 até 20000,Sim,Sim,Não,Sem adaptação,Sim,Possui ônibus urbano (intramunicipal),Pendente,,,
2919959,Maetinga,BA,2 - Nordeste,7212,2 - 5001 até 10000,Não,Não,-,-,Não,Não possui transporte coletivo por ônibus,Sem fonte encontrada,Buscas retornaram apenas rodoviária/transporte intermunicipal (Maetinga-BA),2026-08-10,Nenhuma evidência específica de ônibus urbano intramunicipal encontrada
2920007,Maiquinique,BA,2 - Nordeste,9011,2 - 5001 até 10000,Não,Não,-,-,Não,Não possui transporte coletivo por ônibus,Sem fonte encontrada,Buscas retornaram apenas rodoviária intermunicipal e notícia sobre transporte intermunicipal suspenso (Maiquinique-BA),2026-08-08,Nenhuma evidência específica de ônibus urbano intramunicipal encontrada
2920106,Mairi,BA,2 - Nordeste,18161,3 - 10001 até 20000,Não,Sim,Não,-,Não,Só ônibus intermunicipal (sem circulação interna),Pendente,,,
2920205,Malhada,BA,2 - Nordeste,15834,3 - 10001 até 20000,Não,Sim,Não,-,Não,Só ônibus intermunicipal (sem circulação interna),Pendente,,,
2920304,Malhada de Pedras,BA,2 - Nordeste,8972,2 - 5001 até 10000,Não,Sim,Não,-,Não,Só ônibus intermunicipal (sem circulação interna),Pendente,,,
2920403,Manoel Vitorino,BA,2 - Nordeste,14295,3 - 10001 até 20000,Sim,Sim,Sim,Parcialmente adaptada,Sim,Possui ônibus urbano (intramunicipal),Pendente,,,
2920452,Mansidão,BA,2 - Nordeste,14484,3 - 10001 até 20000,Não,Sim,Sim,-,Sim,Possui ônibus local (via intermunicipal que circula internamente),Pendente,,,
2920502,Maracás,BA,2 - Nordeste,29197,4 - 20001 até 50000,Sim,Sim,Sim,Sem adaptação,Sim,Possui ônibus urbano (intramunicipal),Pendente,,,
2920601,Maragogipe,BA,2 - Nordeste,37225,4 - 20001 até 50000,Sim,Sim,Não,Sem adaptação,Sim,Possui ônibus urbano (intramunicipal),Pendente,,,
2920700,Maraú,BA,2 - Nordeste,25626,4 - 20001 até 50000,Não,Sim,Sim,-,Sim,Possui ônibus local (via intermunicipal que circula internamente),Pendente,,,
2920809,Marcionílio Souza,BA,2 - Nordeste,9507,2 - 5001 até 10000,Não,Sim,Não,-,Não,Só ônibus intermunicipal (sem circulação interna),Pendente,,,
2920908,Mascote,BA,2 - Nordeste,13941,3 - 10001 até 20000,Não,Não,-,-,Não,Não possui transporte coletivo por ônibus,Sem fonte encontrada,,2026-08-08,Nenhuma fonte específica encontrada sobre transporte urbano em Mascote. Mantido dado original do MUNIC.
2921005,Mata de São João,BA,2 - Nordeste,44839,4 - 20001 até 50000,Sim,Sim,Sim,Sem adaptação,Sim,Possui ônibus urbano (intramunicipal),Pendente,,,
2921054,Matina,BA,2 - Nordeste,10629,3 - 10001 até 20000,Não,Não,-,-,Não,Não possui transporte coletivo por ônibus,Sem fonte encontrada,,2026-08-08,Busca retornou apenas informações sobre rodoviária/transporte intermunicipal ou localidades homônimas (ex: Guimarães/Portugal); sem confirmação confiável específica. Mantido dado original do MUNIC.
2921104,Medeiros Neto,BA,2 - Nordeste,22925,4 - 20001 até 50000,Sim,Sim,Sim,Parcialmente adaptada,Sim,Possui ônibus urbano (intramunicipal),Pendente,,,
2921203,Miguel Calmon,BA,2 - Nordeste,25317,4 - 20001 até 50000,Sim,Sim,Não,Sem adaptação,Sim,Possui ônibus urbano (intramunicipal),Pendente,,,
2921302,Milagres,BA,2 - Nordeste,11434,3 - 10001 até 20000,Sim,Sim,Sim,Parcialmente adaptada,Sim,Possui ônibus urbano (intramunicipal),Pendente,,,
2921401,Mirangaba,BA,2 - Nordeste,16185,3 - 10001 até 20000,Sim,Sim,Sim,Parcialmente adaptada,Sim,Possui ônibus urbano (intramunicipal),Pendente,,,
2921450,Mirante,BA,2 - Nordeste,10523,3 - 10001 até 20000,Não,Sim,Não,-,Não,Só ônibus intermunicipal (sem circulação interna),Pendente,,,
2921500,Monte Santo,BA,2 - Nordeste,49823,4 - 20001 até 50000,Não,Não,-,-,Não,Não possui transporte coletivo por ônibus,Sem fonte encontrada,,2026-08-07,"Secretaria Municipal de Transportes existe e regula transporte coletivo rodoviário municipal, mas não há confirmação clara de sistema de ônibus urbano ativo. Mantido dado original do MUNIC."
2921609,Morpará,BA,2 - Nordeste,8232,2 - 5001 até 10000,Não,Sim,Não,-,Não,Só ônibus intermunicipal (sem circulação interna),Pendente,,,
2921708,Morro do Chapéu,BA,2 - Nordeste,35224,4 - 20001 até 50000,Não,Sim,Sim,-,Sim,Possui ônibus local (via intermunicipal que circula internamente),Pendente,,,
2921807,Mortugaba,BA,2 - Nordeste,11487,3 - 10001 até 20000,Não,Sim,Não,-,Não,Só ônibus intermunicipal (sem circulação interna),Pendente,,,
2921906,Mucugê,BA,2 - Nordeste,12650,3 - 10001 até 20000,Não,Não,-,-,Não,Não possui transporte coletivo por ônibus,Sem fonte encontrada,,2026-08-08,Busca retornou apenas informações sobre rodoviária/transporte intermunicipal; sem confirmação confiável específica. Mantido dado original do MUNIC.
2922003,Mucuri,BA,2 - Nordeste,40005,4 - 20001 até 50000,Não,Sim,Não,-,Não,Só ônibus intermunicipal (sem circulação interna),Pendente,,,
2922052,Mulungu do Morro,BA,2 - Nordeste,13625,3 - 10001 até 20000,Não,Sim,Não,-,Não,Só ônibus intermunicipal (sem circulação interna),Pendente,,,
2922102,Mundo Novo,BA,2 - Nordeste,17417,3 - 10001 até 20000,Não,Sim,Não,-,Não,Só ônibus intermunicipal (sem circulação interna),Pendente,,,
2922201,Muniz Ferreira,BA,2 - Nordeste,7443,2 - 5001 até 10000,Não,Não,-,-,Não,Não possui transporte coletivo por ônibus,Sem fonte encontrada,"Buscas retornaram apenas rodoviária intermunicipal, sem evidência de linha urbana (Muniz Ferreira-BA)",2026-08-10,Nenhuma evidência específica de ônibus urbano intramunicipal encontrada
2922250,Muquém do São Francisco,BA,2 - Nordeste,10796,3 - 10001 até 20000,Não,Não,-,-,Não,Não possui transporte coletivo por ônibus,Sem fonte encontrada,,2026-08-08,Busca retornou apenas informações sobre rodoviária/transporte intermunicipal; sem confirmação confiável específica de ônibus urbano. Mantido dado original do MUNIC.
2922300,Muritiba,BA,2 - Nordeste,30146,4 - 20001 até 50000,Não,Sim,Não,-,Não,Só ônibus intermunicipal (sem circulação interna),Pendente,,,
2922409,Mutuípe,BA,2 - Nordeste,20612,4 - 20001 até 50000,Não,Sim,Não,-,Não,Só ônibus intermunicipal (sem circulação interna),Pendente,,,
2922508,Nazaré,BA,2 - Nordeste,28403,4 - 20001 até 50000,Sim,Sim,Não,Sem adaptação,Sim,Possui ônibus urbano (intramunicipal),Pendente,,,
2922607,Nilo Peçanha,BA,2 - Nordeste,12418,3 - 10001 até 20000,Sim,Sim,Sim,Sem adaptação,Sim,Possui ônibus urbano (intramunicipal),Pendente,,,
2922656,Nordestina,BA,2 - Nordeste,19500,3 - 10001 até 20000,Não,Sim,Não,-,Não,Só ônibus intermunicipal (sem circulação interna),Pendente,,,
2922706,Nova Canaã,BA,2 - Nordeste,14035,3 - 10001 até 20000,Não,Não,-,-,Não,Não possui transporte coletivo por ônibus,Sem fonte encontrada,,2026-08-08,Apenas rodoviária intermunicipal; sem fonte específica sobre ônibus urbano. Mantido dado original do MUNIC.
2922730,Nova Fátima,BA,2 - Nordeste,8264,2 - 5001 até 10000,Não,Não,-,-,Não,Não possui transporte coletivo por ônibus,Sem fonte encontrada,Buscas retornaram apenas rodoviária intermunicipal e empresas homônimas 'Fátima' em outros municípios (Nova Fátima-BA),2026-08-08,Nenhuma evidência específica de ônibus urbano intramunicipal encontrada
2922755,Nova Ibiá,BA,2 - Nordeste,6701,2 - 5001 até 10000,Não,Não,-,-,Não,Não possui transporte coletivo por ônibus,Sem fonte encontrada,Nenhuma informação específica sobre ônibus urbano em Nova Ibiá-BA,2026-08-10,Nenhuma evidência específica encontrada
2922805,Nova Itarana,BA,2 - Nordeste,8059,2 - 5001 até 10000,Sim,Sim,Sim,Sem adaptação,Sim,Possui ônibus urbano (intramunicipal),Pendente,,,
2922854,Nova Redenção,BA,2 - Nordeste,7708,2 - 5001 até 10000,Não,Sim,Não,-,Não,Só ônibus intermunicipal (sem circulação interna),Pendente,,,
2922904,Nova Soure,BA,2 - Nordeste,24906,4 - 20001 até 50000,Não,Não,-,-,Não,Não possui transporte coletivo por ônibus,Sem fonte encontrada,,2026-08-07,Apenas rodoviária intermunicipal; sem fonte específica sobre ônibus urbano. Mantido dado original do MUNIC.
2923001,Nova Viçosa,BA,2 - Nordeste,41551,4 - 20001 até 50000,Sim,Sim,Sim,Sem adaptação,Sim,Possui ônibus urbano (intramunicipal),Pendente,,,
2923035,Novo Horizonte,BA,2 - Nordeste,11565,3 - 10001 até 20000,Não,Não,-,-,Não,Não possui transporte coletivo por ônibus,Sem fonte encontrada,,2026-08-08,"Empresa 'Viação Novo Horizonte' é uma viação rodoviária tradicional baiana homônima da cidade, não confirma serviço urbano em Novo Horizonte/BA especificamente. Mantido dado original do MUNIC."
2923050,Novo Triunfo,BA,2 - Nordeste,11197,3 - 10001 até 20000,Não,Não,-,-,Não,Não possui transporte coletivo por ônibus,Sem fonte encontrada,,2026-08-08,Busca retornou apenas informações sobre rodoviária/transporte intermunicipal; sem confirmação confiável específica de ônibus urbano. Mantido dado original do MUNIC.
2923100,Olindina,BA,2 - Nordeste,23085,4 - 20001 até 50000,Não,Sim,Não,-,Não,Só ônibus intermunicipal (sem circulação interna),Pendente,,,
2923209,Oliveira dos Brejinhos,BA,2 - Nordeste,21334,4 - 20001 até 50000,Não,Sim,Sim,-,Sim,Possui ônibus local (via intermunicipal que circula internamente),Pendente,,,
2923308,Ouriçangas,BA,2 - Nordeste,7939,2 - 5001 até 10000,Não,Sim,Sim,-,Sim,Possui ônibus local (via intermunicipal que circula internamente),Pendente,,,
2923357,Ourolândia,BA,2 - Nordeste,20037,4 - 20001 até 50000,Não,Sim,Não,-,Não,Só ônibus intermunicipal (sem circulação interna),Pendente,,,
2923407,Palmas de Monte Alto,BA,2 - Nordeste,20677,4 - 20001 até 50000,Não,Sim,Não,-,Não,Só ônibus intermunicipal (sem circulação interna),Pendente,,,
2923506,Palmeiras,BA,2 - Nordeste,10819,3 - 10001 até 20000,Não,Sim,Não,-,Não,Só ônibus intermunicipal (sem circulação interna),Pendente,,,
2923605,Paramirim,BA,2 - Nordeste,21009,4 - 20001 até 50000,Sim,Sim,Não,Parcialmente adaptada,Sim,Possui ônibus urbano (intramunicipal),Pendente,,,
2923704,Paratinga,BA,2 - Nordeste,30671,4 - 20001 até 50000,Sim,Sim,Não,Sem adaptação,Sim,Possui ônibus urbano (intramunicipal),Pendente,,,
2923803,Paripiranga,BA,2 - Nordeste,27866,4 - 20001 até 50000,Não,Sim,Sim,-,Sim,Possui ônibus local (via intermunicipal que circula internamente),Pendente,,,
2923902,Pau Brasil,BA,2 - Nordeste,9584,2 - 5001 até 10000,Não,Não,-,-,Não,Não possui transporte coletivo por ônibus,Sem fonte encontrada,Buscas retornaram apenas rodoviária intermunicipal (Pau Brasil-BA),2026-08-08,Nenhuma evidência específica de ônibus urbano intramunicipal encontrada
2924009,Paulo Afonso,BA,2 - Nordeste,119128,6 - 100001 até 500000,Sim,Sim,Não,Parcialmente adaptada,Sim,Possui ônibus urbano (intramunicipal),Pendente,,,
2924058,Pé de Serra,BA,2 - Nordeste,13675,3 - 10001 até 20000,Não,Não,-,-,Não,Não possui transporte coletivo por ônibus,Sem fonte encontrada,,2026-08-08,Texto com padrão genérico/templado sobre 'ônibus municipais e apps' sem fonte oficial confiável específica. Mantido dado original do MUNIC.
2924108,Pedrão,BA,2 - Nordeste,6415,2 - 5001 até 10000,Não,Sim,Sim,-,Sim,Possui ônibus local (via intermunicipal que circula internamente),Pendente,,,
2924207,Pedro Alexandre,BA,2 - Nordeste,14288,3 - 10001 até 20000,Sim,Sim,Não,Parcialmente adaptada,Sim,Possui ônibus urbano (intramunicipal),Pendente,,,
2924306,Piatã,BA,2 - Nordeste,20859,4 - 20001 até 50000,Sim,Sim,Não,Sem adaptação,Sim,Possui ônibus urbano (intramunicipal),Pendente,,,
2924405,Pilão Arcado,BA,2 - Nordeste,37272,4 - 20001 até 50000,Não,Sim,Não,-,Não,Só ônibus intermunicipal (sem circulação interna),Pendente,,,
2924504,Pindaí,BA,2 - Nordeste,15146,3 - 10001 até 20000,Não,Não,-,-,Não,Não possui transporte coletivo por ônibus,Sem fonte encontrada,,2026-08-08,Apenas transporte intermunicipal; sem fonte específica sobre ônibus urbano interno. Mantido dado original do MUNIC.
2924603,Pindobaçu,BA,2 - Nordeste,19625,3 - 10001 até 20000,Não,Sim,Não,-,Não,Só ônibus intermunicipal (sem circulação interna),Pendente,,,
2924652,Pintadas,BA,2 - Nordeste,10656,3 - 10001 até 20000,Não,Sim,Não,-,Não,Só ônibus intermunicipal (sem circulação interna),Pendente,,,
2924678,Piraí do Norte,BA,2 - Nordeste,11429,3 - 10001 até 20000,Não,Não,-,-,Não,Não possui transporte coletivo por ônibus,Sem fonte encontrada,,2026-08-08,Busca retornou apenas informações sobre rodoviária/transporte intermunicipal; sem confirmação confiável específica de ônibus urbano. Mantido dado original do MUNIC.
2924702,Piripá,BA,2 - Nordeste,9255,2 - 5001 até 10000,Não,Sim,Sim,-,Sim,Possui ônibus local (via intermunicipal que circula internamente),Pendente,,,
2924801,Piritiba,BA,2 - Nordeste,17838,3 - 10001 até 20000,Não,Sim,Sim,-,Sim,Possui ônibus local (via intermunicipal que circula internamente),Pendente,,,
2924900,Planaltino,BA,2 - Nordeste,8254,2 - 5001 até 10000,Sim,Sim,Sim,Sem adaptação,Sim,Possui ônibus urbano (intramunicipal),Pendente,,,
2925006,Planalto,BA,2 - Nordeste,24036,4 - 20001 até 50000,Sim,Sim,Não,Parcialmente adaptada,Sim,Possui ônibus urbano (intramunicipal),Pendente,,,
2925105,Poções,BA,2 - Nordeste,50642,5 - 50001 até 100000,Não,Sim,Não,-,Não,Só ônibus intermunicipal (sem circulação interna),Pendente,,,
2925204,Pojuca,BA,2 - Nordeste,33608,4 - 20001 até 50000,Não,Sim,Não,-,Não,Só ônibus intermunicipal (sem circulação interna),Pendente,,,
2925253,Ponto Novo,BA,2 - Nordeste,18670,3 - 10001 até 20000,Sim,Não,-,Parcialmente adaptada,Sim,Possui ônibus urbano (intramunicipal),Pendente,,,
2925303,Porto Seguro,BA,2 - Nordeste,181007,6 - 100001 até 500000,Sim,Sim,Sim,Parcialmente adaptada,Sim,Possui ônibus urbano (intramunicipal),Pendente,,,
2925402,Potiraguá,BA,2 - Nordeste,10636,3 - 10001 até 20000,Não,Sim,Não,-,Não,Só ônibus intermunicipal (sem circulação interna),Pendente,,,
2925501,Prado,BA,2 - Nordeste,37241,4 - 20001 até 50000,Não,Não,-,-,Não,Não possui transporte coletivo por ônibus,Sem fonte encontrada,,2026-08-07,Apenas rodoviária intermunicipal; sem fonte específica sobre ônibus urbano. Mantido dado original do MUNIC.
2925600,Presidente Dutra,BA,2 - Nordeste,15650,3 - 10001 até 20000,Sim,Sim,Não,Parcialmente adaptada,Sim,Possui ônibus urbano (intramunicipal),Pendente,,,
2925709,Presidente Jânio Quadros,BA,2 - Nordeste,12986,3 - 10001 até 20000,Não,Sim,Não,-,Não,Só ônibus intermunicipal (sem circulação interna),Pendente,,,
2925758,Presidente Tancredo Neves,BA,2 - Nordeste,29343,4 - 20001 até 50000,Não,Não,-,-,Não,Não possui transporte coletivo por ônibus,Sem fonte encontrada,,2026-08-07,Busca retornou apenas informações sobre rodoviária/transporte intermunicipal ou textos genéricos; sem confirmação confiável específica. Mantido dado original do MUNIC.
2925808,Queimadas,BA,2 - Nordeste,27362,4 - 20001 até 50000,Não,Sim,Não,-,Não,Só ônibus intermunicipal (sem circulação interna),Pendente,,,
2925907,Quijingue,BA,2 - Nordeste,26457,4 - 20001 até 50000,Sim,Sim,Sim,Parcialmente adaptada,Sim,Possui ônibus urbano (intramunicipal),Pendente,,,
2925931,Quixabeira,BA,2 - Nordeste,9815,2 - 5001 até 10000,Não,Não,-,-,Não,Não possui transporte coletivo por ônibus,Sem fonte encontrada,Buscas retornaram apenas rodoviária intermunicipal (Quixabeira-BA),2026-08-08,Nenhuma evidência específica de ônibus urbano intramunicipal encontrada
2925956,Rafael Jambeiro,BA,2 - Nordeste,20146,4 - 20001 até 50000,Não,Não,-,-,Não,Não possui transporte coletivo por ônibus,Sem fonte encontrada,,2026-08-07,Apenas rodoviária intermunicipal; sem fonte específica sobre ônibus urbano. Mantido dado original do MUNIC.
2926004,Remanso,BA,2 - Nordeste,42746,4 - 20001 até 50000,Não,Sim,Não,-,Não,Só ônibus intermunicipal (sem circulação interna),Pendente,,,
2926103,Retirolândia,BA,2 - Nordeste,14147,3 - 10001 até 20000,Não,Sim,Não,-,Não,Só ônibus intermunicipal (sem circulação interna),Pendente,,,
2926202,Riachão das Neves,BA,2 - Nordeste,22323,4 - 20001 até 50000,Sim,Sim,Sim,Parcialmente adaptada,Sim,Possui ônibus urbano (intramunicipal),Pendente,,,
2926301,Riachão do Jacuípe,BA,2 - Nordeste,35118,4 - 20001 até 50000,Não,Não,-,-,Não,Não possui transporte coletivo por ônibus,Sem fonte encontrada,,2026-08-07,"Texto genérico e impreciso ('transporte municipal, se existir'); sem confirmação confiável. Mantido dado original do MUNIC."
2926400,Riacho de Santana,BA,2 - Nordeste,32103,4 - 20001 até 50000,Sim,Sim,Não,Parcialmente adaptada,Sim,Possui ônibus urbano (intramunicipal),Pendente,,,
2926509,Ribeira do Amparo,BA,2 - Nordeste,14525,3 - 10001 até 20000,Sim,Sim,Não,Parcialmente adaptada,Sim,Possui ônibus urbano (intramunicipal),Pendente,,,
2926608,Ribeira do Pombal,BA,2 - Nordeste,56170,5 - 50001 até 100000,Não,Sim,Não,-,Não,Só ônibus intermunicipal (sem circulação interna),Pendente,,,
2926657,Ribeirão do Largo,BA,2 - Nordeste,10039,3 - 10001 até 20000,Não,Sim,Não,-,Não,Só ônibus intermunicipal (sem circulação interna),Pendente,,,
2926707,Rio de Contas,BA,2 - Nordeste,13627,3 - 10001 até 20000,Sim,Sim,Sim,Sem adaptação,Sim,Possui ônibus urbano (intramunicipal),Pendente,,,
2926806,Rio do Antônio,BA,2 - Nordeste,13520,3 - 10001 até 20000,Sim,Sim,Não,Sem adaptação,Sim,Possui ônibus urbano (intramunicipal),Pendente,,,
2926905,Rio do Pires,BA,2 - Nordeste,10801,3 - 10001 até 20000,Sim,Sim,Não,Sem adaptação,Sim,Possui ônibus urbano (intramunicipal),Pendente,,,
2927002,Rio Real,BA,2 - Nordeste,36997,4 - 20001 até 50000,Não,Sim,Não,-,Não,Só ônibus intermunicipal (sem circulação interna),Pendente,,,
2927101,Rodelas,BA,2 - Nordeste,10801,3 - 10001 até 20000,Não,Não,-,-,Não,Não possui transporte coletivo por ônibus,Sem fonte encontrada,,2026-08-08,Busca retornou apenas informações sobre rodoviária/transporte intermunicipal; sem confirmação confiável específica de ônibus urbano. Mantido dado original do MUNIC.
2927200,Ruy Barbosa,BA,2 - Nordeste,29606,4 - 20001 até 50000,Não,Não,-,-,Não,Não possui transporte coletivo por ônibus,Sem fonte encontrada,,2026-08-07,Busca retornou apenas informações sobre rodoviária/transporte intermunicipal ou textos genéricos; sem confirmação confiável específica. Mantido dado original do MUNIC.
2927309,Salinas da Margarida,BA,2 - Nordeste,15568,3 - 10001 até 20000,Sim,Sim,Sim,Sem adaptação,Sim,Possui ônibus urbano (intramunicipal),Pendente,,,
2927408,Salvador,BA,2 - Nordeste,2568928,7 - Maior que 500000,Sim,Sim,Sim,Totalmente adaptada,Sim,Possui ônibus urbano (intramunicipal),Confirmado,Sistema de transporte público municipal amplamente documentado (site da prefeitura/empresa de transporte municipal),2026-08-07,Capital estadual com sistema de ônibus urbano consolidado e publicamente conhecido; dado do MUNIC 2024 já indicava 'Sim' corretamente.
2927507,Santa Bárbara,BA,2 - Nordeste,21723,4 - 20001 até 50000,Sim,Sim,Sim,Parcialmente adaptada,Sim,Possui ônibus urbano (intramunicipal),Pendente,,,
2927606,Santa Brígida,BA,2 - Nordeste,15421,3 - 10001 até 20000,Sim,Não,-,Parcialmente adaptada,Sim,Possui ônibus urbano (intramunicipal),Pendente,,,
2927705,Santa Cruz Cabrália,BA,2 - Nordeste,30862,4 - 20001 até 50000,Não,Sim,Sim,-,Sim,Possui ônibus local (via intermunicipal que circula internamente),Pendente,,,
2927804,Santa Cruz da Vitória,BA,2 - Nordeste,4721,1 - Até 5000,Não,Sim,Não,-,Não,Só ônibus intermunicipal (sem circulação interna),Pendente,,,
2927903,Santa Inês,BA,2 - Nordeste,10628,3 - 10001 até 20000,Sim,Sim,Sim,Parcialmente adaptada,Sim,Possui ônibus urbano (intramunicipal),Pendente,,,
2928000,Santaluz,BA,2 - Nordeste,39922,4 - 20001 até 50000,Não,Sim,Não,-,Não,Só ônibus intermunicipal (sem circulação interna),Pendente,,,
2928059,Santa Luzia,BA,2 - Nordeste,14377,3 - 10001 até 20000,Não,Sim,Não,-,Não,Só ônibus intermunicipal (sem circulação interna),Pendente,,,
2928109,Santa Maria da Vitória,BA,2 - Nordeste,40467,4 - 20001 até 50000,Não,Sim,Sim,-,Sim,Possui ônibus local (via intermunicipal que circula internamente),Pendente,,,
2928208,Santana,BA,2 - Nordeste,25520,4 - 20001 até 50000,Sim,Sim,Não,Parcialmente adaptada,Sim,Possui ônibus urbano (intramunicipal),Pendente,,,
2928307,Santanópolis,BA,2 - Nordeste,9023,2 - 5001 até 10000,Não,Não,-,-,Não,Não possui transporte coletivo por ônibus,Sem fonte encontrada,Buscas não retornaram informação específica sobre Santanópolis-BA,2026-08-08,Nenhuma evidência específica encontrada
2928406,Santa Rita de Cássia,BA,2 - Nordeste,28826,4 - 20001 até 50000,Não,Sim,Não,-,Não,Só ônibus intermunicipal (sem circulação interna),Pendente,,,
2928505,Santa Terezinha,BA,2 - Nordeste,10847,3 - 10001 até 20000,Não informou,Não informou,Não informou,Não informou,Sem info,Sem informação (recusa/não informou),Pendente,,,
2928604,Santo Amaro,BA,2 - Nordeste,58413,5 - 50001 até 100000,Não,Sim,Não,-,Não,Só ônibus intermunicipal (sem circulação interna),Pendente,,,
2928703,Santo Antônio de Jesus,BA,2 - Nordeste,109267,6 - 100001 até 500000,Sim,Sim,Não,Parcialmente adaptada,Sim,Possui ônibus urbano (intramunicipal),Pendente,,,
2928802,Santo Estêvão,BA,2 - Nordeste,54940,5 - 50001 até 100000,Não,Sim,Não,-,Não,Só ônibus intermunicipal (sem circulação interna),Pendente,,,
2928901,São Desidério,BA,2 - Nordeste,34783,4 - 20001 até 50000,Não,Sim,Sim,-,Sim,Possui ônibus local (via intermunicipal que circula internamente),Pendente,,,
2928950,São Domingos,BA,2 - Nordeste,8693,2 - 5001 até 10000,Não,Não,-,-,Não,Não possui transporte coletivo por ônibus,Sem fonte encontrada,Buscas retornaram apenas transporte intermunicipal e resultados de homônimos em outros estados (São Domingos-BA),2026-08-08,Nenhuma evidência específica de ônibus urbano intramunicipal encontrada
2929008,São Félix,BA,2 - Nordeste,11198,3 - 10001 até 20000,Não,Sim,Não,-,Não,Só ônibus intermunicipal (sem circulação interna),Pendente,,,
2929057,São Félix do Coribe,BA,2 - Nordeste,15740,3 - 10001 até 20000,Não,Sim,Sim,-,Sim,Possui ônibus local (via intermunicipal que circula internamente),Pendente,,,
2929107,São Felipe,BA,2 - Nordeste,20918,4 - 20001 até 50000,Não,Sim,Não,-,Não,Só ônibus intermunicipal (sem circulação interna),Pendente,,,
2929206,São Francisco do Conde,BA,2 - Nordeste,40932,4 - 20001 até 50000,Sim,Sim,Não,Parcialmente adaptada,Sim,Possui ônibus urbano (intramunicipal),Pendente,,,
2929255,São Gabriel,BA,2 - Nordeste,19210,3 - 10001 até 20000,Sim,Sim,Não,Sem adaptação,Sim,Possui ônibus urbano (intramunicipal),Pendente,,,
2929305,São Gonçalo dos Campos,BA,2 - Nordeste,41909,4 - 20001 até 50000,Não,Sim,Não,-,Não,Só ônibus intermunicipal (sem circulação interna),Pendente,,,
2929354,São José da Vitória,BA,2 - Nordeste,5451,2 - 5001 até 10000,Não,Sim,Sim,-,Sim,Possui ônibus local (via intermunicipal que circula internamente),Pendente,,,
2929370,São José do Jacuípe,BA,2 - Nordeste,10556,3 - 10001 até 20000,Não,Sim,Não,-,Não,Só ônibus intermunicipal (sem circulação interna),Pendente,,,
2929404,São Miguel das Matas,BA,2 - Nordeste,10634,3 - 10001 até 20000,Não,Sim,Não,-,Não,Só ônibus intermunicipal (sem circulação interna),Pendente,,,
2929503,São Sebastião do Passé,BA,2 - Nordeste,42936,4 - 20001 até 50000,Sim,Sim,Não,Sem adaptação,Sim,Possui ônibus urbano (intramunicipal),Pendente,,,
2929602,Sapeaçu,BA,2 - Nordeste,18609,3 - 10001 até 20000,Não,Sim,Sim,-,Sim,Possui ônibus local (via intermunicipal que circula internamente),Pendente,,,
2929701,Sátiro Dias,BA,2 - Nordeste,16485,3 - 10001 até 20000,Não,Sim,Sim,-,Sim,Possui ônibus local (via intermunicipal que circula internamente),Pendente,,,
2929750,Saubara,BA,2 - Nordeste,11842,3 - 10001 até 20000,Sim,Sim,Sim,Sem adaptação,Sim,Possui ônibus urbano (intramunicipal),Pendente,,,
2929800,Saúde,BA,2 - Nordeste,10715,3 - 10001 até 20000,Não,Sim,Não,-,Não,Só ônibus intermunicipal (sem circulação interna),Pendente,,,
2929909,Seabra,BA,2 - Nordeste,48530,4 - 20001 até 50000,Não,Sim,Não,-,Não,Só ônibus intermunicipal (sem circulação interna),Pendente,,,
2930006,Sebastião Laranjeiras,BA,2 - Nordeste,9610,2 - 5001 até 10000,Não,Sim,Sim,-,Sim,Possui ônibus local (via intermunicipal que circula internamente),Pendente,,,
2930105,Senhor do Bonfim,BA,2 - Nordeste,77976,5 - 50001 até 100000,Sim,Sim,Não,Sem adaptação,Sim,Possui ônibus urbano (intramunicipal),Pendente,,,
2930154,Serra do Ramalho,BA,2 - Nordeste,36119,4 - 20001 até 50000,Sim,Sim,Sim,Parcialmente adaptada,Sim,Possui ônibus urbano (intramunicipal),Pendente,,,
2930204,Sento Sé,BA,2 - Nordeste,40147,4 - 20001 até 50000,Sim,Sim,Sim,Sem adaptação,Sim,Possui ônibus urbano (intramunicipal),Pendente,,,
2930303,Serra Dourada,BA,2 - Nordeste,17580,3 - 10001 até 20000,Não,Sim,Não,-,Não,Só ônibus intermunicipal (sem circulação interna),Pendente,,,
2930402,Serra Preta,BA,2 - Nordeste,18685,3 - 10001 até 20000,Não,Sim,Não,-,Não,Só ônibus intermunicipal (sem circulação interna),Pendente,,,
2930501,Serrinha,BA,2 - Nordeste,84428,5 - 50001 até 100000,Sim,Sim,Sim,Sem adaptação,Sim,Possui ônibus urbano (intramunicipal),Pendente,,,
2930600,Serrolândia,BA,2 - Nordeste,13831,3 - 10001 até 20000,Não,Sim,Não,-,Não,Só ônibus intermunicipal (sem circulação interna),Pendente,,,
2930709,Simões Filho,BA,2 - Nordeste,120394,6 - 100001 até 500000,Sim,Sim,Sim,Sem adaptação,Sim,Possui ônibus urbano (intramunicipal),Pendente,,,
2930758,Sítio do Mato,BA,2 - Nordeste,13935,3 - 10001 até 20000,Sim,Sim,Sim,Sem adaptação,Sim,Possui ônibus urbano (intramunicipal),Pendente,,,
2930766,Sítio do Quinto,BA,2 - Nordeste,14359,3 - 10001 até 20000,Sim,Sim,Não,Parcialmente adaptada,Sim,Possui ônibus urbano (intramunicipal),Pendente,,,
2930774,Sobradinho,BA,2 - Nordeste,26959,4 - 20001 até 50000,Não,Sim,Não,-,Não,Só ônibus intermunicipal (sem circulação interna),Pendente,,,
2930808,Souto Soares,BA,2 - Nordeste,17674,3 - 10001 até 20000,Não,Sim,Não,-,Não,Só ônibus intermunicipal (sem circulação interna),Pendente,,,
2930907,Tabocas do Brejo Velho,BA,2 - Nordeste,12368,3 - 10001 até 20000,Não,Não,-,-,Não,Não possui transporte coletivo por ônibus,Sem fonte encontrada,,2026-08-08,Apenas rodoviária intermunicipal e fretamento; sem fonte específica sobre ônibus urbano interno. Mantido dado original do MUNIC.
2931004,Tanhaçu,BA,2 - Nordeste,21741,4 - 20001 até 50000,Não,Sim,Não,-,Não,Só ônibus intermunicipal (sem circulação interna),Pendente,,,
2931053,Tanque Novo,BA,2 - Nordeste,17770,3 - 10001 até 20000,Não,Não,-,-,Não,Não possui transporte coletivo por ônibus,Sem fonte encontrada,,2026-08-07,Apenas rodoviária intermunicipal; sem fonte específica sobre ônibus urbano. Mantido dado original do MUNIC.
2931103,Tanquinho,BA,2 - Nordeste,7983,2 - 5001 até 10000,Não,Sim,Não,-,Não,Só ônibus intermunicipal (sem circulação interna),Pendente,,,
2931202,Taperoá,BA,2 - Nordeste,18571,3 - 10001 até 20000,Não,Sim,Não,-,Não,Só ônibus intermunicipal (sem circulação interna),Pendente,,,
2931301,Tapiramutá,BA,2 - Nordeste,16253,3 - 10001 até 20000,Sim,Sim,Não,Parcialmente adaptada,Sim,Possui ônibus urbano (intramunicipal),Pendente,,,
2931350,Teixeira de Freitas,BA,2 - Nordeste,153332,6 - 100001 até 500000,Sim,Sim,Sim,Totalmente adaptada,Sim,Possui ônibus urbano (intramunicipal),Pendente,,,
2931400,Teodoro Sampaio,BA,2 - Nordeste,7301,2 - 5001 até 10000,Sim,Sim,Não,Parcialmente adaptada,Sim,Possui ônibus urbano (intramunicipal),Pendente,,,
2931509,Teofilândia,BA,2 - Nordeste,21827,4 - 20001 até 50000,Não,Sim,Não,-,Não,Só ônibus intermunicipal (sem circulação interna),Pendente,,,
2931608,Teolândia,BA,2 - Nordeste,15919,3 - 10001 até 20000,Sim,Sim,Não,Parcialmente adaptada,Sim,Possui ônibus urbano (intramunicipal),Pendente,,,
2931707,Terra Nova,BA,2 - Nordeste,11035,3 - 10001 até 20000,Não,Sim,Sim,-,Sim,Possui ônibus local (via intermunicipal que circula internamente),Pendente,,,
2931806,Tremedal,BA,2 - Nordeste,16691,3 - 10001 até 20000,Não,Sim,Sim,-,Sim,Possui ônibus local (via intermunicipal que circula internamente),Pendente,,,
2931905,Tucano,BA,2 - Nordeste,50959,5 - 50001 até 100000,Não,Sim,Sim,-,Sim,Possui ônibus local (via intermunicipal que circula internamente),Pendente,,,
2932002,Uauá,BA,2 - Nordeste,25441,4 - 20001 até 50000,Sim,Sim,Sim,Sem adaptação,Sim,Possui ônibus urbano (intramunicipal),Pendente,,,
2932101,Ubaíra,BA,2 - Nordeste,19162,3 - 10001 até 20000,Sim,Sim,Sim,Sem adaptação,Sim,Possui ônibus urbano (intramunicipal),Pendente,,,
2932200,Ubaitaba,BA,2 - Nordeste,17967,3 - 10001 até 20000,Não,Sim,Não,-,Não,Só ônibus intermunicipal (sem circulação interna),Pendente,,,
2932309,Ubatã,BA,2 - Nordeste,16097,3 - 10001 até 20000,Não,Sim,Não,-,Não,Só ônibus intermunicipal (sem circulação interna),Pendente,,,
2932408,Uibaí,BA,2 - Nordeste,13880,3 - 10001 até 20000,Não,Sim,Não,-,Não,Só ônibus intermunicipal (sem circulação interna),Pendente,,,
2932457,Umburanas,BA,2 - Nordeste,13888,3 - 10001 até 20000,Não,Sim,Sim,-,Sim,Possui ônibus local (via intermunicipal que circula internamente),Pendente,,,
2932507,Una,BA,2 - Nordeste,18403,3 - 10001 até 20000,Não,Sim,Sim,-,Sim,Possui ônibus local (via intermunicipal que circula internamente),Pendente,,,
2932606,Urandi,BA,2 - Nordeste,15794,3 - 10001 até 20000,Sim,Sim,Não,Parcialmente adaptada,Sim,Possui ônibus urbano (intramunicipal),Pendente,,,
2932705,Uruçuca,BA,2 - Nordeste,22130,4 - 20001 até 50000,Não,Sim,Sim,-,Sim,Possui ônibus local (via intermunicipal que circula internamente),Pendente,,,
2932804,Utinga,BA,2 - Nordeste,16691,3 - 10001 até 20000,Não,Sim,Sim,-,Sim,Possui ônibus local (via intermunicipal que circula internamente),Pendente,,,
2932903,Valença,BA,2 - Nordeste,90028,5 - 50001 até 100000,Sim,Sim,Sim,Sem adaptação,Sim,Possui ônibus urbano (intramunicipal),Pendente,,,
2933000,Valente,BA,2 - Nordeste,25126,4 - 20001 até 50000,Não,Sim,Sim,-,Sim,Possui ônibus local (via intermunicipal que circula internamente),Pendente,,,
2933059,Várzea da Roça,BA,2 - Nordeste,14279,3 - 10001 até 20000,Não,Sim,Não,-,Não,Só ônibus intermunicipal (sem circulação interna),Pendente,,,
2933109,Várzea do Poço,BA,2 - Nordeste,8344,2 - 5001 até 10000,Não,Sim,Sim,-,Sim,Possui ônibus local (via intermunicipal que circula internamente),Pendente,,,
2933158,Várzea Nova,BA,2 - Nordeste,13847,3 - 10001 até 20000,Não,Sim,Não,-,Não,Só ônibus intermunicipal (sem circulação interna),Pendente,,,
2933174,Varzedo,BA,2 - Nordeste,10296,3 - 10001 até 20000,Não,Sim,Sim,-,Sim,Possui ônibus local (via intermunicipal que circula internamente),Pendente,,,
2933208,Vera Cruz,BA,2 - Nordeste,44978,4 - 20001 até 50000,Sim,Não,-,Parcialmente adaptada,Sim,Possui ônibus urbano (intramunicipal),Pendente,,,
2933257,Vereda,BA,2 - Nordeste,6171,2 - 5001 até 10000,Não,Sim,Sim,-,Sim,Possui ônibus local (via intermunicipal que circula internamente),Pendente,,,
2933307,Vitória da Conquista,BA,2 - Nordeste,394024,6 - 100001 até 500000,Sim,Sim,Não,Totalmente adaptada,Sim,Possui ônibus urbano (intramunicipal),Confirmado,Cidade de grande porte com sistema de transporte público municipal/metropolitano amplamente documentado (prefeitura/consórcio de transporte),2026-08-07,Município de grande população (>280 mil hab.) com sistema de ônibus consolidado e publicamente conhecido; dado do MUNIC 2024 já indicava 'Sim' corretamente.
2933406,Wagner,BA,2 - Nordeste,9847,2 - 5001 até 10000,Não,Sim,Não,-,Não,Só ônibus intermunicipal (sem circulação interna),Pendente,,,
2933455,Wanderley,BA,2 - Nordeste,13436,3 - 10001 até 20000,Não,Sim,Não,-,Não,Só ônibus intermunicipal (sem circulação interna),Pendente,,,
2933505,Wenceslau Guimarães,BA,2 - Nordeste,25430,4 - 20001 até 50000,Não,Sim,Não,-,Não,Só ônibus intermunicipal (sem circulação interna),Pendente,,,
2933604,Xique-Xique,BA,2 - Nordeste,46979,4 - 20001 até 50000,Não,Não,-,-,Não,Não possui transporte coletivo por ônibus,Sem fonte encontrada,,2026-08-07,Apenas informações sobre rodoviária intermunicipal; sem fonte específica sobre ônibus urbano. Mantido dado original do MUNIC.
3100104,Abadia dos Dourados,MG,3 - Sudeste,6365,2 - 5001 até 10000,Não,Sim,Não,-,Não,Só ônibus intermunicipal (sem circulação interna),Pendente,,,
3100203,Abaeté,MG,3 - Sudeste,23161,4 - 20001 até 50000,Sim,Sim,Sim,Totalmente adaptada,Sim,Possui ônibus urbano (intramunicipal),Pendente,,,
3100302,Abre Campo,MG,3 - Sudeste,14312,3 - 10001 até 20000,Sim,Sim,Sim,Totalmente adaptada,Sim,Possui ônibus urbano (intramunicipal),Pendente,,,
3100401,Acaiaca,MG,3 - Sudeste,3997,1 - Até 5000,Não,Sim,Não,-,Não,Só ônibus intermunicipal (sem circulação interna),Pendente,,,
3100500,Açucena,MG,3 - Sudeste,8995,2 - 5001 até 10000,Sim,Sim,Sim,Parcialmente adaptada,Sim,Possui ônibus urbano (intramunicipal),Pendente,,,
3100609,Água Boa,MG,3 - Sudeste,12545,3 - 10001 até 20000,Não,Sim,Sim,-,Sim,Possui ônibus local (via intermunicipal que circula internamente),Pendente,,,
3100708,Água Comprida,MG,3 - Sudeste,2165,1 - Até 5000,Não,Não,-,-,Não,Não possui transporte coletivo por ônibus,Pendente,,,
3100807,Aguanil,MG,3 - Sudeste,4490,1 - Até 5000,Não,Sim,Sim,-,Sim,Possui ônibus local (via intermunicipal que circula internamente),Pendente,,,
3100906,Águas Formosas,MG,3 - Sudeste,18841,3 - 10001 até 20000,Não,Sim,Não,-,Não,Só ônibus intermunicipal (sem circulação interna),Pendente,,,
3101003,Águas Vermelhas,MG,3 - Sudeste,14486,3 - 10001 até 20000,Não,Sim,Sim,-,Sim,Possui ônibus local (via intermunicipal que circula internamente),Pendente,,,
3101102,Aimorés,MG,3 - Sudeste,26165,4 - 20001 até 50000,Sim,Sim,Sim,Sem adaptação,Sim,Possui ônibus urbano (intramunicipal),Pendente,,,
3101201,Aiuruoca,MG,3 - Sudeste,6382,2 - 5001 até 10000,Não,Sim,Não,-,Não,Só ônibus intermunicipal (sem circulação interna),Pendente,,,
3101300,Alagoa,MG,3 - Sudeste,2816,1 - Até 5000,Não,Sim,Não,-,Não,Só ônibus intermunicipal (sem circulação interna),Pendente,,,
3101409,Albertina,MG,3 - Sudeste,3023,1 - Até 5000,Não,Sim,Não,-,Não,Só ônibus intermunicipal (sem circulação interna),Pendente,,,
3101508,Além Paraíba,MG,3 - Sudeste,31333,4 - 20001 até 50000,Sim,Sim,Sim,Parcialmente adaptada,Sim,Possui ônibus urbano (intramunicipal),Pendente,,,
3101607,Alfenas,MG,3 - Sudeste,81950,5 - 50001 até 100000,Sim,Sim,Sim,Totalmente adaptada,Sim,Possui ônibus urbano (intramunicipal),Pendente,,,
3101631,Alfredo Vasconcelos,MG,3 - Sudeste,7184,2 - 5001 até 10000,Sim,Sim,Sim,Parcialmente adaptada,Sim,Possui ônibus urbano (intramunicipal),Pendente,,,
3101706,Almenara,MG,3 - Sudeste,41894,4 - 20001 até 50000,Não,Sim,Sim,-,Sim,Possui ônibus local (via intermunicipal que circula internamente),Pendente,,,
3101805,Alpercata,MG,3 - Sudeste,7029,2 - 5001 até 10000,Não,Sim,Sim,-,Sim,Possui ônibus local (via intermunicipal que circula internamente),Pendente,,,
3101904,Alpinópolis,MG,3 - Sudeste,18672,3 - 10001 até 20000,Não,Sim,Não,-,Não,Só ônibus intermunicipal (sem circulação interna),Pendente,,,
3102001,Alterosa,MG,3 - Sudeste,14253,3 - 10001 até 20000,Não,Sim,Sim,-,Sim,Possui ônibus local (via intermunicipal que circula internamente),Pendente,,,
3102050,Alto Caparaó,MG,3 - Sudeste,5982,2 - 5001 até 10000,Não,Sim,Não,-,Não,Só ônibus intermunicipal (sem circulação interna),Pendente,,,
3102100,Alto Rio Doce,MG,3 - Sudeste,10994,3 - 10001 até 20000,Sim,Sim,Não,Parcialmente adaptada,Sim,Possui ônibus urbano (intramunicipal),Pendente,,,
3102209,Alvarenga,MG,3 - Sudeste,4012,1 - Até 5000,Não,Sim,Não,-,Não,Só ônibus intermunicipal (sem circulação interna),Pendente,,,
3102308,Alvinópolis,MG,3 - Sudeste,15360,3 - 10001 até 20000,Sim,Sim,Não,Sem adaptação,Sim,Possui ônibus urbano (intramunicipal),Pendente,,,
3102407,Alvorada de Minas,MG,3 - Sudeste,4322,1 - Até 5000,Não,Sim,Sim,-,Sim,Possui ônibus local (via intermunicipal que circula internamente),Pendente,,,
3102506,Amparo do Serra,MG,3 - Sudeste,4595,1 - Até 5000,Não,Sim,Sim,-,Sim,Possui ônibus local (via intermunicipal que circula internamente),Pendente,,,
3102605,Andradas,MG,3 - Sudeste,42282,4 - 20001 até 50000,Sim,Sim,Não,Parcialmente adaptada,Sim,Possui ônibus urbano (intramunicipal),Pendente,,,
3102704,Cachoeira de Pajeú,MG,3 - Sudeste,9333,2 - 5001 até 10000,Não,Sim,Sim,-,Sim,Possui ônibus local (via intermunicipal que circula internamente),Pendente,,,
3102803,Andrelândia,MG,3 - Sudeste,12169,3 - 10001 até 20000,Sim,Sim,Não,Totalmente adaptada,Sim,Possui ônibus urbano (intramunicipal),Pendente,,,
3102852,Angelândia,MG,3 - Sudeste,7860,2 - 5001 até 10000,Não,Sim,Não,-,Não,Só ônibus intermunicipal (sem circulação interna),Pendente,,,
3102902,Antônio Carlos,MG,3 - Sudeste,11345,3 - 10001 até 20000,Não,Sim,Sim,-,Sim,Possui ônibus local (via intermunicipal que circula internamente),Pendente,,,
3103009,Antônio Dias,MG,3 - Sudeste,9388,2 - 5001 até 10000,Não,Sim,Não,-,Não,Só ônibus intermunicipal (sem circulação interna),Pendente,,,
3103108,Antônio Prado de Minas,MG,3 - Sudeste,1558,1 - Até 5000,Não,Não,-,-,Não,Não possui transporte coletivo por ônibus,Pendente,,,
3103207,Araçaí,MG,3 - Sudeste,2224,1 - Até 5000,Sim,Sim,Não,Parcialmente adaptada,Sim,Possui ônibus urbano (intramunicipal),Pendente,,,
3103306,Aracitaba,MG,3 - Sudeste,2095,1 - Até 5000,Não,Sim,Não,-,Não,Só ônibus intermunicipal (sem circulação interna),Pendente,,,
3103405,Araçuaí,MG,3 - Sudeste,35250,4 - 20001 até 50000,Sim,Sim,Sim,Parcialmente adaptada,Sim,Possui ônibus urbano (intramunicipal),Pendente,,,
3103504,Araguari,MG,3 - Sudeste,122874,6 - 100001 até 500000,Sim,Sim,Não,Totalmente adaptada,Sim,Possui ônibus urbano (intramunicipal),Pendente,,,
3103603,Arantina,MG,3 - Sudeste,2991,1 - Até 5000,Não,Sim,Não,-,Não,Só ônibus intermunicipal (sem circulação interna),Pendente,,,
3103702,Araponga,MG,3 - Sudeste,8218,2 - 5001 até 10000,Sim,Sim,Sim,Parcialmente adaptada,Sim,Possui ônibus urbano (intramunicipal),Pendente,,,
3103751,Araporã,MG,3 - Sudeste,8935,2 - 5001 até 10000,Não,Sim,Não,-,Não,Só ônibus intermunicipal (sem circulação interna),Pendente,,,
3103801,Arapuá,MG,3 - Sudeste,2674,1 - Até 5000,Não,Sim,Não,-,Não,Só ônibus intermunicipal (sem circulação interna),Pendente,,,
3103900,Araújos,MG,3 - Sudeste,9556,2 - 5001 até 10000,Não,Sim,Sim,-,Sim,Possui ônibus local (via intermunicipal que circula internamente),Pendente,,,
3104007,Araxá,MG,3 - Sudeste,117677,6 - 100001 até 500000,Sim,Sim,Não,Totalmente adaptada,Sim,Possui ônibus urbano (intramunicipal),Pendente,,,
3104106,Arceburgo,MG,3 - Sudeste,9348,2 - 5001 até 10000,Sim,Sim,Não,Sem adaptação,Sim,Possui ônibus urbano (intramunicipal),Pendente,,,
3104205,Arcos,MG,3 - Sudeste,43348,4 - 20001 até 50000,Sim,Sim,Sim,Totalmente adaptada,Sim,Possui ônibus urbano (intramunicipal),Pendente,,,
3104304,Areado,MG,3 - Sudeste,14212,3 - 10001 até 20000,Não,Sim,Não,-,Não,Só ônibus intermunicipal (sem circulação interna),Pendente,,,
3104403,Argirita,MG,3 - Sudeste,2725,1 - Até 5000,Não,Sim,Sim,-,Sim,Possui ônibus local (via intermunicipal que circula internamente),Pendente,,,
3104452,Aricanduva,MG,3 - Sudeste,4820,1 - Até 5000,Não,Sim,Não,-,Não,Só ônibus intermunicipal (sem circulação interna),Pendente,,,
3104502,Arinos,MG,3 - Sudeste,17598,3 - 10001 até 20000,Não,Sim,Não,-,Não,Só ônibus intermunicipal (sem circulação interna),Pendente,,,
3104601,Astolfo Dutra,MG,3 - Sudeste,14565,3 - 10001 até 20000,Não,Sim,Não,-,Não,Só ônibus intermunicipal (sem circulação interna),Pendente,,,
3104700,Ataléia,MG,3 - Sudeste,13967,3 - 10001 até 20000,Sim,Sim,Não,Sem adaptação,Sim,Possui ônibus urbano (intramunicipal),Pendente,,,
3104809,Augusto de Lima,MG,3 - Sudeste,4593,1 - Até 5000,Não,Sim,Sim,-,Sim,Possui ônibus local (via intermunicipal que circula internamente),Pendente,,,
3104908,Baependi,MG,3 - Sudeste,18768,3 - 10001 até 20000,Sim,Sim,Não,Sem adaptação,Sim,Possui ônibus urbano (intramunicipal),Pendente,,,
3105004,Baldim,MG,3 - Sudeste,7614,2 - 5001 até 10000,Não,Sim,Sim,-,Sim,Possui ônibus local (via intermunicipal que circula internamente),Pendente,,,
3105103,Bambuí,MG,3 - Sudeste,24144,4 - 20001 até 50000,Sim,Sim,Sim,Parcialmente adaptada,Sim,Possui ônibus urbano (intramunicipal),Pendente,,,
3105202,Bandeira,MG,3 - Sudeste,4821,1 - Até 5000,Não,Não,-,-,Não,Não possui transporte coletivo por ônibus,Sem fonte encontrada,"Resultados majoritariamente confundidos com Bandeira do Sul-MG (homônimo parcial), nada específico sobre Bandeira-MG",2026-08-13,"Confusão com Bandeira do Sul-MG, sem evidência válida"
3105301,Bandeira do Sul,MG,3 - Sudeste,6146,2 - 5001 até 10000,Sim,Sim,Não,Parcialmente adaptada,Sim,Possui ônibus urbano (intramunicipal),Pendente,,,
3105400,Barão de Cocais,MG,3 - Sudeste,32095,4 - 20001 até 50000,Sim,Sim,Não,Parcialmente adaptada,Sim,Possui ônibus urbano (intramunicipal),Pendente,,,
3105509,Barão de Monte Alto,MG,3 - Sudeste,4991,1 - Até 5000,Sim,Sim,Sim,Parcialmente adaptada,Sim,Possui ônibus urbano (intramunicipal),Pendente,,,
3105608,Barbacena,MG,3 - Sudeste,129630,6 - 100001 até 500000,Sim,Sim,Sim,Totalmente adaptada,Sim,Possui ônibus urbano (intramunicipal),Pendente,,,
3105707,Barra Longa,MG,3 - Sudeste,5740,2 - 5001 até 10000,Sim,Sim,Sim,Sem adaptação,Sim,Possui ônibus urbano (intramunicipal),Pendente,,,
3105905,Barroso,MG,3 - Sudeste,20566,4 - 20001 até 50000,Sim,Sim,Sim,Parcialmente adaptada,Sim,Possui ônibus urbano (intramunicipal),Pendente,,,
3106002,Bela Vista de Minas,MG,3 - Sudeste,10412,3 - 10001 até 20000,Sim,Sim,Sim,Parcialmente adaptada,Sim,Possui ônibus urbano (intramunicipal),Pendente,,,
3106101,Belmiro Braga,MG,3 - Sudeste,3299,1 - Até 5000,Sim,Sim,Sim,Sem adaptação,Sim,Possui ônibus urbano (intramunicipal),Pendente,,,
3106200,Belo Horizonte,MG,3 - Sudeste,2416339,7 - Maior que 500000,Sim,Sim,Sim,Totalmente adaptada,Sim,Possui ônibus urbano (intramunicipal),Confirmado,Sistema de transporte público municipal amplamente documentado (site da prefeitura/empresa de transporte municipal),2026-08-07,Capital estadual com sistema de ônibus urbano consolidado e publicamente conhecido; dado do MUNIC 2024 já indicava 'Sim' corretamente.
3106309,Belo Oriente,MG,3 - Sudeste,24503,4 - 20001 até 50000,Sim,Sim,Sim,Parcialmente adaptada,Sim,Possui ônibus urbano (intramunicipal),Pendente,,,
3106408,Belo Vale,MG,3 - Sudeste,8946,2 - 5001 até 10000,Sim,Sim,Não,Totalmente adaptada,Sim,Possui ônibus urbano (intramunicipal),Pendente,,,
3106507,Berilo,MG,3 - Sudeste,9769,2 - 5001 até 10000,Sim,Sim,Não,Sem adaptação,Sim,Possui ônibus urbano (intramunicipal),Pendente,,,
3106606,Bertópolis,MG,3 - Sudeste,4546,1 - Até 5000,Não,Sim,Não,-,Não,Só ônibus intermunicipal (sem circulação interna),Pendente,,,
3106655,Berizal,MG,3 - Sudeste,4277,1 - Até 5000,Não,Sim,Não,-,Não,Só ônibus intermunicipal (sem circulação interna),Pendente,,,
3106705,Betim,MG,3 - Sudeste,429236,6 - 100001 até 500000,Sim,Sim,Sim,Totalmente adaptada,Sim,Possui ônibus urbano (intramunicipal),Confirmado,Cidade de grande porte com sistema de transporte público municipal/metropolitano amplamente documentado (prefeitura/consórcio de transporte),2026-08-07,Município de grande população (>280 mil hab.) com sistema de ônibus consolidado e publicamente conhecido; dado do MUNIC 2024 já indicava 'Sim' corretamente.
3106804,Bias Fortes,MG,3 - Sudeste,3388,1 - Até 5000,Não,Sim,Não,-,Não,Só ônibus intermunicipal (sem circulação interna),Pendente,,,
3106903,Bicas,MG,3 - Sudeste,14331,3 - 10001 até 20000,Sim,Sim,Sim,Parcialmente adaptada,Sim,Possui ônibus urbano (intramunicipal),Pendente,,,
3107000,Biquinhas,MG,3 - Sudeste,2409,1 - Até 5000,Não,Sim,Sim,-,Sim,Possui ônibus local (via intermunicipal que circula internamente),Pendente,,,
3107109,Boa Esperança,MG,3 - Sudeste,41332,4 - 20001 até 50000,Sim,Sim,Não,Parcialmente adaptada,Sim,Possui ônibus urbano (intramunicipal),Pendente,,,
3107208,Bocaina de Minas,MG,3 - Sudeste,5508,2 - 5001 até 10000,Não,Sim,Sim,-,Sim,Possui ônibus local (via intermunicipal que circula internamente),Pendente,,,
3107307,Bocaiúva,MG,3 - Sudeste,49668,4 - 20001 até 50000,Não,Sim,Sim,-,Sim,Possui ônibus local (via intermunicipal que circula internamente),Pendente,,,
3107406,Bom Despacho,MG,3 - Sudeste,53995,5 - 50001 até 100000,Sim,Sim,Sim,Totalmente adaptada,Sim,Possui ônibus urbano (intramunicipal),Pendente,,,
3107505,Bom Jardim de Minas,MG,3 - Sudeste,6968,2 - 5001 até 10000,Sim,Sim,Não,Parcialmente adaptada,Sim,Possui ônibus urbano (intramunicipal),Pendente,,,
3107604,Bom Jesus da Penha,MG,3 - Sudeste,4642,1 - Até 5000,Não,Sim,Não,-,Não,Só ônibus intermunicipal (sem circulação interna),Pendente,,,
3107703,Bom Jesus do Amparo,MG,3 - Sudeste,5775,2 - 5001 até 10000,Não,Sim,Sim,-,Sim,Possui ônibus local (via intermunicipal que circula internamente),Pendente,,,
3107802,Bom Jesus do Galho,MG,3 - Sudeste,14756,3 - 10001 até 20000,Sim,Sim,Não,Sem adaptação,Sim,Possui ônibus urbano (intramunicipal),Pendente,,,
3107901,Bom Repouso,MG,3 - Sudeste,13183,3 - 10001 até 20000,Não,Sim,Não,-,Não,Só ônibus intermunicipal (sem circulação interna),Pendente,,,
3108008,Bom Sucesso,MG,3 - Sudeste,17510,3 - 10001 até 20000,Sim,Sim,Não,Parcialmente adaptada,Sim,Possui ônibus urbano (intramunicipal),Pendente,,,
3108107,Bonfim,MG,3 - Sudeste,7672,2 - 5001 até 10000,Não,Sim,Sim,-,Sim,Possui ônibus local (via intermunicipal que circula internamente),Pendente,,,
3108206,Bonfinópolis de Minas,MG,3 - Sudeste,5615,2 - 5001 até 10000,Não,Sim,Não,-,Não,Só ônibus intermunicipal (sem circulação interna),Pendente,,,
3108255,Bonito de Minas,MG,3 - Sudeste,10491,3 - 10001 até 20000,Não,Sim,Sim,-,Sim,Possui ônibus local (via intermunicipal que circula internamente),Pendente,,,
3108305,Borda da Mata,MG,3 - Sudeste,17811,3 - 10001 até 20000,Sim,Sim,Não,Parcialmente adaptada,Sim,Possui ônibus urbano (intramunicipal),Pendente,,,
3108404,Botelhos,MG,3 - Sudeste,15137,3 - 10001 até 20000,Sim,Sim,Não,Sem adaptação,Sim,Possui ônibus urbano (intramunicipal),Pendente,,,
3108503,Botumirim,MG,3 - Sudeste,5841,2 - 5001 até 10000,Não,Sim,Não,-,Não,Só ônibus intermunicipal (sem circulação interna),Pendente,,,
3108552,Brasilândia de Minas,MG,3 - Sudeste,15432,3 - 10001 até 20000,Não,Sim,Não,-,Não,Só ônibus intermunicipal (sem circulação interna),Pendente,,,
3108602,Brasília de Minas,MG,3 - Sudeste,33188,4 - 20001 até 50000,Sim,Sim,Sim,Parcialmente adaptada,Sim,Possui ônibus urbano (intramunicipal),Pendente,,,
3108701,Brás Pires,MG,3 - Sudeste,4314,1 - Até 5000,Não,Sim,Não,-,Não,Só ônibus intermunicipal (sem circulação interna),Pendente,,,
3108800,Braúnas,MG,3 - Sudeste,4475,1 - Até 5000,Não,Sim,Não,-,Não,Só ônibus intermunicipal (sem circulação interna),Pendente,,,
3108909,Brazópolis,MG,3 - Sudeste,14506,3 - 10001 até 20000,Sim,Sim,Sim,Parcialmente adaptada,Sim,Possui ônibus urbano (intramunicipal),Pendente,,,
3109006,Brumadinho,MG,3 - Sudeste,40777,4 - 20001 até 50000,Sim,Sim,Sim,Totalmente adaptada,Sim,Possui ônibus urbano (intramunicipal),Pendente,,,
3109105,Bueno Brandão,MG,3 - Sudeste,11161,3 - 10001 até 20000,Não,Sim,Não,-,Não,Só ônibus intermunicipal (sem circulação interna),Pendente,,,
3109204,Buenópolis,MG,3 - Sudeste,9229,2 - 5001 até 10000,Não,Sim,Não,-,Não,Só ônibus intermunicipal (sem circulação interna),Pendente,,,
3109253,Bugre,MG,3 - Sudeste,4149,1 - Até 5000,Não,Sim,Sim,-,Sim,Possui ônibus local (via intermunicipal que circula internamente),Pendente,,,
3109303,Buritis,MG,3 - Sudeste,24693,4 - 20001 até 50000,Não,Sim,Não,-,Não,Só ônibus intermunicipal (sem circulação interna),Pendente,,,
3109402,Buritizeiro,MG,3 - Sudeste,24068,4 - 20001 até 50000,Não,Sim,Sim,-,Sim,Possui ônibus local (via intermunicipal que circula internamente),Pendente,,,
3109451,Cabeceira Grande,MG,3 - Sudeste,6797,2 - 5001 até 10000,Não,Sim,Não,-,Não,Só ônibus intermunicipal (sem circulação interna),Pendente,,,
3109501,Cabo Verde,MG,3 - Sudeste,11396,3 - 10001 até 20000,Sim,Sim,Não,Parcialmente adaptada,Sim,Possui ônibus urbano (intramunicipal),Pendente,,,
3109600,Cachoeira da Prata,MG,3 - Sudeste,3781,1 - Até 5000,Não,Sim,Não,-,Não,Só ônibus intermunicipal (sem circulação interna),Pendente,,,
3109709,Cachoeira de Minas,MG,3 - Sudeste,12248,3 - 10001 até 20000,Não,Sim,Sim,-,Sim,Possui ônibus local (via intermunicipal que circula internamente),Pendente,,,
3109808,Cachoeira Dourada,MG,3 - Sudeste,2346,1 - Até 5000,Não,Sim,Não,-,Não,Só ônibus intermunicipal (sem circulação interna),Pendente,,,
3109907,Caetanópolis,MG,3 - Sudeste,11832,3 - 10001 até 20000,Não,Sim,Não,-,Não,Só ônibus intermunicipal (sem circulação interna),Pendente,,,
3110004,Caeté,MG,3 - Sudeste,39850,4 - 20001 até 50000,Sim,Sim,Não,Parcialmente adaptada,Sim,Possui ônibus urbano (intramunicipal),Pendente,,,
3110103,Caiana,MG,3 - Sudeste,5463,2 - 5001 até 10000,Não,Sim,Não,-,Não,Só ônibus intermunicipal (sem circulação interna),Pendente,,,
3110202,Cajuri,MG,3 - Sudeste,4186,1 - Até 5000,Sim,Sim,Sim,Parcialmente adaptada,Sim,Possui ônibus urbano (intramunicipal),Pendente,,,
3110301,Caldas,MG,3 - Sudeste,14588,3 - 10001 até 20000,Sim,Sim,Sim,Sem adaptação,Sim,Possui ônibus urbano (intramunicipal),Pendente,,,
3110400,Camacho,MG,3 - Sudeste,2867,1 - Até 5000,Não,Sim,Sim,-,Sim,Possui ônibus local (via intermunicipal que circula internamente),Pendente,,,
3110509,Camanducaia,MG,3 - Sudeste,27551,4 - 20001 até 50000,Sim,Sim,Sim,Parcialmente adaptada,Sim,Possui ônibus urbano (intramunicipal),Pendente,,,
3110608,Cambuí,MG,3 - Sudeste,30870,4 - 20001 até 50000,Sim,Sim,Sim,Sem adaptação,Sim,Possui ônibus urbano (intramunicipal),Pendente,,,
3110707,Cambuquira,MG,3 - Sudeste,12560,3 - 10001 até 20000,Sim,Sim,Sim,Sem adaptação,Sim,Possui ônibus urbano (intramunicipal),Pendente,,,
3110806,Campanário,MG,3 - Sudeste,2917,1 - Até 5000,Não,Sim,Não,-,Não,Só ônibus intermunicipal (sem circulação interna),Pendente,,,
3110905,Campanha,MG,3 - Sudeste,16334,3 - 10001 até 20000,Sim,Sim,Não,Sem adaptação,Sim,Possui ônibus urbano (intramunicipal),Pendente,,,
3111002,Campestre,MG,3 - Sudeste,21143,4 - 20001 até 50000,Não,Sim,Não,-,Não,Só ônibus intermunicipal (sem circulação interna),Pendente,,,
3111101,Campina Verde,MG,3 - Sudeste,18250,3 - 10001 até 20000,Não,Sim,Não,-,Não,Só ônibus intermunicipal (sem circulação interna),Pendente,,,
3111150,Campo Azul,MG,3 - Sudeste,3802,1 - Até 5000,Sim,Sim,Não,Sem adaptação,Sim,Possui ônibus urbano (intramunicipal),Pendente,,,
3111200,Campo Belo,MG,3 - Sudeste,53943,5 - 50001 até 100000,Sim,Sim,Não,Totalmente adaptada,Sim,Possui ônibus urbano (intramunicipal),Pendente,,,
3111309,Campo do Meio,MG,3 - Sudeste,11624,3 - 10001 até 20000,Não,Sim,Não,-,Não,Só ônibus intermunicipal (sem circulação interna),Pendente,,,
3111408,Campo Florido,MG,3 - Sudeste,8838,2 - 5001 até 10000,Não,Não,-,-,Não,Não possui transporte coletivo por ônibus,Sem fonte encontrada,Texto genérico/templado sobre locomoção a pé/táxi (Campo Florido-MG),2026-08-08,"Texto padronizado/genérico, sem menção confiável a ônibus urbano"
3111507,Campos Altos,MG,3 - Sudeste,13136,3 - 10001 até 20000,Não,Sim,Não,-,Não,Só ônibus intermunicipal (sem circulação interna),Pendente,,,
3111606,Campos Gerais,MG,3 - Sudeste,26809,4 - 20001 até 50000,Sim,Sim,Não,Totalmente adaptada,Sim,Possui ônibus urbano (intramunicipal),Pendente,,,
3111705,Canaã,MG,3 - Sudeste,4832,1 - Até 5000,Não,Sim,Não,-,Não,Só ônibus intermunicipal (sem circulação interna),Pendente,,,
3111804,Canápolis,MG,3 - Sudeste,10755,3 - 10001 até 20000,Não,Sim,Não,-,Não,Só ônibus intermunicipal (sem circulação interna),Pendente,,,
3111903,Cana Verde,MG,3 - Sudeste,5356,2 - 5001 até 10000,Não,Sim,Sim,-,Sim,Possui ônibus local (via intermunicipal que circula internamente),Pendente,,,
3112000,Candeias,MG,3 - Sudeste,14236,3 - 10001 até 20000,Não,Sim,Sim,-,Sim,Possui ônibus local (via intermunicipal que circula internamente),Pendente,,,
3112059,Cantagalo,MG,3 - Sudeste,4039,1 - Até 5000,Sim,Sim,Não,Parcialmente adaptada,Sim,Possui ônibus urbano (intramunicipal),Pendente,,,
3112109,Caparaó,MG,3 - Sudeste,5144,2 - 5001 até 10000,Não,Sim,Não,-,Não,Só ônibus intermunicipal (sem circulação interna),Pendente,,,
3112208,Capela Nova,MG,3 - Sudeste,4416,1 - Até 5000,Sim,Sim,Sim,Sem adaptação,Sim,Possui ônibus urbano (intramunicipal),Pendente,,,
3112307,Capelinha,MG,3 - Sudeste,41536,4 - 20001 até 50000,Sim,Sim,Sim,Sem adaptação,Sim,Possui ônibus urbano (intramunicipal),Pendente,,,
3112406,Capetinga,MG,3 - Sudeste,6652,2 - 5001 até 10000,Não,Sim,Sim,-,Sim,Possui ônibus local (via intermunicipal que circula internamente),Pendente,,,
3112505,Capim Branco,MG,3 - Sudeste,11105,3 - 10001 até 20000,Não,Sim,Sim,-,Sim,Possui ônibus local (via intermunicipal que circula internamente),Pendente,,,
3112604,Capinópolis,MG,3 - Sudeste,14899,3 - 10001 até 20000,Não,Sim,Não,-,Não,Só ônibus intermunicipal (sem circulação interna),Pendente,,,
3112653,Capitão Andrade,MG,3 - Sudeste,4650,1 - Até 5000,Não,Sim,Não,-,Não,Só ônibus intermunicipal (sem circulação interna),Pendente,,,
3112703,Capitão Enéas,MG,3 - Sudeste,14401,3 - 10001 até 20000,Não,Sim,Sim,-,Sim,Possui ônibus local (via intermunicipal que circula internamente),Pendente,,,
3112802,Capitólio,MG,3 - Sudeste,10863,3 - 10001 até 20000,Sim,Sim,Sim,Parcialmente adaptada,Sim,Possui ônibus urbano (intramunicipal),Pendente,,,
3112901,Caputira,MG,3 - Sudeste,9128,2 - 5001 até 10000,Não,Sim,Sim,-,Sim,Possui ônibus local (via intermunicipal que circula internamente),Pendente,,,
3113008,Caraí,MG,3 - Sudeste,19654,3 - 10001 até 20000,Sim,Sim,Não,Sem adaptação,Sim,Possui ônibus urbano (intramunicipal),Pendente,,,
3113107,Caranaíba,MG,3 - Sudeste,2960,1 - Até 5000,Não,Sim,Sim,-,Sim,Possui ônibus local (via intermunicipal que circula internamente),Pendente,,,
3113206,Carandaí,MG,3 - Sudeste,24368,4 - 20001 até 50000,Sim,Sim,Sim,Parcialmente adaptada,Sim,Possui ônibus urbano (intramunicipal),Pendente,,,
3113305,Carangola,MG,3 - Sudeste,32165,4 - 20001 até 50000,Sim,Sim,Sim,Parcialmente adaptada,Sim,Possui ônibus urbano (intramunicipal),Pendente,,,
3113404,Caratinga,MG,3 - Sudeste,90687,5 - 50001 até 100000,Sim,Sim,Sim,Totalmente adaptada,Sim,Possui ônibus urbano (intramunicipal),Pendente,,,
3113503,Carbonita,MG,3 - Sudeste,8633,2 - 5001 até 10000,Não,Sim,Sim,-,Sim,Possui ônibus local (via intermunicipal que circula internamente),Pendente,,,
3113602,Careaçu,MG,3 - Sudeste,7029,2 - 5001 até 10000,Não,Sim,Sim,-,Sim,Possui ônibus local (via intermunicipal que circula internamente),Pendente,,,
3113701,Carlos Chagas,MG,3 - Sudeste,18852,3 - 10001 até 20000,Sim,Sim,Sim,Parcialmente adaptada,Sim,Possui ônibus urbano (intramunicipal),Pendente,,,
3113800,Carmésia,MG,3 - Sudeste,2682,1 - Até 5000,Sim,Sim,Não,Sem adaptação,Sim,Possui ônibus urbano (intramunicipal),Pendente,,,
3113909,Carmo da Cachoeira,MG,3 - Sudeste,11776,3 - 10001 até 20000,Não,Sim,Não,-,Não,Só ônibus intermunicipal (sem circulação interna),Pendente,,,
3114006,Carmo da Mata,MG,3 - Sudeste,11279,3 - 10001 até 20000,Não,Sim,Sim,-,Sim,Possui ônibus local (via intermunicipal que circula internamente),Pendente,,,
3114105,Carmo de Minas,MG,3 - Sudeste,14114,3 - 10001 até 20000,Não,Sim,Sim,-,Sim,Possui ônibus local (via intermunicipal que circula internamente),Pendente,,,
3114204,Carmo do Cajuru,MG,3 - Sudeste,24376,4 - 20001 até 50000,Não,Sim,Não,-,Não,Só ônibus intermunicipal (sem circulação interna),Pendente,,,
3114303,Carmo do Paranaíba,MG,3 - Sudeste,29899,4 - 20001 até 50000,Não,Sim,Sim,-,Sim,Possui ônibus local (via intermunicipal que circula internamente),Pendente,,,
3114402,Carmo do Rio Claro,MG,3 - Sudeste,21464,4 - 20001 até 50000,Não,Sim,Não,-,Não,Só ônibus intermunicipal (sem circulação interna),Pendente,,,
3114501,Carmópolis de Minas,MG,3 - Sudeste,18498,3 - 10001 até 20000,Sim,Sim,Não,Parcialmente adaptada,Sim,Possui ônibus urbano (intramunicipal),Pendente,,,
3114550,Carneirinho,MG,3 - Sudeste,9630,2 - 5001 até 10000,Sim,Não,-,Sem adaptação,Sim,Possui ônibus urbano (intramunicipal),Pendente,,,
3114600,Carrancas,MG,3 - Sudeste,4153,1 - Até 5000,Sim,Sim,Não,Sem adaptação,Sim,Possui ônibus urbano (intramunicipal),Pendente,,,
3114709,Carvalhópolis,MG,3 - Sudeste,3417,1 - Até 5000,Não,Sim,Sim,-,Sim,Possui ônibus local (via intermunicipal que circula internamente),Pendente,,,
3114808,Carvalhos,MG,3 - Sudeste,4507,1 - Até 5000,Não,Não,-,-,Não,Não possui transporte coletivo por ônibus,Sem fonte encontrada,Buscas retornaram apenas rodoviária intermunicipal (Carvalhos-MG),2026-08-13,Nenhuma evidência específica de ônibus urbano intramunicipal encontrada
3114907,Casa Grande,MG,3 - Sudeste,2260,1 - Até 5000,Não,Sim,Não,-,Não,Só ônibus intermunicipal (sem circulação interna),Pendente,,,
3115003,Cascalho Rico,MG,3 - Sudeste,2757,1 - Até 5000,Não,Não,-,-,Não,Não possui transporte coletivo por ônibus,Pendente,,,
3115102,Cássia,MG,3 - Sudeste,17495,3 - 10001 até 20000,Sim,Sim,Não,Parcialmente adaptada,Sim,Possui ônibus urbano (intramunicipal),Pendente,,,
3115201,Conceição da Barra de Minas,MG,3 - Sudeste,3596,1 - Até 5000,Não,Sim,Sim,-,Sim,Possui ônibus local (via intermunicipal que circula internamente),Pendente,,,
3115300,Cataguases,MG,3 - Sudeste,67872,5 - 50001 até 100000,Sim,Sim,Não,Totalmente adaptada,Sim,Possui ônibus urbano (intramunicipal),Pendente,,,
3115359,Catas Altas,MG,3 - Sudeste,5668,2 - 5001 até 10000,Não,Sim,Sim,-,Sim,Possui ônibus local (via intermunicipal que circula internamente),Pendente,,,
3115409,Catas Altas da Noruega,MG,3 - Sudeste,3141,1 - Até 5000,Sim,Sim,Sim,Sem adaptação,Sim,Possui ônibus urbano (intramunicipal),Pendente,,,
3115458,Catuji,MG,3 - Sudeste,7226,2 - 5001 até 10000,Não,Sim,Sim,-,Sim,Possui ônibus local (via intermunicipal que circula internamente),Pendente,,,
3115474,Catuti,MG,3 - Sudeste,4805,1 - Até 5000,Não,Sim,Sim,-,Sim,Possui ônibus local (via intermunicipal que circula internamente),Pendente,,,
3115508,Caxambu,MG,3 - Sudeste,21436,4 - 20001 até 50000,Sim,Sim,Não,Sem adaptação,Sim,Possui ônibus urbano (intramunicipal),Pendente,,,
3115607,Cedro do Abaeté,MG,3 - Sudeste,1091,1 - Até 5000,Não,Sim,Sim,-,Sim,Possui ônibus local (via intermunicipal que circula internamente),Pendente,,,
3115706,Central de Minas,MG,3 - Sudeste,6243,2 - 5001 até 10000,Não,Sim,Sim,-,Sim,Possui ônibus local (via intermunicipal que circula internamente),Pendente,,,
3115805,Centralina,MG,3 - Sudeste,10440,3 - 10001 até 20000,Não,Sim,Não,-,Não,Só ônibus intermunicipal (sem circulação interna),Pendente,,,
3115904,Chácara,MG,3 - Sudeste,3177,1 - Até 5000,Não,Sim,Não,-,Não,Só ônibus intermunicipal (sem circulação interna),Pendente,,,
3116001,Chalé,MG,3 - Sudeste,6261,2 - 5001 até 10000,Não,Sim,Sim,-,Sim,Possui ônibus local (via intermunicipal que circula internamente),Pendente,,,
3116100,Chapada do Norte,MG,3 - Sudeste,10024,3 - 10001 até 20000,Sim,Sim,Não,Parcialmente adaptada,Sim,Possui ônibus urbano (intramunicipal),Pendente,,,
3116159,Chapada Gaúcha,MG,3 - Sudeste,12810,3 - 10001 até 20000,Não,Sim,Não,-,Não,Só ônibus intermunicipal (sem circulação interna),Pendente,,,
3116209,Chiador,MG,3 - Sudeste,2865,1 - Até 5000,Não,Sim,Sim,-,Sim,Possui ônibus local (via intermunicipal que circula internamente),Pendente,,,
3116308,Cipotânea,MG,3 - Sudeste,5599,2 - 5001 até 10000,Não,Sim,Não,-,Não,Só ônibus intermunicipal (sem circulação interna),Pendente,,,
3116407,Claraval,MG,3 - Sudeste,4777,1 - Até 5000,Não,Sim,Não,-,Não,Só ônibus intermunicipal (sem circulação interna),Pendente,,,
3116506,Claro dos Poções,MG,3 - Sudeste,7259,2 - 5001 até 10000,Não,Sim,Não,-,Não,Só ônibus intermunicipal (sem circulação interna),Pendente,,,
3116605,Cláudio,MG,3 - Sudeste,31665,4 - 20001 até 50000,Sim,Não,-,Parcialmente adaptada,Sim,Possui ônibus urbano (intramunicipal),Pendente,,,
3116704,Coimbra,MG,3 - Sudeste,7285,2 - 5001 até 10000,Não,Sim,Não,-,Não,Só ônibus intermunicipal (sem circulação interna),Pendente,,,
3116803,Coluna,MG,3 - Sudeste,8251,2 - 5001 até 10000,Não,Sim,Sim,-,Sim,Possui ônibus local (via intermunicipal que circula internamente),Pendente,,,
3116902,Comendador Gomes,MG,3 - Sudeste,2813,1 - Até 5000,Sim,Não,-,Totalmente adaptada,Sim,Possui ônibus urbano (intramunicipal),Pendente,,,
3117009,Comercinho,MG,3 - Sudeste,6627,2 - 5001 até 10000,Sim,Sim,Não,Sem adaptação,Sim,Possui ônibus urbano (intramunicipal),Pendente,,,
3117108,Conceição da Aparecida,MG,3 - Sudeste,10668,3 - 10001 até 20000,Não,Sim,Sim,-,Sim,Possui ônibus local (via intermunicipal que circula internamente),Pendente,,,
3117207,Conceição das Pedras,MG,3 - Sudeste,2837,1 - Até 5000,Não,Sim,Não,-,Não,Só ônibus intermunicipal (sem circulação interna),Pendente,,,
3117306,Conceição das Alagoas,MG,3 - Sudeste,29949,4 - 20001 até 50000,Sim,Sim,Não,Totalmente adaptada,Sim,Possui ônibus urbano (intramunicipal),Pendente,,,
3117405,Conceição de Ipanema,MG,3 - Sudeste,4503,1 - Até 5000,Não,Não,-,-,Não,Não possui transporte coletivo por ônibus,Sem fonte encontrada,Buscas retornaram apenas dados estaduais gerais de MG (Conceição de Ipanema-MG),2026-08-13,Nenhuma evidência específica de ônibus urbano intramunicipal encontrada
3117504,Conceição do Mato Dentro,MG,3 - Sudeste,24254,4 - 20001 até 50000,Sim,Sim,Sim,Totalmente adaptada,Sim,Possui ônibus urbano (intramunicipal),Pendente,,,
3117603,Conceição do Pará,MG,3 - Sudeste,5567,2 - 5001 até 10000,Não,Sim,Sim,-,Sim,Possui ônibus local (via intermunicipal que circula internamente),Pendente,,,
3117702,Conceição do Rio Verde,MG,3 - Sudeste,12780,3 - 10001 até 20000,Sim,Sim,Não,Totalmente adaptada,Sim,Possui ônibus urbano (intramunicipal),Pendente,,,
3117801,Conceição dos Ouros,MG,3 - Sudeste,11183,3 - 10001 até 20000,Sim,Sim,Não,Sem adaptação,Sim,Possui ônibus urbano (intramunicipal),Pendente,,,
3117836,Cônego Marinho,MG,3 - Sudeste,7420,2 - 5001 até 10000,Não,Sim,Não,-,Não,Só ônibus intermunicipal (sem circulação interna),Pendente,,,
3117876,Confins,MG,3 - Sudeste,7676,2 - 5001 até 10000,Não,Sim,Sim,-,Sim,Possui ônibus local (via intermunicipal que circula internamente),Pendente,,,
3117900,Congonhal,MG,3 - Sudeste,11403,3 - 10001 até 20000,Não,Sim,Não,-,Não,Só ônibus intermunicipal (sem circulação interna),Pendente,,,
3118007,Congonhas,MG,3 - Sudeste,54986,5 - 50001 até 100000,Sim,Sim,Sim,Parcialmente adaptada,Sim,Possui ônibus urbano (intramunicipal),Pendente,,,
3118106,Congonhas do Norte,MG,3 - Sudeste,4927,1 - Até 5000,Não,Sim,Sim,-,Sim,Possui ônibus local (via intermunicipal que circula internamente),Pendente,,,
3118205,Conquista,MG,3 - Sudeste,6864,2 - 5001 até 10000,Não,Sim,Sim,-,Sim,Possui ônibus local (via intermunicipal que circula internamente),Pendente,,,
3118304,Conselheiro Lafaiete,MG,3 - Sudeste,137980,6 - 100001 até 500000,Sim,Sim,Sim,Totalmente adaptada,Sim,Possui ônibus urbano (intramunicipal),Pendente,,,
3118403,Conselheiro Pena,MG,3 - Sudeste,21113,4 - 20001 até 50000,Sim,Sim,Sim,Sem adaptação,Sim,Possui ônibus urbano (intramunicipal),Pendente,,,
3118502,Consolação,MG,3 - Sudeste,1578,1 - Até 5000,Não,Sim,Sim,-,Sim,Possui ônibus local (via intermunicipal que circula internamente),Pendente,,,
3118601,Contagem,MG,3 - Sudeste,649975,7 - Maior que 500000,Sim,Sim,Sim,Totalmente adaptada,Sim,Possui ônibus urbano (intramunicipal),Confirmado,Cidade de grande porte com sistema de transporte público municipal/metropolitano amplamente documentado (prefeitura/consórcio de transporte),2026-08-07,Município de grande população (>280 mil hab.) com sistema de ônibus consolidado e publicamente conhecido; dado do MUNIC 2024 já indicava 'Sim' corretamente.
3118700,Coqueiral,MG,3 - Sudeste,9197,2 - 5001 até 10000,Não,Sim,Sim,-,Sim,Possui ônibus local (via intermunicipal que circula internamente),Pendente,,,
3118809,Coração de Jesus,MG,3 - Sudeste,26151,4 - 20001 até 50000,Sim,Sim,Sim,Sem adaptação,Sim,Possui ônibus urbano (intramunicipal),Pendente,,,
3118908,Cordisburgo,MG,3 - Sudeste,7592,2 - 5001 até 10000,Não,Sim,Sim,-,Sim,Possui ônibus local (via intermunicipal que circula internamente),Pendente,,,
3119005,Cordislândia,MG,3 - Sudeste,3247,1 - Até 5000,Não,Sim,Não,-,Não,Só ônibus intermunicipal (sem circulação interna),Pendente,,,
3119104,Corinto,MG,3 - Sudeste,23996,4 - 20001 até 50000,Não,Sim,Não,-,Não,Só ônibus intermunicipal (sem circulação interna),Pendente,,,
3119203,Coroaci,MG,3 - Sudeste,11200,3 - 10001 até 20000,Não,Sim,Sim,-,Sim,Possui ônibus local (via intermunicipal que circula internamente),Pendente,,,
3119302,Coromandel,MG,3 - Sudeste,30013,4 - 20001 até 50000,Sim,Sim,Não,Totalmente adaptada,Sim,Possui ônibus urbano (intramunicipal),Pendente,,,
3119401,Coronel Fabriciano,MG,3 - Sudeste,108551,6 - 100001 até 500000,Sim,Sim,Sim,Totalmente adaptada,Sim,Possui ônibus urbano (intramunicipal),Pendente,,,
3119500,Coronel Murta,MG,3 - Sudeste,8283,2 - 5001 até 10000,Não,Sim,Sim,-,Sim,Possui ônibus local (via intermunicipal que circula internamente),Pendente,,,
3119609,Coronel Pacheco,MG,3 - Sudeste,2799,1 - Até 5000,Não,Sim,Não,-,Não,Só ônibus intermunicipal (sem circulação interna),Pendente,,,
3119708,Coronel Xavier Chaves,MG,3 - Sudeste,3586,1 - Até 5000,Sim,Sim,Não,Sem adaptação,Sim,Possui ônibus urbano (intramunicipal),Pendente,,,
3119807,Córrego Danta,MG,3 - Sudeste,2978,1 - Até 5000,Não,Sim,Não,-,Não,Só ônibus intermunicipal (sem circulação interna),Pendente,,,
3119906,Córrego do Bom Jesus,MG,3 - Sudeste,4429,1 - Até 5000,Não,Sim,Sim,-,Sim,Possui ônibus local (via intermunicipal que circula internamente),Pendente,,,
3119955,Córrego Fundo,MG,3 - Sudeste,6310,2 - 5001 até 10000,Não,Sim,Não,-,Não,Só ônibus intermunicipal (sem circulação interna),Pendente,,,
3120003,Córrego Novo,MG,3 - Sudeste,2912,1 - Até 5000,Não,Não,-,-,Não,Não possui transporte coletivo por ônibus,Pendente,,,
3120102,Couto de Magalhães de Minas,MG,3 - Sudeste,4346,1 - Até 5000,Não,Sim,Não,-,Não,Só ônibus intermunicipal (sem circulação interna),Pendente,,,
3120151,Crisólita,MG,3 - Sudeste,5296,2 - 5001 até 10000,Não,Sim,Não,-,Não,Só ônibus intermunicipal (sem circulação interna),Pendente,,,
3120201,Cristais,MG,3 - Sudeste,12576,3 - 10001 até 20000,Não,Sim,Sim,-,Sim,Possui ônibus local (via intermunicipal que circula internamente),Pendente,,,
3120300,Cristália,MG,3 - Sudeste,5165,2 - 5001 até 10000,Não,Sim,Não,-,Não,Só ônibus intermunicipal (sem circulação interna),Pendente,,,
3120409,Cristiano Otoni,MG,3 - Sudeste,4735,1 - Até 5000,Não,Sim,Não,-,Não,Só ônibus intermunicipal (sem circulação interna),Pendente,,,
3120508,Cristina,MG,3 - Sudeste,10627,3 - 10001 até 20000,Não,Sim,Não,-,Não,Só ônibus intermunicipal (sem circulação interna),Pendente,,,
3120607,Crucilândia,MG,3 - Sudeste,5633,2 - 5001 até 10000,Sim,Sim,Não,Parcialmente adaptada,Sim,Possui ônibus urbano (intramunicipal),Pendente,,,
3120706,Cruzeiro da Fortaleza,MG,3 - Sudeste,3610,1 - Até 5000,Não,Sim,Sim,-,Sim,Possui ônibus local (via intermunicipal que circula internamente),Pendente,,,
3120805,Cruzília,MG,3 - Sudeste,15779,3 - 10001 até 20000,Não,Sim,Não,-,Não,Só ônibus intermunicipal (sem circulação interna),Pendente,,,
3120839,Cuparaque,MG,3 - Sudeste,3994,1 - Até 5000,Não,Sim,Sim,-,Sim,Possui ônibus local (via intermunicipal que circula internamente),Pendente,,,
3120870,Curral de Dentro,MG,3 - Sudeste,7630,2 - 5001 até 10000,Não,Sim,Sim,-,Sim,Possui ônibus local (via intermunicipal que circula internamente),Pendente,,,
3120904,Curvelo,MG,3 - Sudeste,83862,5 - 50001 até 100000,Sim,Sim,Sim,Totalmente adaptada,Sim,Possui ônibus urbano (intramunicipal),Pendente,,,
3121001,Datas,MG,3 - Sudeste,5618,2 - 5001 até 10000,Sim,Sim,Não,Parcialmente adaptada,Sim,Possui ônibus urbano (intramunicipal),Pendente,,,
3121100,Delfim Moreira,MG,3 - Sudeste,8130,2 - 5001 até 10000,Não,Sim,Não,-,Não,Só ônibus intermunicipal (sem circulação interna),Pendente,,,
3121209,Delfinópolis,MG,3 - Sudeste,8760,2 - 5001 até 10000,Sim,Sim,Sim,Parcialmente adaptada,Sim,Possui ônibus urbano (intramunicipal),Pendente,,,
3121258,Delta,MG,3 - Sudeste,11003,3 - 10001 até 20000,Sim,Sim,Sim,Parcialmente adaptada,Sim,Possui ônibus urbano (intramunicipal),Pendente,,,
3121308,Descoberto,MG,3 - Sudeste,5058,2 - 5001 até 10000,Não,Sim,Não,-,Não,Só ônibus intermunicipal (sem circulação interna),Pendente,,,
3121407,Desterro de Entre Rios,MG,3 - Sudeste,7900,2 - 5001 até 10000,Sim,Sim,Não,Parcialmente adaptada,Sim,Possui ônibus urbano (intramunicipal),Pendente,,,
3121506,Desterro do Melo,MG,3 - Sudeste,3059,1 - Até 5000,Não,Sim,Não,-,Não,Só ônibus intermunicipal (sem circulação interna),Pendente,,,
3121605,Diamantina,MG,3 - Sudeste,49353,4 - 20001 até 50000,Sim,Sim,Sim,Parcialmente adaptada,Sim,Possui ônibus urbano (intramunicipal),Pendente,,,
3121704,Diogo de Vasconcelos,MG,3 - Sudeste,3596,1 - Até 5000,Sim,Sim,Sim,Sem adaptação,Sim,Possui ônibus urbano (intramunicipal),Pendente,,,
3121803,Dionísio,MG,3 - Sudeste,6789,2 - 5001 até 10000,Não,Sim,Não,-,Não,Só ônibus intermunicipal (sem circulação interna),Pendente,,,
3121902,Divinésia,MG,3 - Sudeste,4426,1 - Até 5000,Não,Sim,Não,-,Não,Só ônibus intermunicipal (sem circulação interna),Pendente,,,
3122009,Divino,MG,3 - Sudeste,21329,4 - 20001 até 50000,Não,Sim,Não,-,Não,Só ônibus intermunicipal (sem circulação interna),Pendente,,,
3122108,Divino das Laranjeiras,MG,3 - Sudeste,4186,1 - Até 5000,Sim,Sim,Sim,Parcialmente adaptada,Sim,Possui ônibus urbano (intramunicipal),Pendente,,,
3122207,Divinolândia de Minas,MG,3 - Sudeste,6607,2 - 5001 até 10000,Sim,Sim,Sim,Parcialmente adaptada,Sim,Possui ônibus urbano (intramunicipal),Pendente,,,
3122306,Divinópolis,MG,3 - Sudeste,242328,6 - 100001 até 500000,Sim,Sim,Sim,Totalmente adaptada,Sim,Possui ônibus urbano (intramunicipal),Pendente,,,
3122355,Divisa Alegre,MG,3 - Sudeste,6513,2 - 5001 até 10000,Não,Sim,Não,-,Não,Só ônibus intermunicipal (sem circulação interna),Pendente,,,
3122405,Divisa Nova,MG,3 - Sudeste,5993,2 - 5001 até 10000,Não,Sim,Não,-,Não,Só ônibus intermunicipal (sem circulação interna),Pendente,,,
3122454,Divisópolis,MG,3 - Sudeste,10585,3 - 10001 até 20000,Não,Não,-,-,Não,Não possui transporte coletivo por ônibus,Sem fonte encontrada,,2026-08-08,Busca retornou apenas informações sobre rodoviária/transporte intermunicipal ou texto genérico/padronizado de baixa confiabilidade; sem confirmação confiável específica. Mantido dado original do MUNIC.
3122470,Dom Bosco,MG,3 - Sudeste,3767,1 - Até 5000,Não,Sim,Não,-,Não,Só ônibus intermunicipal (sem circulação interna),Pendente,,,
3122504,Dom Cavati,MG,3 - Sudeste,4981,1 - Até 5000,Não,Sim,Não,-,Não,Só ônibus intermunicipal (sem circulação interna),Pendente,,,
3122603,Dom Joaquim,MG,3 - Sudeste,5051,2 - 5001 até 10000,Não,Sim,Sim,-,Sim,Possui ônibus local (via intermunicipal que circula internamente),Pendente,,,
3122702,Dom Silvério,MG,3 - Sudeste,5350,2 - 5001 até 10000,Sim,Sim,Sim,Sem adaptação,Sim,Possui ônibus urbano (intramunicipal),Pendente,,,
3122801,Dom Viçoso,MG,3 - Sudeste,3176,1 - Até 5000,Não,Sim,Sim,-,Sim,Possui ônibus local (via intermunicipal que circula internamente),Pendente,,,
3122900,Dona Euzébia,MG,3 - Sudeste,6241,2 - 5001 até 10000,Não,Sim,Não,-,Não,Só ônibus intermunicipal (sem circulação interna),Pendente,,,
3123007,Dores de Campos,MG,3 - Sudeste,10313,3 - 10001 até 20000,Não,Sim,Sim,-,Sim,Possui ônibus local (via intermunicipal que circula internamente),Pendente,,,
3123106,Dores de Guanhães,MG,3 - Sudeste,5121,2 - 5001 até 10000,Não,Sim,Sim,-,Sim,Possui ônibus local (via intermunicipal que circula internamente),Pendente,,,
3123205,Dores do Indaiá,MG,3 - Sudeste,12786,3 - 10001 até 20000,Sim,Sim,Não,Totalmente adaptada,Sim,Possui ônibus urbano (intramunicipal),Pendente,,,
3123304,Dores do Turvo,MG,3 - Sudeste,5159,2 - 5001 até 10000,Sim,Sim,Sim,Parcialmente adaptada,Sim,Possui ônibus urbano (intramunicipal),Pendente,,,
3123403,Doresópolis,MG,3 - Sudeste,1496,1 - Até 5000,Sim,Sim,Não,Parcialmente adaptada,Sim,Possui ônibus urbano (intramunicipal),Pendente,,,
3123502,Douradoquara,MG,3 - Sudeste,1869,1 - Até 5000,Não,Sim,Não,-,Não,Só ônibus intermunicipal (sem circulação interna),Pendente,,,
3123528,Durandé,MG,3 - Sudeste,8038,2 - 5001 até 10000,Não,Sim,Não,-,Não,Só ônibus intermunicipal (sem circulação interna),Pendente,,,
3123601,Elói Mendes,MG,3 - Sudeste,27343,4 - 20001 até 50000,Sim,Sim,Sim,Totalmente adaptada,Sim,Possui ônibus urbano (intramunicipal),Pendente,,,
3123700,Engenheiro Caldas,MG,3 - Sudeste,14308,3 - 10001 até 20000,Não,Sim,Sim,-,Sim,Possui ônibus local (via intermunicipal que circula internamente),Pendente,,,
3123809,Engenheiro Navarro,MG,3 - Sudeste,6411,2 - 5001 até 10000,Não,Sim,Não,-,Não,Só ônibus intermunicipal (sem circulação interna),Pendente,,,
3123858,Entre Folhas,MG,3 - Sudeste,5293,2 - 5001 até 10000,Não,Sim,Não,-,Não,Só ônibus intermunicipal (sem circulação interna),Pendente,,,
3123908,Entre Rios de Minas,MG,3 - Sudeste,15120,3 - 10001 até 20000,Sim,Sim,Sim,Sem adaptação,Sim,Possui ônibus urbano (intramunicipal),Pendente,,,
3124005,Ervália,MG,3 - Sudeste,20951,4 - 20001 até 50000,Não,Sim,Sim,-,Sim,Possui ônibus local (via intermunicipal que circula internamente),Pendente,,,
3124104,Esmeraldas,MG,3 - Sudeste,91573,5 - 50001 até 100000,Sim,Sim,Sim,Parcialmente adaptada,Sim,Possui ônibus urbano (intramunicipal),Pendente,,,
3124203,Espera Feliz,MG,3 - Sudeste,24761,4 - 20001 até 50000,Sim,Sim,Sim,Sem adaptação,Sim,Possui ônibus urbano (intramunicipal),Pendente,,,
3124302,Espinosa,MG,3 - Sudeste,31385,4 - 20001 até 50000,Não,Sim,Não,-,Não,Só ônibus intermunicipal (sem circulação interna),Pendente,,,
3124401,Espírito Santo do Dourado,MG,3 - Sudeste,7007,2 - 5001 até 10000,Não,Sim,Sim,-,Sim,Possui ônibus local (via intermunicipal que circula internamente),Pendente,,,
3124500,Estiva,MG,3 - Sudeste,11836,3 - 10001 até 20000,Não,Não,-,-,Não,Não possui transporte coletivo por ônibus,Sem fonte encontrada,,2026-08-08,Busca retornou apenas informações sobre rodoviária/transporte intermunicipal/escolar; sem confirmação confiável específica de ônibus urbano. Mantido dado original do MUNIC.
3124609,Estrela Dalva,MG,3 - Sudeste,2204,1 - Até 5000,Não,Sim,Não,-,Não,Só ônibus intermunicipal (sem circulação interna),Pendente,,,
3124708,Estrela do Indaiá,MG,3 - Sudeste,2750,1 - Até 5000,Não,Não,-,-,Não,Não possui transporte coletivo por ônibus,Pendente,,,
3124807,Estrela do Sul,MG,3 - Sudeste,6926,2 - 5001 até 10000,Não,Sim,Não,-,Não,Só ônibus intermunicipal (sem circulação interna),Pendente,,,
3124906,Eugenópolis,MG,3 - Sudeste,11075,3 - 10001 até 20000,Não,Sim,Não,-,Não,Só ônibus intermunicipal (sem circulação interna),Pendente,,,
3125002,Ewbank da Câmara,MG,3 - Sudeste,3977,1 - Até 5000,Não,Sim,Sim,-,Sim,Possui ônibus local (via intermunicipal que circula internamente),Pendente,,,
3125101,Extrema,MG,3 - Sudeste,57913,5 - 50001 até 100000,Sim,Sim,Sim,Parcialmente adaptada,Sim,Possui ônibus urbano (intramunicipal),Pendente,,,
3125200,Fama,MG,3 - Sudeste,2662,1 - Até 5000,Não,Sim,Não,-,Não,Só ônibus intermunicipal (sem circulação interna),Pendente,,,
3125309,Faria Lemos,MG,3 - Sudeste,3239,1 - Até 5000,Sim,Sim,Não,Parcialmente adaptada,Sim,Possui ônibus urbano (intramunicipal),Pendente,,,
3125408,Felício dos Santos,MG,3 - Sudeste,5248,2 - 5001 até 10000,Não,Não,-,-,Não,Não possui transporte coletivo por ônibus,Sem fonte encontrada,"Fonte indica apenas 1 ponto de ônibus na Central, sem confirmação de linha urbana coletiva regular (Felício dos Santos-MG)",2026-08-11,Evidência insuficiente para confirmar ônibus urbano coletivo
3125507,São Gonçalo do Rio Preto,MG,3 - Sudeste,3098,1 - Até 5000,Sim,Sim,Não,Sem adaptação,Sim,Possui ônibus urbano (intramunicipal),Pendente,,,
3125606,Felisburgo,MG,3 - Sudeste,6592,2 - 5001 até 10000,Não,Não,-,-,Não,Não possui transporte coletivo por ônibus,Sem fonte encontrada,"Texto ambíguo/genérico ('transporte coletivo, se existir') sem confirmação específica (Felisburgo-MG)",2026-08-10,"Texto padronizado/ambíguo, insuficiente como confirmação"
3125705,Felixlândia,MG,3 - Sudeste,14279,3 - 10001 até 20000,Sim,Sim,Sim,Parcialmente adaptada,Sim,Possui ônibus urbano (intramunicipal),Pendente,,,
3125804,Fernandes Tourinho,MG,3 - Sudeste,2825,1 - Até 5000,Não,Sim,Não,-,Não,Só ônibus intermunicipal (sem circulação interna),Pendente,,,
3125903,Ferros,MG,3 - Sudeste,9666,2 - 5001 até 10000,Sim,Sim,Sim,Sem adaptação,Sim,Possui ônibus urbano (intramunicipal),Pendente,,,
3125952,Fervedouro,MG,3 - Sudeste,10693,3 - 10001 até 20000,Sim,Sim,Não,Parcialmente adaptada,Sim,Possui ônibus urbano (intramunicipal),Pendente,,,
3126000,Florestal,MG,3 - Sudeste,8386,2 - 5001 até 10000,Sim,Sim,Não,Sem adaptação,Sim,Possui ônibus urbano (intramunicipal),Pendente,,,
3126109,Formiga,MG,3 - Sudeste,70668,5 - 50001 até 100000,Sim,Sim,Sim,Totalmente adaptada,Sim,Possui ônibus urbano (intramunicipal),Pendente,,,
3126208,Formoso,MG,3 - Sudeste,8103,2 - 5001 até 10000,Não,Não,-,-,Não,Não possui transporte coletivo por ônibus,Sem fonte encontrada,"Buscas retornaram apenas dados estaduais gerais de MG, nada específico sobre Formoso-MG",2026-08-08,Nenhuma evidência específica encontrada
3126307,Fortaleza de Minas,MG,3 - Sudeste,3485,1 - Até 5000,Não,Não,-,-,Não,Não possui transporte coletivo por ônibus,Pendente,,,
3126406,Fortuna de Minas,MG,3 - Sudeste,3207,1 - Até 5000,Sim,Sim,Não,Sem adaptação,Sim,Possui ônibus urbano (intramunicipal),Pendente,,,
3126505,Francisco Badaró,MG,3 - Sudeste,7208,2 - 5001 até 10000,Não,Sim,Não,-,Não,Só ônibus intermunicipal (sem circulação interna),Pendente,,,
3126604,Francisco Dumont,MG,3 - Sudeste,4564,1 - Até 5000,Não,Não,-,-,Não,Não possui transporte coletivo por ônibus,Sem fonte encontrada,Buscas retornaram apenas rodoviária intermunicipal (Francisco Dumont-MG),2026-08-13,Nenhuma evidência específica de ônibus urbano intramunicipal encontrada
3126703,Francisco Sá,MG,3 - Sudeste,23819,4 - 20001 até 50000,Sim,Sim,Sim,Sem adaptação,Sim,Possui ônibus urbano (intramunicipal),Pendente,,,
3126752,Franciscópolis,MG,3 - Sudeste,5062,2 - 5001 até 10000,Não,Sim,Não,-,Não,Só ônibus intermunicipal (sem circulação interna),Pendente,,,
3126802,Frei Gaspar,MG,3 - Sudeste,5741,2 - 5001 até 10000,Sim,Sim,Sim,Parcialmente adaptada,Sim,Possui ônibus urbano (intramunicipal),Pendente,,,
3126901,Frei Inocêncio,MG,3 - Sudeste,8334,2 - 5001 até 10000,Sim,Sim,Não,Sem adaptação,Sim,Possui ônibus urbano (intramunicipal),Pendente,,,
3126950,Frei Lagonegro,MG,3 - Sudeste,3475,1 - Até 5000,Sim,Sim,Sim,Sem adaptação,Sim,Possui ônibus urbano (intramunicipal),Pendente,,,
3127008,Fronteira,MG,3 - Sudeste,14909,3 - 10001 até 20000,Não,Não,-,-,Não,Não possui transporte coletivo por ônibus,Sem fonte encontrada,,2026-08-08,Apenas informações sobre regulação estadual de transporte intermunicipal em MG; sem fonte específica sobre Fronteira/MG. Mantido dado original do MUNIC.
3127057,Fronteira dos Vales,MG,3 - Sudeste,4405,1 - Até 5000,Não,Sim,Não,-,Não,Só ônibus intermunicipal (sem circulação interna),Pendente,,,
3127073,Fruta de Leite,MG,3 - Sudeste,4607,1 - Até 5000,Não,Sim,Sim,-,Sim,Possui ônibus local (via intermunicipal que circula internamente),Pendente,,,
3127107,Frutal,MG,3 - Sudeste,60942,5 - 50001 até 100000,Sim,Sim,Não,Totalmente adaptada,Sim,Possui ônibus urbano (intramunicipal),Pendente,,,
3127206,Funilândia,MG,3 - Sudeste,4886,1 - Até 5000,Não,Sim,Sim,-,Sim,Possui ônibus local (via intermunicipal que circula internamente),Pendente,,,
3127305,Galiléia,MG,3 - Sudeste,6281,2 - 5001 até 10000,Não,Sim,Não,-,Não,Só ônibus intermunicipal (sem circulação interna),Pendente,,,
3127339,Gameleiras,MG,3 - Sudeste,4863,1 - Até 5000,Não,Sim,Não,-,Não,Só ônibus intermunicipal (sem circulação interna),Pendente,,,
3127354,Glaucilândia,MG,3 - Sudeste,2991,1 - Até 5000,Não,Sim,Sim,-,Sim,Possui ônibus local (via intermunicipal que circula internamente),Pendente,,,
3127370,Goiabeira,MG,3 - Sudeste,2869,1 - Até 5000,Não,Sim,Não,-,Não,Só ônibus intermunicipal (sem circulação interna),Pendente,,,
3127388,Goianá,MG,3 - Sudeste,4190,1 - Até 5000,Não,Sim,Não,-,Não,Só ônibus intermunicipal (sem circulação interna),Pendente,,,
3127404,Gonçalves,MG,3 - Sudeste,4891,1 - Até 5000,Sim,Sim,Não,Parcialmente adaptada,Sim,Possui ônibus urbano (intramunicipal),Pendente,,,
3127503,Gonzaga,MG,3 - Sudeste,5271,2 - 5001 até 10000,Não,Sim,Não,-,Não,Só ônibus intermunicipal (sem circulação interna),Pendente,,,
3127602,Gouveia,MG,3 - Sudeste,11549,3 - 10001 até 20000,Não,Sim,Sim,-,Sim,Possui ônibus local (via intermunicipal que circula internamente),Pendente,,,
3127701,Governador Valadares,MG,3 - Sudeste,266649,6 - 100001 até 500000,Sim,Sim,Sim,Totalmente adaptada,Sim,Possui ônibus urbano (intramunicipal),Pendente,,,
3127800,Grão Mogol,MG,3 - Sudeste,14091,3 - 10001 até 20000,Sim,Sim,Sim,Parcialmente adaptada,Sim,Possui ônibus urbano (intramunicipal),Pendente,,,
3127909,Grupiara,MG,3 - Sudeste,1426,1 - Até 5000,Sim,Sim,Sim,Totalmente adaptada,Sim,Possui ônibus urbano (intramunicipal),Pendente,,,
3128006,Guanhães,MG,3 - Sudeste,33434,4 - 20001 até 50000,Sim,Sim,Sim,Parcialmente adaptada,Sim,Possui ônibus urbano (intramunicipal),Pendente,,,
3128105,Guapé,MG,3 - Sudeste,14073,3 - 10001 até 20000,Sim,Sim,Sim,Parcialmente adaptada,Sim,Possui ônibus urbano (intramunicipal),Pendente,,,
3128204,Guaraciaba,MG,3 - Sudeste,9921,2 - 5001 até 10000,Sim,Sim,Não,Parcialmente adaptada,Sim,Possui ônibus urbano (intramunicipal),Pendente,,,
3128253,Guaraciama,MG,3 - Sudeste,5203,2 - 5001 até 10000,Não,Sim,Não,-,Não,Só ônibus intermunicipal (sem circulação interna),Pendente,,,
3128303,Guaranésia,MG,3 - Sudeste,19611,3 - 10001 até 20000,Não,Sim,Não,-,Não,Só ônibus intermunicipal (sem circulação interna),Pendente,,,
3128402,Guarani,MG,3 - Sudeste,7780,2 - 5001 até 10000,Sim,Sim,Sim,Parcialmente adaptada,Sim,Possui ônibus urbano (intramunicipal),Pendente,,,
3128501,Guarará,MG,3 - Sudeste,3132,1 - Até 5000,Não,Sim,Sim,-,Sim,Possui ônibus local (via intermunicipal que circula internamente),Pendente,,,
3128600,Guarda-Mor,MG,3 - Sudeste,6684,2 - 5001 até 10000,Não,Sim,Não,-,Não,Só ônibus intermunicipal (sem circulação interna),Pendente,,,
3128709,Guaxupé,MG,3 - Sudeste,52621,5 - 50001 até 100000,Sim,Sim,Não,Parcialmente adaptada,Sim,Possui ônibus urbano (intramunicipal),Pendente,,,
3128808,Guidoval,MG,3 - Sudeste,7284,2 - 5001 até 10000,Não,Sim,Não,-,Não,Só ônibus intermunicipal (sem circulação interna),Pendente,,,
3128907,Guimarânia,MG,3 - Sudeste,8808,2 - 5001 até 10000,Não,Sim,Não,-,Não,Só ônibus intermunicipal (sem circulação interna),Pendente,,,
3129004,Guiricema,MG,3 - Sudeste,7850,2 - 5001 até 10000,Não,Sim,Não,-,Não,Só ônibus intermunicipal (sem circulação interna),Pendente,,,
3129103,Gurinhatã,MG,3 - Sudeste,5203,2 - 5001 até 10000,Não,Não,-,-,Não,Não possui transporte coletivo por ônibus,Sem fonte encontrada,"Buscas retornaram apenas dados estaduais gerais de MG, nada específico sobre Gurinhatã-MG",2026-08-11,Nenhuma evidência específica encontrada
3129202,Heliodora,MG,3 - Sudeste,6274,2 - 5001 até 10000,Não,Sim,Não,-,Não,Só ônibus intermunicipal (sem circulação interna),Pendente,,,
3129301,Iapu,MG,3 - Sudeste,12486,3 - 10001 até 20000,Não,Sim,Não,-,Não,Só ônibus intermunicipal (sem circulação interna),Pendente,,,
3129400,Ibertioga,MG,3 - Sudeste,5334,2 - 5001 até 10000,Não,Sim,Não,-,Não,Só ônibus intermunicipal (sem circulação interna),Pendente,,,
3129509,Ibiá,MG,3 - Sudeste,22596,4 - 20001 até 50000,Sim,Sim,Não,Totalmente adaptada,Sim,Possui ônibus urbano (intramunicipal),Pendente,,,
3129608,Ibiaí,MG,3 - Sudeste,6254,2 - 5001 até 10000,Não,Sim,Não,-,Não,Só ônibus intermunicipal (sem circulação interna),Pendente,,,
3129657,Ibiracatu,MG,3 - Sudeste,5139,2 - 5001 até 10000,Sim,Sim,Sim,Parcialmente adaptada,Sim,Possui ônibus urbano (intramunicipal),Pendente,,,
3129707,Ibiraci,MG,3 - Sudeste,11057,3 - 10001 até 20000,Não,Sim,Não,-,Não,Só ônibus intermunicipal (sem circulação interna),Pendente,,,
3129806,Ibirité,MG,3 - Sudeste,178713,6 - 100001 até 500000,Sim,Sim,Sim,Totalmente adaptada,Sim,Possui ônibus urbano (intramunicipal),Pendente,,,
3129905,Ibitiúra de Minas,MG,3 - Sudeste,3439,1 - Até 5000,Não,Sim,Sim,-,Sim,Possui ônibus local (via intermunicipal que circula internamente),Pendente,,,
3130002,Ibituruna,MG,3 - Sudeste,2740,1 - Até 5000,Não,Sim,Não,-,Não,Só ônibus intermunicipal (sem circulação interna),Pendente,,,
3130051,Icaraí de Minas,MG,3 - Sudeste,10912,3 - 10001 até 20000,Não,Sim,Não,-,Não,Só ônibus intermunicipal (sem circulação interna),Pendente,,,
3130101,Igarapé,MG,3 - Sudeste,48475,4 - 20001 até 50000,Sim,Sim,Sim,Totalmente adaptada,Sim,Possui ônibus urbano (intramunicipal),Pendente,,,
3130200,Igaratinga,MG,3 - Sudeste,11252,3 - 10001 até 20000,Não,Sim,Sim,-,Sim,Possui ônibus local (via intermunicipal que circula internamente),Pendente,,,
3130309,Iguatama,MG,3 - Sudeste,6845,2 - 5001 até 10000,Não,Sim,Não,-,Não,Só ônibus intermunicipal (sem circulação interna),Pendente,,,
3130408,Ijaci,MG,3 - Sudeste,7291,2 - 5001 até 10000,Não,Sim,Não,-,Não,Só ônibus intermunicipal (sem circulação interna),Pendente,,,
3130507,Ilicínea,MG,3 - Sudeste,13171,3 - 10001 até 20000,Não,Sim,Sim,-,Sim,Possui ônibus local (via intermunicipal que circula internamente),Pendente,,,
3130556,Imbé de Minas,MG,3 - Sudeste,7208,2 - 5001 até 10000,Sim,Sim,Sim,Sem adaptação,Sim,Possui ônibus urbano (intramunicipal),Pendente,,,
3130606,Inconfidentes,MG,3 - Sudeste,7510,2 - 5001 até 10000,Não,Sim,Sim,-,Sim,Possui ônibus local (via intermunicipal que circula internamente),Pendente,,,
3130655,Indaiabira,MG,3 - Sudeste,6379,2 - 5001 até 10000,Sim,Sim,Não,Sem adaptação,Sim,Possui ônibus urbano (intramunicipal),Pendente,,,
3130705,Indianópolis,MG,3 - Sudeste,6309,2 - 5001 até 10000,Não,Sim,Não,-,Não,Só ônibus intermunicipal (sem circulação interna),Pendente,,,
3130804,Ingaí,MG,3 - Sudeste,2633,1 - Até 5000,Não,Não,-,-,Não,Não possui transporte coletivo por ônibus,Pendente,,,
3130903,Inhapim,MG,3 - Sudeste,23000,4 - 20001 até 50000,Sim,Sim,Sim,Sem adaptação,Sim,Possui ônibus urbano (intramunicipal),Pendente,,,
3131000,Inhaúma,MG,3 - Sudeste,6435,2 - 5001 até 10000,Não,Sim,Sim,-,Sim,Possui ônibus local (via intermunicipal que circula internamente),Pendente,,,
3131109,Inimutaba,MG,3 - Sudeste,7587,2 - 5001 até 10000,Não,Sim,Sim,-,Sim,Possui ônibus local (via intermunicipal que circula internamente),Pendente,,,
3131158,Ipaba,MG,3 - Sudeste,17554,3 - 10001 até 20000,Sim,Sim,Sim,Sem adaptação,Sim,Possui ônibus urbano (intramunicipal),Pendente,,,
3131208,Ipanema,MG,3 - Sudeste,20095,4 - 20001 até 50000,Não,Sim,Sim,-,Sim,Possui ônibus local (via intermunicipal que circula internamente),Pendente,,,
3131307,Ipatinga,MG,3 - Sudeste,235445,6 - 100001 até 500000,Sim,Sim,Sim,Totalmente adaptada,Sim,Possui ônibus urbano (intramunicipal),Pendente,,,
3131406,Ipiaçu,MG,3 - Sudeste,3823,1 - Até 5000,Não,Sim,Não,-,Não,Só ônibus intermunicipal (sem circulação interna),Pendente,,,
3131505,Ipuiúna,MG,3 - Sudeste,9299,2 - 5001 até 10000,Não,Sim,Não,-,Não,Só ônibus intermunicipal (sem circulação interna),Pendente,,,
3131604,Iraí de Minas,MG,3 - Sudeste,7423,2 - 5001 até 10000,Não,Sim,Não,-,Não,Só ônibus intermunicipal (sem circulação interna),Pendente,,,
3131703,Itabira,MG,3 - Sudeste,117747,6 - 100001 até 500000,Sim,Sim,Não,Totalmente adaptada,Sim,Possui ônibus urbano (intramunicipal),Pendente,,,
3131802,Itabirinha,MG,3 - Sudeste,10560,3 - 10001 até 20000,Sim,Não,-,Sem adaptação,Sim,Possui ônibus urbano (intramunicipal),Pendente,,,
3131901,Itabirito,MG,3 - Sudeste,55877,5 - 50001 até 100000,Sim,Sim,Não,Totalmente adaptada,Sim,Possui ônibus urbano (intramunicipal),Pendente,,,
3132008,Itacambira,MG,3 - Sudeste,4265,1 - Até 5000,Não,Não,-,-,Não,Não possui transporte coletivo por ônibus,Pendente,,,
3132107,Itacarambi,MG,3 - Sudeste,17521,3 - 10001 até 20000,Sim,Sim,Não,Sem adaptação,Sim,Possui ônibus urbano (intramunicipal),Pendente,,,
3132206,Itaguara,MG,3 - Sudeste,14325,3 - 10001 até 20000,Não,Sim,Não,-,Não,Só ônibus intermunicipal (sem circulação interna),Pendente,,,
3132305,Itaipé,MG,3 - Sudeste,10549,3 - 10001 até 20000,Não,Não,-,-,Não,Não possui transporte coletivo por ônibus,Sem fonte encontrada,,2026-08-08,Busca retornou apenas informações sobre rodoviária/transporte intermunicipal ou texto genérico/padronizado de baixa confiabilidade; sem confirmação confiável específica. Mantido dado original do MUNIC.
3132404,Itajubá,MG,3 - Sudeste,96632,5 - 50001 até 100000,Sim,Sim,Sim,Parcialmente adaptada,Sim,Possui ônibus urbano (intramunicipal),Pendente,,,
3132503,Itamarandiba,MG,3 - Sudeste,34137,4 - 20001 até 50000,Não,Sim,Sim,-,Sim,Possui ônibus local (via intermunicipal que circula internamente),Pendente,,,
3132602,Itamarati de Minas,MG,3 - Sudeste,3730,1 - Até 5000,Não,Sim,Não,-,Não,Só ônibus intermunicipal (sem circulação interna),Pendente,,,
3132701,Itambacuri,MG,3 - Sudeste,21296,4 - 20001 até 50000,Não,Sim,Não,-,Não,Só ônibus intermunicipal (sem circulação interna),Pendente,,,
3132800,Itambé do Mato Dentro,MG,3 - Sudeste,2175,1 - Até 5000,Sim,Sim,Não,Totalmente adaptada,Sim,Possui ônibus urbano (intramunicipal),Pendente,,,
3132909,Itamogi,MG,3 - Sudeste,11062,3 - 10001 até 20000,Sim,Sim,Não,Parcialmente adaptada,Sim,Possui ônibus urbano (intramunicipal),Pendente,,,
3133006,Itamonte,MG,3 - Sudeste,15193,3 - 10001 até 20000,Não,Sim,Sim,-,Sim,Possui ônibus local (via intermunicipal que circula internamente),Pendente,,,
3133105,Itanhandu,MG,3 - Sudeste,15684,3 - 10001 até 20000,Sim,Sim,Não,Parcialmente adaptada,Sim,Possui ônibus urbano (intramunicipal),Pendente,,,
3133204,Itanhomi,MG,3 - Sudeste,11298,3 - 10001 até 20000,Não,Sim,Não,-,Não,Só ônibus intermunicipal (sem circulação interna),Pendente,,,
3133303,Itaobim,MG,3 - Sudeste,19354,3 - 10001 até 20000,Não,Sim,Não,-,Não,Só ônibus intermunicipal (sem circulação interna),Pendente,,,
3133402,Itapagipe,MG,3 - Sudeste,14004,3 - 10001 até 20000,Não,Sim,Não,-,Não,Só ônibus intermunicipal (sem circulação interna),Pendente,,,
3133501,Itapecerica,MG,3 - Sudeste,21462,4 - 20001 até 50000,Sim,Sim,Sim,Totalmente adaptada,Sim,Possui ônibus urbano (intramunicipal),Pendente,,,
3133600,Itapeva,MG,3 - Sudeste,13332,3 - 10001 até 20000,Não,Sim,Sim,-,Sim,Possui ônibus local (via intermunicipal que circula internamente),Pendente,,,
3133709,Itatiaiuçu,MG,3 - Sudeste,13603,3 - 10001 até 20000,Sim,Sim,Sim,Parcialmente adaptada,Sim,Possui ônibus urbano (intramunicipal),Pendente,,,
3133758,Itaú de Minas,MG,3 - Sudeste,14655,3 - 10001 até 20000,Não,Sim,Não,-,Não,Só ônibus intermunicipal (sem circulação interna),Pendente,,,
3133808,Itaúna,MG,3 - Sudeste,102500,6 - 100001 até 500000,Sim,Sim,Não,Totalmente adaptada,Sim,Possui ônibus urbano (intramunicipal),Pendente,,,
3133907,Itaverava,MG,3 - Sudeste,5752,2 - 5001 até 10000,Não,Sim,Não,-,Não,Só ônibus intermunicipal (sem circulação interna),Pendente,,,
3134004,Itinga,MG,3 - Sudeste,13982,3 - 10001 até 20000,Não,Sim,Não,-,Não,Só ônibus intermunicipal (sem circulação interna),Pendente,,,
3134103,Itueta,MG,3 - Sudeste,6218,2 - 5001 até 10000,Não,Sim,Sim,-,Sim,Possui ônibus local (via intermunicipal que circula internamente),Pendente,,,
3134202,Ituiutaba,MG,3 - Sudeste,106397,6 - 100001 até 500000,Sim,Sim,Sim,Totalmente adaptada,Sim,Possui ônibus urbano (intramunicipal),Pendente,,,
3134301,Itumirim,MG,3 - Sudeste,6845,2 - 5001 até 10000,Não,Sim,Sim,-,Sim,Possui ônibus local (via intermunicipal que circula internamente),Pendente,,,
3134400,Iturama,MG,3 - Sudeste,40011,4 - 20001 até 50000,Não,Sim,Não,-,Não,Só ônibus intermunicipal (sem circulação interna),Pendente,,,
3134509,Itutinga,MG,3 - Sudeste,4347,1 - Até 5000,Não,Sim,Não,-,Não,Só ônibus intermunicipal (sem circulação interna),Pendente,,,
3134608,Jaboticatubas,MG,3 - Sudeste,21214,4 - 20001 até 50000,Sim,Sim,Sim,Parcialmente adaptada,Sim,Possui ônibus urbano (intramunicipal),Pendente,,,
3134707,Jacinto,MG,3 - Sudeste,11169,3 - 10001 até 20000,Não,Sim,Não,-,Não,Só ônibus intermunicipal (sem circulação interna),Pendente,,,
3134806,Jacuí,MG,3 - Sudeste,7663,2 - 5001 até 10000,Não,Sim,Não,-,Não,Só ônibus intermunicipal (sem circulação interna),Pendente,,,
3134905,Jacutinga,MG,3 - Sudeste,26705,4 - 20001 até 50000,Não,Sim,Não,-,Não,Só ônibus intermunicipal (sem circulação interna),Pendente,,,
3135001,Jaguaraçu,MG,3 - Sudeste,3173,1 - Até 5000,Não,Sim,Não,-,Não,Só ônibus intermunicipal (sem circulação interna),Pendente,,,
3135050,Jaíba,MG,3 - Sudeste,39379,4 - 20001 até 50000,Sim,Sim,Sim,Parcialmente adaptada,Sim,Possui ônibus urbano (intramunicipal),Pendente,,,
3135076,Jampruca,MG,3 - Sudeste,4306,1 - Até 5000,Não,Sim,Não,-,Não,Só ônibus intermunicipal (sem circulação interna),Pendente,,,
3135100,Janaúba,MG,3 - Sudeste,73281,5 - 50001 até 100000,Sim,Sim,Sim,Parcialmente adaptada,Sim,Possui ônibus urbano (intramunicipal),Pendente,,,
3135209,Januária,MG,3 - Sudeste,67087,5 - 50001 até 100000,Sim,Sim,Não,Parcialmente adaptada,Sim,Possui ônibus urbano (intramunicipal),Pendente,,,
3135308,Japaraíba,MG,3 - Sudeste,4672,1 - Até 5000,Não,Sim,Não,-,Não,Só ônibus intermunicipal (sem circulação interna),Pendente,,,
3135357,Japonvar,MG,3 - Sudeste,8357,2 - 5001 até 10000,Não,Sim,Não,-,Não,Só ônibus intermunicipal (sem circulação interna),Pendente,,,
3135407,Jeceaba,MG,3 - Sudeste,6428,2 - 5001 até 10000,Sim,Sim,Não,Sem adaptação,Sim,Possui ônibus urbano (intramunicipal),Pendente,,,
3135456,Jenipapo de Minas,MG,3 - Sudeste,6124,2 - 5001 até 10000,Não,Sim,Não,-,Não,Só ônibus intermunicipal (sem circulação interna),Pendente,,,
3135506,Jequeri,MG,3 - Sudeste,12652,3 - 10001 até 20000,Não,Sim,Sim,-,Sim,Possui ônibus local (via intermunicipal que circula internamente),Pendente,,,
3135605,Jequitaí,MG,3 - Sudeste,6460,2 - 5001 até 10000,Não,Sim,Não,-,Não,Só ônibus intermunicipal (sem circulação interna),Pendente,,,
3135704,Jequitibá,MG,3 - Sudeste,6098,2 - 5001 até 10000,Sim,Sim,Sim,Parcialmente adaptada,Sim,Possui ônibus urbano (intramunicipal),Pendente,,,
3135803,Jequitinhonha,MG,3 - Sudeste,24509,4 - 20001 até 50000,Sim,Sim,Não,Sem adaptação,Sim,Possui ônibus urbano (intramunicipal),Pendente,,,
3135902,Jesuânia,MG,3 - Sudeste,5296,2 - 5001 até 10000,Não,Sim,Não,-,Não,Só ônibus intermunicipal (sem circulação interna),Pendente,,,
3136009,Joaíma,MG,3 - Sudeste,14084,3 - 10001 até 20000,Sim,Sim,Não,Sem adaptação,Sim,Possui ônibus urbano (intramunicipal),Pendente,,,
3136108,Joanésia,MG,3 - Sudeste,4304,1 - Até 5000,Não,Sim,Sim,-,Sim,Possui ônibus local (via intermunicipal que circula internamente),Pendente,,,
3136207,João Monlevade,MG,3 - Sudeste,83360,5 - 50001 até 100000,Sim,Sim,Sim,Totalmente adaptada,Sim,Possui ônibus urbano (intramunicipal),Pendente,,,
3136306,João Pinheiro,MG,3 - Sudeste,48532,4 - 20001 até 50000,Não,Sim,Não,-,Não,Só ônibus intermunicipal (sem circulação interna),Pendente,,,
3136405,Joaquim Felício,MG,3 - Sudeste,3891,1 - Até 5000,Não,Sim,Não,-,Não,Só ônibus intermunicipal (sem circulação interna),Pendente,,,
3136504,Jordânia,MG,3 - Sudeste,10536,3 - 10001 até 20000,Não,Sim,Sim,-,Sim,Possui ônibus local (via intermunicipal que circula internamente),Pendente,,,
3136520,José Gonçalves de Minas,MG,3 - Sudeste,3993,1 - Até 5000,Não,Sim,Sim,-,Sim,Possui ônibus local (via intermunicipal que circula internamente),Pendente,,,
3136553,José Raydan,MG,3 - Sudeste,4352,1 - Até 5000,Não,Sim,Sim,-,Sim,Possui ônibus local (via intermunicipal que circula internamente),Pendente,,,
3136579,Josenópolis,MG,3 - Sudeste,3607,1 - Até 5000,Não,Sim,Não,-,Não,Só ônibus intermunicipal (sem circulação interna),Pendente,,,
3136603,Nova União,MG,3 - Sudeste,6083,2 - 5001 até 10000,Não,Sim,Sim,-,Sim,Possui ônibus local (via intermunicipal que circula internamente),Pendente,,,
3136652,Juatuba,MG,3 - Sudeste,32726,4 - 20001 até 50000,Sim,Sim,Sim,Parcialmente adaptada,Sim,Possui ônibus urbano (intramunicipal),Pendente,,,
3136702,Juiz de Fora,MG,3 - Sudeste,565764,7 - Maior que 500000,Sim,Sim,Não,Totalmente adaptada,Sim,Possui ônibus urbano (intramunicipal),Confirmado,Cidade de grande porte com sistema de transporte público municipal/metropolitano amplamente documentado (prefeitura/consórcio de transporte),2026-08-07,Município de grande população (>280 mil hab.) com sistema de ônibus consolidado e publicamente conhecido; dado do MUNIC 2024 já indicava 'Sim' corretamente.
3136801,Juramento,MG,3 - Sudeste,3815,1 - Até 5000,Não,Não,-,-,Não,Não possui transporte coletivo por ônibus,Pendente,,,
3136900,Juruaia,MG,3 - Sudeste,11543,3 - 10001 até 20000,Não,Sim,Sim,-,Sim,Possui ônibus local (via intermunicipal que circula internamente),Pendente,,,
3136959,Juvenília,MG,3 - Sudeste,5929,2 - 5001 até 10000,Sim,Sim,Não,Parcialmente adaptada,Sim,Possui ônibus urbano (intramunicipal),Pendente,,,
3137007,Ladainha,MG,3 - Sudeste,14399,3 - 10001 até 20000,Não,Sim,Não,-,Não,Só ônibus intermunicipal (sem circulação interna),Pendente,,,
3137106,Lagamar,MG,3 - Sudeste,6672,2 - 5001 até 10000,Não,Sim,Não,-,Não,Só ônibus intermunicipal (sem circulação interna),Pendente,,,
3137205,Lagoa da Prata,MG,3 - Sudeste,53583,5 - 50001 até 100000,Sim,Sim,Não,Parcialmente adaptada,Sim,Possui ônibus urbano (intramunicipal),Pendente,,,
3137304,Lagoa dos Patos,MG,3 - Sudeste,3285,1 - Até 5000,Não,Sim,Não,-,Não,Só ônibus intermunicipal (sem circulação interna),Pendente,,,
3137403,Lagoa Dourada,MG,3 - Sudeste,13116,3 - 10001 até 20000,Não,Sim,Sim,-,Sim,Possui ônibus local (via intermunicipal que circula internamente),Pendente,,,
3137502,Lagoa Formosa,MG,3 - Sudeste,19507,3 - 10001 até 20000,Não,Sim,Não,-,Não,Só ônibus intermunicipal (sem circulação interna),Pendente,,,
3137536,Lagoa Grande,MG,3 - Sudeste,9210,2 - 5001 até 10000,Não,Não,-,-,Não,Não possui transporte coletivo por ônibus,Sem fonte encontrada,"Resultados confundidos majoritariamente com Lagoa Santa-MG, nada específico sobre Lagoa Grande-MG",2026-08-08,"Homônimo/confusão geográfica, sem evidência válida"
3137601,Lagoa Santa,MG,3 - Sudeste,79981,5 - 50001 até 100000,Sim,Sim,Sim,Totalmente adaptada,Sim,Possui ônibus urbano (intramunicipal),Pendente,,,
3137700,Lajinha,MG,3 - Sudeste,21422,4 - 20001 até 50000,Não,Sim,Não,-,Não,Só ônibus intermunicipal (sem circulação interna),Pendente,,,
3137809,Lambari,MG,3 - Sudeste,20950,4 - 20001 até 50000,Não,Sim,Não,-,Não,Só ônibus intermunicipal (sem circulação interna),Pendente,,,
3137908,Lamim,MG,3 - Sudeste,3226,1 - Até 5000,Não,Sim,Não,-,Não,Só ônibus intermunicipal (sem circulação interna),Pendente,,,
3138005,Laranjal,MG,3 - Sudeste,6042,2 - 5001 até 10000,Não,Sim,Sim,-,Sim,Possui ônibus local (via intermunicipal que circula internamente),Pendente,,,
3138104,Lassance,MG,3 - Sudeste,7358,2 - 5001 até 10000,Não,Sim,Não,-,Não,Só ônibus intermunicipal (sem circulação interna),Pendente,,,
3138203,Lavras,MG,3 - Sudeste,109884,6 - 100001 até 500000,Sim,Sim,Não,Totalmente adaptada,Sim,Possui ônibus urbano (intramunicipal),Pendente,,,
3138302,Leandro Ferreira,MG,3 - Sudeste,3270,1 - Até 5000,Não,Sim,Sim,-,Sim,Possui ônibus local (via intermunicipal que circula internamente),Pendente,,,
3138351,Leme do Prado,MG,3 - Sudeste,4387,1 - Até 5000,Não,Sim,Não,-,Não,Só ônibus intermunicipal (sem circulação interna),Pendente,,,
3138401,Leopoldina,MG,3 - Sudeste,52696,5 - 50001 até 100000,Sim,Sim,Sim,Parcialmente adaptada,Sim,Possui ônibus urbano (intramunicipal),Pendente,,,
3138500,Liberdade,MG,3 - Sudeste,4775,1 - Até 5000,Não,Sim,Não,-,Não,Só ônibus intermunicipal (sem circulação interna),Pendente,,,
3138609,Lima Duarte,MG,3 - Sudeste,17712,3 - 10001 até 20000,Sim,Sim,Sim,Sem adaptação,Sim,Possui ônibus urbano (intramunicipal),Pendente,,,
3138625,Limeira do Oeste,MG,3 - Sudeste,9087,2 - 5001 até 10000,Sim,Sim,Não,Parcialmente adaptada,Sim,Possui ônibus urbano (intramunicipal),Pendente,,,
3138658,Lontra,MG,3 - Sudeste,8968,2 - 5001 até 10000,Não,Não,-,-,Não,Não possui transporte coletivo por ônibus,Sem fonte encontrada,Buscas retornaram apenas rodoviária intermunicipal (Lontra-MG),2026-08-08,Nenhuma evidência específica de ônibus urbano intramunicipal encontrada
3138674,Luisburgo,MG,3 - Sudeste,7195,2 - 5001 até 10000,Sim,Sim,Sim,Sem adaptação,Sim,Possui ônibus urbano (intramunicipal),Pendente,,,
3138682,Luislândia,MG,3 - Sudeste,6329,2 - 5001 até 10000,Não,Sim,Não,-,Não,Só ônibus intermunicipal (sem circulação interna),Pendente,,,
3138708,Luminárias,MG,3 - Sudeste,5731,2 - 5001 até 10000,Sim,Não,-,Sem adaptação,Sim,Possui ônibus urbano (intramunicipal),Pendente,,,
3138807,Luz,MG,3 - Sudeste,18304,3 - 10001 até 20000,Não,Sim,Sim,-,Sim,Possui ônibus local (via intermunicipal que circula internamente),Pendente,,,
3138906,Machacalis,MG,3 - Sudeste,6579,2 - 5001 até 10000,Não,Sim,Não,-,Não,Só ônibus intermunicipal (sem circulação interna),Pendente,,,
3139003,Machado,MG,3 - Sudeste,38831,4 - 20001 até 50000,Sim,Sim,Sim,Parcialmente adaptada,Sim,Possui ônibus urbano (intramunicipal),Pendente,,,
3139102,Madre de Deus de Minas,MG,3 - Sudeste,5341,2 - 5001 até 10000,Não,Sim,Sim,-,Sim,Possui ônibus local (via intermunicipal que circula internamente),Pendente,,,
3139201,Malacacheta,MG,3 - Sudeste,17751,3 - 10001 até 20000,Sim,Sim,Não,Sem adaptação,Sim,Possui ônibus urbano (intramunicipal),Pendente,,,
3139250,Mamonas,MG,3 - Sudeste,6096,2 - 5001 até 10000,Não,Sim,Não,-,Não,Só ônibus intermunicipal (sem circulação interna),Pendente,,,
3139300,Manga,MG,3 - Sudeste,19188,3 - 10001 até 20000,Não,Sim,Sim,-,Sim,Possui ônibus local (via intermunicipal que circula internamente),Pendente,,,
3139409,Manhuaçu,MG,3 - Sudeste,96545,5 - 50001 até 100000,Sim,Sim,Sim,Parcialmente adaptada,Sim,Possui ônibus urbano (intramunicipal),Pendente,,,
3139508,Manhumirim,MG,3 - Sudeste,20970,4 - 20001 até 50000,Não,Sim,Não,-,Não,Só ônibus intermunicipal (sem circulação interna),Pendente,,,
3139607,Mantena,MG,3 - Sudeste,27358,4 - 20001 até 50000,Sim,Sim,Sim,Parcialmente adaptada,Sim,Possui ônibus urbano (intramunicipal),Pendente,,,
3139706,Maravilhas,MG,3 - Sudeste,7518,2 - 5001 até 10000,Não,Sim,Não,-,Não,Só ônibus intermunicipal (sem circulação interna),Pendente,,,
3139805,Mar de Espanha,MG,3 - Sudeste,13119,3 - 10001 até 20000,Sim,Sim,Sim,Parcialmente adaptada,Sim,Possui ônibus urbano (intramunicipal),Pendente,,,
3139904,Maria da Fé,MG,3 - Sudeste,14557,3 - 10001 até 20000,Não,Sim,Sim,-,Sim,Possui ônibus local (via intermunicipal que circula internamente),Pendente,,,
3140001,Mariana,MG,3 - Sudeste,64058,5 - 50001 até 100000,Sim,Sim,Sim,Parcialmente adaptada,Sim,Possui ônibus urbano (intramunicipal),Pendente,,,
3140100,Marilac,MG,3 - Sudeste,4320,1 - Até 5000,Não,Sim,Não,-,Não,Só ônibus intermunicipal (sem circulação interna),Pendente,,,
3140159,Mário Campos,MG,3 - Sudeste,16546,3 - 10001 até 20000,Sim,Sim,Sim,Sem adaptação,Sim,Possui ônibus urbano (intramunicipal),Pendente,,,
3140209,Maripá de Minas,MG,3 - Sudeste,3532,1 - Até 5000,Sim,Sim,Sim,Parcialmente adaptada,Sim,Possui ônibus urbano (intramunicipal),Pendente,,,
3140308,Marliéria,MG,3 - Sudeste,4761,1 - Até 5000,Sim,Sim,Não,Sem adaptação,Sim,Possui ônibus urbano (intramunicipal),Pendente,,,
3140407,Marmelópolis,MG,3 - Sudeste,3299,1 - Até 5000,Não,Sim,Não,-,Não,Só ônibus intermunicipal (sem circulação interna),Pendente,,,
3140506,Martinho Campos,MG,3 - Sudeste,14461,3 - 10001 até 20000,Sim,Sim,Sim,Sem adaptação,Sim,Possui ônibus urbano (intramunicipal),Pendente,,,
3140530,Martins Soares,MG,3 - Sudeste,8725,2 - 5001 até 10000,Não,Sim,Sim,-,Sim,Possui ônibus local (via intermunicipal que circula internamente),Pendente,,,
3140555,Mata Verde,MG,3 - Sudeste,9458,2 - 5001 até 10000,Não,Sim,Não,-,Não,Só ônibus intermunicipal (sem circulação interna),Pendente,,,
3140605,Materlândia,MG,3 - Sudeste,3982,1 - Até 5000,Não,Sim,Não,-,Não,Só ônibus intermunicipal (sem circulação interna),Pendente,,,
3140704,Mateus Leme,MG,3 - Sudeste,40239,4 - 20001 até 50000,Sim,Sim,Sim,Parcialmente adaptada,Sim,Possui ônibus urbano (intramunicipal),Pendente,,,
3140803,Matias Barbosa,MG,3 - Sudeste,14501,3 - 10001 até 20000,Sim,Sim,Sim,Totalmente adaptada,Sim,Possui ônibus urbano (intramunicipal),Pendente,,,
3140852,Matias Cardoso,MG,3 - Sudeste,8975,2 - 5001 até 10000,Não,Não,-,-,Não,Não possui transporte coletivo por ônibus,Sem fonte encontrada,Buscas retornaram apenas balsa/ponte e transporte intermunicipal (Matias Cardoso-MG),2026-08-08,Nenhuma evidência específica de ônibus urbano intramunicipal encontrada
3140902,Matipó,MG,3 - Sudeste,19054,3 - 10001 até 20000,Não,Sim,Sim,-,Sim,Possui ônibus local (via intermunicipal que circula internamente),Pendente,,,
3141009,Mato Verde,MG,3 - Sudeste,12238,3 - 10001 até 20000,Não,Não,-,-,Não,Não possui transporte coletivo por ônibus,Sem fonte encontrada,,2026-08-08,"Referência genérica a empresas de transporte, sem confirmação específica de sistema urbano municipal. Mantido dado original do MUNIC."
3141108,Matozinhos,MG,3 - Sudeste,39291,4 - 20001 até 50000,Sim,Sim,Sim,Totalmente adaptada,Sim,Possui ônibus urbano (intramunicipal),Pendente,,,
3141207,Matutina,MG,3 - Sudeste,3907,1 - Até 5000,Não,Sim,Não,-,Não,Só ônibus intermunicipal (sem circulação interna),Pendente,,,
3141306,Medeiros,MG,3 - Sudeste,4040,1 - Até 5000,Não,Sim,Não,-,Não,Só ônibus intermunicipal (sem circulação interna),Pendente,,,
3141405,Medina,MG,3 - Sudeste,20492,4 - 20001 até 50000,Sim,Sim,Não,Parcialmente adaptada,Sim,Possui ônibus urbano (intramunicipal),Pendente,,,
3141504,Mendes Pimentel,MG,3 - Sudeste,5651,2 - 5001 até 10000,Sim,Não,-,Parcialmente adaptada,Sim,Possui ônibus urbano (intramunicipal),Pendente,,,
3141603,Mercês,MG,3 - Sudeste,10609,3 - 10001 até 20000,Não,Sim,Não,-,Não,Só ônibus intermunicipal (sem circulação interna),Pendente,,,
3141702,Mesquita,MG,3 - Sudeste,5038,2 - 5001 até 10000,Sim,Sim,Não,Parcialmente adaptada,Sim,Possui ônibus urbano (intramunicipal),Pendente,,,
3141801,Minas Novas,MG,3 - Sudeste,24191,4 - 20001 até 50000,Sim,Sim,Sim,Parcialmente adaptada,Sim,Possui ônibus urbano (intramunicipal),Pendente,,,
3141900,Minduri,MG,3 - Sudeste,3815,1 - Até 5000,Não,Sim,Não,-,Não,Só ônibus intermunicipal (sem circulação interna),Pendente,,,
3142007,Mirabela,MG,3 - Sudeste,14029,3 - 10001 até 20000,Não,Sim,Não,-,Não,Só ônibus intermunicipal (sem circulação interna),Pendente,,,
3142106,Miradouro,MG,3 - Sudeste,9026,2 - 5001 até 10000,Sim,Sim,Sim,Sem adaptação,Sim,Possui ônibus urbano (intramunicipal),Pendente,,,
3142205,Miraí,MG,3 - Sudeste,13922,3 - 10001 até 20000,Não,Sim,Não,-,Não,Só ônibus intermunicipal (sem circulação interna),Pendente,,,
3142254,Miravânia,MG,3 - Sudeste,4011,1 - Até 5000,Não,Sim,Não,-,Não,Só ônibus intermunicipal (sem circulação interna),Pendente,,,
3142304,Moeda,MG,3 - Sudeste,5291,2 - 5001 até 10000,Sim,Sim,Não,Parcialmente adaptada,Sim,Possui ônibus urbano (intramunicipal),Pendente,,,
3142403,Moema,MG,3 - Sudeste,7778,2 - 5001 até 10000,Não,Sim,Não,-,Não,Só ônibus intermunicipal (sem circulação interna),Pendente,,,
3142502,Monjolos,MG,3 - Sudeste,2196,1 - Até 5000,Não,Sim,Não,-,Não,Só ônibus intermunicipal (sem circulação interna),Pendente,,,
3142601,Monsenhor Paulo,MG,3 - Sudeste,8550,2 - 5001 até 10000,Sim,Não,-,Parcialmente adaptada,Sim,Possui ônibus urbano (intramunicipal),Pendente,,,
3142700,Montalvânia,MG,3 - Sudeste,14160,3 - 10001 até 20000,Sim,Sim,Sim,Parcialmente adaptada,Sim,Possui ônibus urbano (intramunicipal),Pendente,,,
3142809,Monte Alegre de Minas,MG,3 - Sudeste,20666,4 - 20001 até 50000,Sim,Sim,Sim,Parcialmente adaptada,Sim,Possui ônibus urbano (intramunicipal),Pendente,,,
3142908,Monte Azul,MG,3 - Sudeste,20577,4 - 20001 até 50000,Não,Não,-,-,Não,Não possui transporte coletivo por ônibus,Sem fonte encontrada,,2026-08-07,Busca retornou apenas informações sobre rodoviária/transporte intermunicipal ou localidades homônimas; sem confirmação confiável específica. Mantido dado original do MUNIC.
3143005,Monte Belo,MG,3 - Sudeste,13340,3 - 10001 até 20000,Não,Sim,Não,-,Não,Só ônibus intermunicipal (sem circulação interna),Pendente,,,
3143104,Monte Carmelo,MG,3 - Sudeste,49354,4 - 20001 até 50000,Sim,Sim,Não,Parcialmente adaptada,Sim,Possui ônibus urbano (intramunicipal),Pendente,,,
3143153,Monte Formoso,MG,3 - Sudeste,4449,1 - Até 5000,Não,Sim,Não,-,Não,Só ônibus intermunicipal (sem circulação interna),Pendente,,,
3143203,Monte Santo de Minas,MG,3 - Sudeste,21301,4 - 20001 até 50000,Sim,Sim,Não,Sem adaptação,Sim,Possui ônibus urbano (intramunicipal),Pendente,,,
3143302,Montes Claros,MG,3 - Sudeste,434321,6 - 100001 até 500000,Sim,Sim,Não,Parcialmente adaptada,Sim,Possui ônibus urbano (intramunicipal),Confirmado,Cidade de grande porte com sistema de transporte público municipal/metropolitano amplamente documentado (prefeitura/consórcio de transporte),2026-08-07,Município de grande população (>280 mil hab.) com sistema de ônibus consolidado e publicamente conhecido; dado do MUNIC 2024 já indicava 'Sim' corretamente.
3143401,Monte Sião,MG,3 - Sudeste,24933,4 - 20001 até 50000,Sim,Sim,Não,Sem adaptação,Sim,Possui ônibus urbano (intramunicipal),Pendente,,,
3143450,Montezuma,MG,3 - Sudeste,6979,2 - 5001 até 10000,Sim,Sim,Sim,Parcialmente adaptada,Sim,Possui ônibus urbano (intramunicipal),Pendente,,,
3143500,Morada Nova de Minas,MG,3 - Sudeste,9364,2 - 5001 até 10000,Não,Não,-,-,Não,Não possui transporte coletivo por ônibus,Sem fonte encontrada,Buscas retornaram apenas rodoviária intermunicipal (Morada Nova de Minas-MG),2026-08-08,Nenhuma evidência específica de ônibus urbano intramunicipal encontrada
3143609,Morro da Garça,MG,3 - Sudeste,2438,1 - Até 5000,Sim,Sim,Sim,Totalmente adaptada,Sim,Possui ônibus urbano (intramunicipal),Pendente,,,
3143708,Morro do Pilar,MG,3 - Sudeste,3174,1 - Até 5000,Não,Sim,Não,-,Não,Só ônibus intermunicipal (sem circulação interna),Pendente,,,
3143807,Munhoz,MG,3 - Sudeste,7857,2 - 5001 até 10000,Não,Não,-,-,Não,Não possui transporte coletivo por ônibus,Sem fonte encontrada,Buscas retornaram apenas rodoviária intermunicipal (Munhoz-MG),2026-08-10,Nenhuma evidência específica de ônibus urbano intramunicipal encontrada
3143906,Muriaé,MG,3 - Sudeste,108161,6 - 100001 até 500000,Sim,Sim,Sim,Totalmente adaptada,Sim,Possui ônibus urbano (intramunicipal),Pendente,,,
3144003,Mutum,MG,3 - Sudeste,28670,4 - 20001 até 50000,Sim,Sim,Sim,Sem adaptação,Sim,Possui ônibus urbano (intramunicipal),Pendente,,,
3144102,Muzambinho,MG,3 - Sudeste,22527,4 - 20001 até 50000,Sim,Sim,Sim,Sem adaptação,Sim,Possui ônibus urbano (intramunicipal),Pendente,,,
3144201,Nacip Raydan,MG,3 - Sudeste,2437,1 - Até 5000,Não,Sim,Não,-,Não,Só ônibus intermunicipal (sem circulação interna),Pendente,,,
3144300,Nanuque,MG,3 - Sudeste,35554,4 - 20001 até 50000,Sim,Sim,Sim,Parcialmente adaptada,Sim,Possui ônibus urbano (intramunicipal),Pendente,,,
3144359,Naque,MG,3 - Sudeste,6442,2 - 5001 até 10000,Não,Sim,Não,-,Não,Só ônibus intermunicipal (sem circulação interna),Pendente,,,
3144375,Natalândia,MG,3 - Sudeste,3626,1 - Até 5000,Sim,Sim,Não,Totalmente adaptada,Sim,Possui ônibus urbano (intramunicipal),Pendente,,,
3144409,Natércia,MG,3 - Sudeste,4800,1 - Até 5000,Não,Sim,Não,-,Não,Só ônibus intermunicipal (sem circulação interna),Pendente,,,
3144508,Nazareno,MG,3 - Sudeste,8390,2 - 5001 até 10000,Não,Sim,Não,-,Não,Só ônibus intermunicipal (sem circulação interna),Pendente,,,
3144607,Nepomuceno,MG,3 - Sudeste,25774,4 - 20001 até 50000,Sim,Sim,Sim,Parcialmente adaptada,Sim,Possui ônibus urbano (intramunicipal),Pendente,,,
3144656,Ninheira,MG,3 - Sudeste,10915,3 - 10001 até 20000,Sim,Não,-,Parcialmente adaptada,Sim,Possui ônibus urbano (intramunicipal),Pendente,,,
3144672,Nova Belém,MG,3 - Sudeste,3156,1 - Até 5000,Não,Não,-,-,Não,Não possui transporte coletivo por ônibus,Pendente,,,
3144706,Nova Era,MG,3 - Sudeste,17807,3 - 10001 até 20000,Sim,Sim,Sim,Sem adaptação,Sim,Possui ônibus urbano (intramunicipal),Pendente,,,
3144805,Nova Lima,MG,3 - Sudeste,119142,6 - 100001 até 500000,Sim,Sim,Sim,Parcialmente adaptada,Sim,Possui ônibus urbano (intramunicipal),Pendente,,,
3144904,Nova Módica,MG,3 - Sudeste,3731,1 - Até 5000,Sim,Sim,Sim,Parcialmente adaptada,Sim,Possui ônibus urbano (intramunicipal),Pendente,,,
3145000,Nova Ponte,MG,3 - Sudeste,15113,3 - 10001 até 20000,Sim,Sim,Sim,Parcialmente adaptada,Sim,Possui ônibus urbano (intramunicipal),Pendente,,,
3145059,Nova Porteirinha,MG,3 - Sudeste,6780,2 - 5001 até 10000,Sim,Não,-,Sem adaptação,Sim,Possui ônibus urbano (intramunicipal),Pendente,,,
3145109,Nova Resende,MG,3 - Sudeste,16854,3 - 10001 até 20000,Sim,Sim,Não,Sem adaptação,Sim,Possui ônibus urbano (intramunicipal),Pendente,,,
3145208,Nova Serrana,MG,3 - Sudeste,112910,6 - 100001 até 500000,Sim,Sim,Não,Totalmente adaptada,Sim,Possui ônibus urbano (intramunicipal),Pendente,,,
3145307,Novo Cruzeiro,MG,3 - Sudeste,27453,4 - 20001 até 50000,Sim,Sim,Sim,Parcialmente adaptada,Sim,Possui ônibus urbano (intramunicipal),Pendente,,,
3145356,Novo Oriente de Minas,MG,3 - Sudeste,10501,3 - 10001 até 20000,Não,Sim,Não,-,Não,Só ônibus intermunicipal (sem circulação interna),Pendente,,,
3145372,Novorizonte,MG,3 - Sudeste,4630,1 - Até 5000,Sim,Sim,Sim,Totalmente adaptada,Sim,Possui ônibus urbano (intramunicipal),Pendente,,,
3145406,Olaria,MG,3 - Sudeste,1986,1 - Até 5000,Não,Não,-,-,Não,Não possui transporte coletivo por ônibus,Pendente,,,
3145455,Olhos-dÁgua,MG,3 - Sudeste,5520,2 - 5001 até 10000,Não,Sim,Não,-,Não,Só ônibus intermunicipal (sem circulação interna),Pendente,,,
3145505,Olímpio Noronha,MG,3 - Sudeste,2616,1 - Até 5000,Não,Sim,Não,-,Não,Só ônibus intermunicipal (sem circulação interna),Pendente,,,
3145604,Oliveira,MG,3 - Sudeste,40552,4 - 20001 até 50000,Sim,Sim,Não,Parcialmente adaptada,Sim,Possui ônibus urbano (intramunicipal),Pendente,,,
3145703,Oliveira Fortes,MG,3 - Sudeste,2062,1 - Até 5000,Não,Sim,Não,-,Não,Só ônibus intermunicipal (sem circulação interna),Pendente,,,
3145802,Onça de Pitangui,MG,3 - Sudeste,3027,1 - Até 5000,Não,Sim,Não,-,Não,Só ônibus intermunicipal (sem circulação interna),Pendente,,,
3145851,Oratórios,MG,3 - Sudeste,5076,2 - 5001 até 10000,Não,Sim,Não,-,Não,Só ônibus intermunicipal (sem circulação interna),Pendente,,,
3145877,Orizânia,MG,3 - Sudeste,8759,2 - 5001 até 10000,Não,Sim,Não,-,Não,Só ônibus intermunicipal (sem circulação interna),Pendente,,,
3145901,Ouro Branco,MG,3 - Sudeste,40411,4 - 20001 até 50000,Sim,Sim,Não,Parcialmente adaptada,Sim,Possui ônibus urbano (intramunicipal),Pendente,,,
3146008,Ouro Fino,MG,3 - Sudeste,33227,4 - 20001 até 50000,Não,Sim,Não,-,Não,Só ônibus intermunicipal (sem circulação interna),Pendente,,,
3146107,Ouro Preto,MG,3 - Sudeste,77601,5 - 50001 até 100000,Sim,Sim,Sim,Parcialmente adaptada,Sim,Possui ônibus urbano (intramunicipal),Pendente,,,
3146206,Ouro Verde de Minas,MG,3 - Sudeste,5858,2 - 5001 até 10000,Não,Sim,Não,-,Não,Só ônibus intermunicipal (sem circulação interna),Pendente,,,
3146255,Padre Carvalho,MG,3 - Sudeste,5085,2 - 5001 até 10000,Não,Sim,Não,-,Não,Só ônibus intermunicipal (sem circulação interna),Pendente,,,
3146305,Padre Paraíso,MG,3 - Sudeste,17537,3 - 10001 até 20000,Não,Sim,Não,-,Não,Só ônibus intermunicipal (sem circulação interna),Pendente,,,
3146404,Paineiras,MG,3 - Sudeste,4273,1 - Até 5000,Não,Sim,Não,-,Não,Só ônibus intermunicipal (sem circulação interna),Pendente,,,
3146503,Pains,MG,3 - Sudeste,8341,2 - 5001 até 10000,Sim,Sim,Não,Parcialmente adaptada,Sim,Possui ônibus urbano (intramunicipal),Pendente,,,
3146552,Pai Pedro,MG,3 - Sudeste,5634,2 - 5001 até 10000,Não,Sim,Não,-,Não,Só ônibus intermunicipal (sem circulação interna),Pendente,,,
3146602,Paiva,MG,3 - Sudeste,1498,1 - Até 5000,Não,Sim,Não,-,Não,Só ônibus intermunicipal (sem circulação interna),Pendente,,,
3146701,Palma,MG,3 - Sudeste,5742,2 - 5001 até 10000,Sim,Sim,Sim,Sem adaptação,Sim,Possui ônibus urbano (intramunicipal),Pendente,,,
3146750,Palmópolis,MG,3 - Sudeste,6373,2 - 5001 até 10000,Não,Sim,Não,-,Não,Só ônibus intermunicipal (sem circulação interna),Pendente,,,
3146909,Papagaios,MG,3 - Sudeste,14207,3 - 10001 até 20000,Não,Sim,Não,-,Não,Só ônibus intermunicipal (sem circulação interna),Pendente,,,
3147006,Paracatu,MG,3 - Sudeste,98397,5 - 50001 até 100000,Sim,Sim,Sim,Parcialmente adaptada,Sim,Possui ônibus urbano (intramunicipal),Pendente,,,
3147105,Pará de Minas,MG,3 - Sudeste,102033,6 - 100001 até 500000,Sim,Sim,Não,Totalmente adaptada,Sim,Possui ônibus urbano (intramunicipal),Pendente,,,
3147204,Paraguaçu,MG,3 - Sudeste,22357,4 - 20001 até 50000,Sim,Sim,Não,Parcialmente adaptada,Sim,Possui ônibus urbano (intramunicipal),Pendente,,,
3147303,Paraisópolis,MG,3 - Sudeste,21005,4 - 20001 até 50000,Não,Sim,Sim,-,Sim,Possui ônibus local (via intermunicipal que circula internamente),Pendente,,,
3147402,Paraopeba,MG,3 - Sudeste,24800,4 - 20001 até 50000,Sim,Sim,Sim,Sem adaptação,Sim,Possui ônibus urbano (intramunicipal),Pendente,,,
3147501,Passabém,MG,3 - Sudeste,1617,1 - Até 5000,Não,Sim,Não,-,Não,Só ônibus intermunicipal (sem circulação interna),Pendente,,,
3147600,Passa Quatro,MG,3 - Sudeste,15842,3 - 10001 até 20000,Sim,Sim,Não,Parcialmente adaptada,Sim,Possui ônibus urbano (intramunicipal),Pendente,,,
3147709,Passa Tempo,MG,3 - Sudeste,8696,2 - 5001 até 10000,Sim,Sim,Sim,Parcialmente adaptada,Sim,Possui ônibus urbano (intramunicipal),Pendente,,,
3147808,Passa Vinte,MG,3 - Sudeste,2301,1 - Até 5000,Não,Sim,Não,-,Não,Só ônibus intermunicipal (sem circulação interna),Pendente,,,
3147907,Passos,MG,3 - Sudeste,116530,6 - 100001 até 500000,Sim,Sim,Não,Totalmente adaptada,Sim,Possui ônibus urbano (intramunicipal),Pendente,,,
3147956,Patis,MG,3 - Sudeste,4863,1 - Até 5000,Não,Não,-,-,Não,Não possui transporte coletivo por ônibus,Sem fonte encontrada,"'Viação Pássaro Branco' opera em Patos de Minas-MG, não em Patis-MG (homônimo parcial/confusão)",2026-08-13,"Confusão com Patos de Minas-MG, sem evidência válida"
3148004,Patos de Minas,MG,3 - Sudeste,167870,6 - 100001 até 500000,Sim,Sim,Não,Totalmente adaptada,Sim,Possui ônibus urbano (intramunicipal),Pendente,,,
3148103,Patrocínio,MG,3 - Sudeste,93852,5 - 50001 até 100000,Sim,Sim,Sim,Totalmente adaptada,Sim,Possui ônibus urbano (intramunicipal),Pendente,,,
3148202,Patrocínio do Muriaé,MG,3 - Sudeste,5735,2 - 5001 até 10000,Não,Sim,Não,-,Não,Só ônibus intermunicipal (sem circulação interna),Pendente,,,
3148301,Paula Cândido,MG,3 - Sudeste,8786,2 - 5001 até 10000,Sim,Sim,Sim,Sem adaptação,Sim,Possui ônibus urbano (intramunicipal),Pendente,,,
3148400,Paulistas,MG,3 - Sudeste,4429,1 - Até 5000,Sim,Não,-,Parcialmente adaptada,Sim,Possui ônibus urbano (intramunicipal),Pendente,,,
3148509,Pavão,MG,3 - Sudeste,8168,2 - 5001 até 10000,Não,Sim,Não,-,Não,Só ônibus intermunicipal (sem circulação interna),Pendente,,,
3148608,Peçanha,MG,3 - Sudeste,17843,3 - 10001 até 20000,Não,Sim,Não,-,Não,Só ônibus intermunicipal (sem circulação interna),Pendente,,,
3148707,Pedra Azul,MG,3 - Sudeste,24999,4 - 20001 até 50000,Não,Sim,Não,-,Não,Só ônibus intermunicipal (sem circulação interna),Pendente,,,
3148756,Pedra Bonita,MG,3 - Sudeste,7559,2 - 5001 até 10000,Não,Não,-,-,Não,Não possui transporte coletivo por ônibus,Sem fonte encontrada,"'Transporte Coletivo Cidade de Pedra' opera em Rondonópolis-MT, não em Pedra Bonita-MG (nome de empresa homônimo)",2026-08-10,Confusão com empresa homônima de outro município/estado
3148806,Pedra do Anta,MG,3 - Sudeste,3371,1 - Até 5000,Não,Sim,Não,-,Não,Só ônibus intermunicipal (sem circulação interna),Pendente,,,
3148905,Pedra do Indaiá,MG,3 - Sudeste,4232,1 - Até 5000,Não,Sim,Não,-,Não,Só ônibus intermunicipal (sem circulação interna),Pendente,,,
3149002,Pedra Dourada,MG,3 - Sudeste,2883,1 - Até 5000,Não,Sim,Não,-,Não,Só ônibus intermunicipal (sem circulação interna),Pendente,,,
3149101,Pedralva,MG,3 - Sudeste,10924,3 - 10001 até 20000,Não,Sim,Sim,-,Sim,Possui ônibus local (via intermunicipal que circula internamente),Pendente,,,
3149150,Pedras de Maria da Cruz,MG,3 - Sudeste,10619,3 - 10001 até 20000,Sim,Sim,Não,Parcialmente adaptada,Sim,Possui ônibus urbano (intramunicipal),Pendente,,,
3149200,Pedrinópolis,MG,3 - Sudeste,3404,1 - Até 5000,Não,Sim,Não,-,Não,Só ônibus intermunicipal (sem circulação interna),Pendente,,,
3149309,Pedro Leopoldo,MG,3 - Sudeste,64910,5 - 50001 até 100000,Sim,Sim,Sim,Parcialmente adaptada,Sim,Possui ônibus urbano (intramunicipal),Pendente,,,
3149408,Pedro Teixeira,MG,3 - Sudeste,1854,1 - Até 5000,Sim,Sim,Não,Totalmente adaptada,Sim,Possui ônibus urbano (intramunicipal),Pendente,,,
3149507,Pequeri,MG,3 - Sudeste,3448,1 - Até 5000,Não,Sim,Sim,-,Sim,Possui ônibus local (via intermunicipal que circula internamente),Pendente,,,
3149606,Pequi,MG,3 - Sudeste,4258,1 - Até 5000,Não,Sim,Não,-,Não,Só ônibus intermunicipal (sem circulação interna),Pendente,,,
3149705,Perdigão,MG,3 - Sudeste,12925,3 - 10001 até 20000,Não,Sim,Sim,-,Sim,Possui ônibus local (via intermunicipal que circula internamente),Pendente,,,
3149804,Perdizes,MG,3 - Sudeste,17830,3 - 10001 até 20000,Sim,Sim,Não,Totalmente adaptada,Sim,Possui ônibus urbano (intramunicipal),Pendente,,,
3149903,Perdões,MG,3 - Sudeste,21991,4 - 20001 até 50000,Não,Sim,Não,-,Não,Só ônibus intermunicipal (sem circulação interna),Pendente,,,
3149952,Periquito,MG,3 - Sudeste,6647,2 - 5001 até 10000,Não,Sim,Não,-,Não,Só ônibus intermunicipal (sem circulação interna),Pendente,,,
3150000,Pescador,MG,3 - Sudeste,3587,1 - Até 5000,Não,Sim,Não,-,Não,Só ônibus intermunicipal (sem circulação interna),Pendente,,,
3150109,Piau,MG,3 - Sudeste,2854,1 - Até 5000,Não,Sim,Não,-,Não,Só ônibus intermunicipal (sem circulação interna),Pendente,,,
3150158,Piedade de Caratinga,MG,3 - Sudeste,8883,2 - 5001 até 10000,Não,Sim,Sim,-,Sim,Possui ônibus local (via intermunicipal que circula internamente),Pendente,,,
3150208,Piedade de Ponte Nova,MG,3 - Sudeste,4056,1 - Até 5000,Não,Não,-,-,Não,Não possui transporte coletivo por ônibus,Pendente,,,
3150307,Piedade do Rio Grande,MG,3 - Sudeste,4697,1 - Até 5000,Sim,Sim,Sim,Sem adaptação,Sim,Possui ônibus urbano (intramunicipal),Pendente,,,
3150406,Piedade dos Gerais,MG,3 - Sudeste,5175,2 - 5001 até 10000,Sim,Não,-,Totalmente adaptada,Sim,Possui ônibus urbano (intramunicipal),Pendente,,,
3150505,Pimenta,MG,3 - Sudeste,8794,2 - 5001 até 10000,Não,Sim,Não,-,Não,Só ônibus intermunicipal (sem circulação interna),Pendente,,,
3150539,Pingo-dÁgua,MG,3 - Sudeste,4845,1 - Até 5000,Não,Sim,Não,-,Não,Só ônibus intermunicipal (sem circulação interna),Pendente,,,
3150570,Pintópolis,MG,3 - Sudeste,7231,2 - 5001 até 10000,Sim,Sim,Não,Sem adaptação,Sim,Possui ônibus urbano (intramunicipal),Pendente,,,
3150604,Piracema,MG,3 - Sudeste,6884,2 - 5001 até 10000,Não,Não,-,-,Não,Não possui transporte coletivo por ônibus,Sem fonte encontrada,"'Viação Piracema' opera rotas intermunicipais/interestaduais a partir de Piracema-MG, mas sem evidência de linha urbana municipal",2026-08-10,Nenhuma evidência específica de ônibus urbano intramunicipal encontrada
3150703,Pirajuba,MG,3 - Sudeste,5762,2 - 5001 até 10000,Não,Não,-,-,Não,Não possui transporte coletivo por ônibus,Sem fonte encontrada,Buscas retornaram apenas transporte intermunicipal Uberaba-Pirajuba (Pirajuba-MG),2026-08-10,Nenhuma evidência específica de ônibus urbano intramunicipal encontrada
3150802,Piranga,MG,3 - Sudeste,17360,3 - 10001 até 20000,Não,Sim,Não,-,Não,Só ônibus intermunicipal (sem circulação interna),Pendente,,,
3150901,Piranguçu,MG,3 - Sudeste,6271,2 - 5001 até 10000,Não,Sim,Sim,-,Sim,Possui ônibus local (via intermunicipal que circula internamente),Pendente,,,
3151008,Piranguinho,MG,3 - Sudeste,9451,2 - 5001 até 10000,Sim,Sim,Sim,Sem adaptação,Sim,Possui ônibus urbano (intramunicipal),Pendente,,,
3151107,Pirapetinga,MG,3 - Sudeste,11408,3 - 10001 até 20000,Sim,Sim,Sim,Sem adaptação,Sim,Possui ônibus urbano (intramunicipal),Pendente,,,
3151206,Pirapora,MG,3 - Sudeste,57543,5 - 50001 até 100000,Sim,Sim,Sim,Parcialmente adaptada,Sim,Possui ônibus urbano (intramunicipal),Pendente,,,
3151305,Piraúba,MG,3 - Sudeste,11958,3 - 10001 até 20000,Não,Sim,Não,-,Não,Só ônibus intermunicipal (sem circulação interna),Pendente,,,
3151404,Pitangui,MG,3 - Sudeste,27734,4 - 20001 até 50000,Sim,Sim,Sim,Totalmente adaptada,Sim,Possui ônibus urbano (intramunicipal),Pendente,,,
3151503,Piumhi,MG,3 - Sudeste,37742,4 - 20001 até 50000,Sim,Sim,Não,Totalmente adaptada,Sim,Possui ônibus urbano (intramunicipal),Pendente,,,
3151602,Planura,MG,3 - Sudeste,11484,3 - 10001 até 20000,Não,Sim,Não,-,Não,Só ônibus intermunicipal (sem circulação interna),Pendente,,,
3151701,Poço Fundo,MG,3 - Sudeste,16791,3 - 10001 até 20000,Não,Sim,Sim,-,Sim,Possui ônibus local (via intermunicipal que circula internamente),Pendente,,,
3151800,Poços de Caldas,MG,3 - Sudeste,171533,6 - 100001 até 500000,Sim,Sim,Não,Parcialmente adaptada,Sim,Possui ônibus urbano (intramunicipal),Pendente,,,
3151909,Pocrane,MG,3 - Sudeste,8468,2 - 5001 até 10000,Sim,Sim,Sim,Sem adaptação,Sim,Possui ônibus urbano (intramunicipal),Pendente,,,
3152006,Pompéu,MG,3 - Sudeste,32305,4 - 20001 até 50000,Não,Sim,Não,-,Não,Só ônibus intermunicipal (sem circulação interna),Pendente,,,
3152105,Ponte Nova,MG,3 - Sudeste,59569,5 - 50001 até 100000,Sim,Sim,Sim,Parcialmente adaptada,Sim,Possui ônibus urbano (intramunicipal),Pendente,,,
3152131,Ponto Chique,MG,3 - Sudeste,3807,1 - Até 5000,Não,Sim,Não,-,Não,Só ônibus intermunicipal (sem circulação interna),Pendente,,,
3152170,Ponto dos Volantes,MG,3 - Sudeste,11077,3 - 10001 até 20000,Não,Não,-,-,Não,Não possui transporte coletivo por ônibus,Sem fonte encontrada,,2026-08-08,Apenas informações sobre transporte intermunicipal/metropolitano regulado pelo estado; sem confirmação específica. Mantido dado original do MUNIC.
3152204,Porteirinha,MG,3 - Sudeste,38668,4 - 20001 até 50000,Sim,Sim,Não,Sem adaptação,Sim,Possui ônibus urbano (intramunicipal),Pendente,,,
3152303,Porto Firme,MG,3 - Sudeste,10825,3 - 10001 até 20000,Não,Sim,Não,-,Não,Só ônibus intermunicipal (sem circulação interna),Pendente,,,
3152402,Poté,MG,3 - Sudeste,13751,3 - 10001 até 20000,Não,Sim,Sim,-,Sim,Possui ônibus local (via intermunicipal que circula internamente),Pendente,,,
3152501,Pouso Alegre,MG,3 - Sudeste,160751,6 - 100001 até 500000,Sim,Sim,Sim,Totalmente adaptada,Sim,Possui ônibus urbano (intramunicipal),Pendente,,,
3152600,Pouso Alto,MG,3 - Sudeste,6755,2 - 5001 até 10000,Não,Sim,Não,-,Não,Só ônibus intermunicipal (sem circulação interna),Pendente,,,
3152709,Prados,MG,3 - Sudeste,9327,2 - 5001 até 10000,Não,Sim,Não,-,Não,Só ônibus intermunicipal (sem circulação interna),Pendente,,,
3152808,Prata,MG,3 - Sudeste,29578,4 - 20001 até 50000,Sim,Sim,Sim,Parcialmente adaptada,Sim,Possui ônibus urbano (intramunicipal),Pendente,,,
3152907,Pratápolis,MG,3 - Sudeste,8551,2 - 5001 até 10000,Não,Sim,Não,-,Não,Só ônibus intermunicipal (sem circulação interna),Pendente,,,
3153004,Pratinha,MG,3 - Sudeste,3673,1 - Até 5000,Não,Sim,Não,-,Não,Só ônibus intermunicipal (sem circulação interna),Pendente,,,
3153103,Presidente Bernardes,MG,3 - Sudeste,4883,1 - Até 5000,Sim,Sim,Sim,Sem adaptação,Sim,Possui ônibus urbano (intramunicipal),Pendente,,,
3153202,Presidente Juscelino,MG,3 - Sudeste,3493,1 - Até 5000,Não,Sim,Sim,-,Sim,Possui ônibus local (via intermunicipal que circula internamente),Pendente,,,
3153301,Presidente Kubitschek,MG,3 - Sudeste,3154,1 - Até 5000,Não,Sim,Sim,-,Sim,Possui ônibus local (via intermunicipal que circula internamente),Pendente,,,
3153400,Presidente Olegário,MG,3 - Sudeste,19177,3 - 10001 até 20000,Não,Sim,Não,-,Não,Só ônibus intermunicipal (sem circulação interna),Pendente,,,
3153509,Alto Jequitibá,MG,3 - Sudeste,8596,2 - 5001 até 10000,Não,Sim,Sim,-,Sim,Possui ônibus local (via intermunicipal que circula internamente),Pendente,,,
3153608,Prudente de Morais,MG,3 - Sudeste,11940,3 - 10001 até 20000,Não,Sim,Sim,-,Sim,Possui ônibus local (via intermunicipal que circula internamente),Pendente,,,
3153707,Quartel Geral,MG,3 - Sudeste,3237,1 - Até 5000,Não,Sim,Não,-,Não,Só ônibus intermunicipal (sem circulação interna),Pendente,,,
3153806,Queluzito,MG,3 - Sudeste,1800,1 - Até 5000,Sim,Sim,Sim,Parcialmente adaptada,Sim,Possui ônibus urbano (intramunicipal),Pendente,,,
3153905,Raposos,MG,3 - Sudeste,16735,3 - 10001 até 20000,Sim,Sim,Sim,Totalmente adaptada,Sim,Possui ônibus urbano (intramunicipal),Pendente,,,
3154002,Raul Soares,MG,3 - Sudeste,23882,4 - 20001 até 50000,Sim,Sim,Não,Sem adaptação,Sim,Possui ônibus urbano (intramunicipal),Pendente,,,
3154101,Recreio,MG,3 - Sudeste,11337,3 - 10001 até 20000,Sim,Sim,Sim,Parcialmente adaptada,Sim,Possui ônibus urbano (intramunicipal),Pendente,,,
3154150,Reduto,MG,3 - Sudeste,8170,2 - 5001 até 10000,Não,Sim,Sim,-,Sim,Possui ônibus local (via intermunicipal que circula internamente),Pendente,,,
3154200,Resende Costa,MG,3 - Sudeste,11520,3 - 10001 até 20000,Sim,Sim,Não,Parcialmente adaptada,Sim,Possui ônibus urbano (intramunicipal),Pendente,,,
3154309,Resplendor,MG,3 - Sudeste,17612,3 - 10001 até 20000,Sim,Sim,Sim,Sem adaptação,Sim,Possui ônibus urbano (intramunicipal),Pendente,,,
3154408,Ressaquinha,MG,3 - Sudeste,4641,1 - Até 5000,Não,Sim,Não,-,Não,Só ônibus intermunicipal (sem circulação interna),Pendente,,,
3154457,Riachinho,MG,3 - Sudeste,6890,2 - 5001 até 10000,Sim,Sim,Sim,Parcialmente adaptada,Sim,Possui ônibus urbano (intramunicipal),Pendente,,,
3154507,Riacho dos Machados,MG,3 - Sudeste,8886,2 - 5001 até 10000,Não,Sim,Sim,-,Sim,Possui ônibus local (via intermunicipal que circula internamente),Pendente,,,
3154606,Ribeirão das Neves,MG,3 - Sudeste,344828,6 - 100001 até 500000,Sim,Sim,Sim,Totalmente adaptada,Sim,Possui ônibus urbano (intramunicipal),Confirmado,Cidade de grande porte com sistema de transporte público municipal/metropolitano amplamente documentado (prefeitura/consórcio de transporte),2026-08-07,Município de grande população (>280 mil hab.) com sistema de ônibus consolidado e publicamente conhecido; dado do MUNIC 2024 já indicava 'Sim' corretamente.
3154705,Ribeirão Vermelho,MG,3 - Sudeste,4201,1 - Até 5000,Não,Sim,Sim,-,Sim,Possui ônibus local (via intermunicipal que circula internamente),Pendente,,,
3154804,Rio Acima,MG,3 - Sudeste,10626,3 - 10001 até 20000,Não,Sim,Sim,-,Sim,Possui ônibus local (via intermunicipal que circula internamente),Pendente,,,
3154903,Rio Casca,MG,3 - Sudeste,12921,3 - 10001 até 20000,Sim,Sim,Não,Parcialmente adaptada,Sim,Possui ônibus urbano (intramunicipal),Pendente,,,
3155009,Rio Doce,MG,3 - Sudeste,2542,1 - Até 5000,Não,Sim,Sim,-,Sim,Possui ônibus local (via intermunicipal que circula internamente),Pendente,,,
3155108,Rio do Prado,MG,3 - Sudeste,4679,1 - Até 5000,Não,Sim,Não,-,Não,Só ônibus intermunicipal (sem circulação interna),Pendente,,,
3155207,Rio Espera,MG,3 - Sudeste,5479,2 - 5001 até 10000,Não,Sim,Não,-,Não,Só ônibus intermunicipal (sem circulação interna),Pendente,,,
3155306,Rio Manso,MG,3 - Sudeste,5727,2 - 5001 até 10000,Sim,Sim,Sim,Sem adaptação,Sim,Possui ônibus urbano (intramunicipal),Pendente,,,
3155405,Rio Novo,MG,3 - Sudeste,8689,2 - 5001 até 10000,Não,Sim,Não,-,Não,Só ônibus intermunicipal (sem circulação interna),Pendente,,,
3155504,Rio Paranaíba,MG,3 - Sudeste,15143,3 - 10001 até 20000,Sim,Sim,Não,Parcialmente adaptada,Sim,Possui ônibus urbano (intramunicipal),Pendente,,,
3155603,Rio Pardo de Minas,MG,3 - Sudeste,29123,4 - 20001 até 50000,Sim,Sim,Sim,Parcialmente adaptada,Sim,Possui ônibus urbano (intramunicipal),Pendente,,,
3155702,Rio Piracicaba,MG,3 - Sudeste,15001,3 - 10001 até 20000,Sim,Sim,Sim,Sem adaptação,Sim,Possui ônibus urbano (intramunicipal),Pendente,,,
3155801,Rio Pomba,MG,3 - Sudeste,17856,3 - 10001 até 20000,Sim,Sim,Não,Sem adaptação,Sim,Possui ônibus urbano (intramunicipal),Pendente,,,
3155900,Rio Preto,MG,3 - Sudeste,5240,2 - 5001 até 10000,Não,Sim,Não,-,Não,Só ônibus intermunicipal (sem circulação interna),Pendente,,,
3156007,Rio Vermelho,MG,3 - Sudeste,12815,3 - 10001 até 20000,Sim,Sim,Sim,Parcialmente adaptada,Sim,Possui ônibus urbano (intramunicipal),Pendente,,,
3156106,Ritápolis,MG,3 - Sudeste,5115,2 - 5001 até 10000,Não,Sim,Não,-,Não,Só ônibus intermunicipal (sem circulação interna),Pendente,,,
3156205,Rochedo de Minas,MG,3 - Sudeste,2363,1 - Até 5000,Não,Sim,Não,-,Não,Só ônibus intermunicipal (sem circulação interna),Pendente,,,
3156304,Rodeiro,MG,3 - Sudeste,9064,2 - 5001 até 10000,Não,Sim,Não,-,Não,Só ônibus intermunicipal (sem circulação interna),Pendente,,,
3156403,Romaria,MG,3 - Sudeste,3440,1 - Até 5000,Não,Sim,Não,-,Não,Só ônibus intermunicipal (sem circulação interna),Pendente,,,
3156452,Rosário da Limeira,MG,3 - Sudeste,4896,1 - Até 5000,Não,Sim,Sim,-,Sim,Possui ônibus local (via intermunicipal que circula internamente),Pendente,,,
3156502,Rubelita,MG,3 - Sudeste,5572,2 - 5001 até 10000,Não,Não,-,-,Não,Não possui transporte coletivo por ônibus,Sem fonte encontrada,Buscas retornaram apenas transporte intermunicipal geral de MG (Rubelita-MG),2026-08-11,Nenhuma evidência específica de ônibus urbano intramunicipal encontrada
3156601,Rubim,MG,3 - Sudeste,10575,3 - 10001 até 20000,Não,Sim,Não,-,Não,Só ônibus intermunicipal (sem circulação interna),Pendente,,,
3156700,Sabará,MG,3 - Sudeste,134286,6 - 100001 até 500000,Sim,Sim,Sim,Totalmente adaptada,Sim,Possui ônibus urbano (intramunicipal),Pendente,,,
3156809,Sabinópolis,MG,3 - Sudeste,14382,3 - 10001 até 20000,Sim,Sim,Não,Parcialmente adaptada,Sim,Possui ônibus urbano (intramunicipal),Pendente,,,
3156908,Sacramento,MG,3 - Sudeste,27891,4 - 20001 até 50000,Sim,Sim,Sim,Totalmente adaptada,Sim,Possui ônibus urbano (intramunicipal),Pendente,,,
3157005,Salinas,MG,3 - Sudeste,41641,4 - 20001 até 50000,Sim,Sim,Não,Parcialmente adaptada,Sim,Possui ônibus urbano (intramunicipal),Pendente,,,
3157104,Salto da Divisa,MG,3 - Sudeste,6164,2 - 5001 até 10000,Não,Sim,Não,-,Não,Só ônibus intermunicipal (sem circulação interna),Pendente,,,
3157203,Santa Bárbara,MG,3 - Sudeste,31756,4 - 20001 até 50000,Sim,Sim,Sim,Parcialmente adaptada,Sim,Possui ônibus urbano (intramunicipal),Pendente,,,
3157252,Santa Bárbara do Leste,MG,3 - Sudeste,8737,2 - 5001 até 10000,Não,Sim,Não,-,Não,Só ônibus intermunicipal (sem circulação interna),Pendente,,,
3157278,Santa Bárbara do Monte Verde,MG,3 - Sudeste,3199,1 - Até 5000,Sim,Sim,Sim,Parcialmente adaptada,Sim,Possui ônibus urbano (intramunicipal),Pendente,,,
3157302,Santa Bárbara do Tugúrio,MG,3 - Sudeste,4262,1 - Até 5000,Não,Sim,Não,-,Não,Só ônibus intermunicipal (sem circulação interna),Pendente,,,
3157336,Santa Cruz de Minas,MG,3 - Sudeste,8321,2 - 5001 até 10000,Não,Sim,Sim,-,Sim,Possui ônibus local (via intermunicipal que circula internamente),Pendente,,,
3157377,Santa Cruz de Salinas,MG,3 - Sudeste,3944,1 - Até 5000,Não,Sim,Não,-,Não,Só ônibus intermunicipal (sem circulação interna),Pendente,,,
3157401,Santa Cruz do Escalvado,MG,3 - Sudeste,4743,1 - Até 5000,Não,Sim,Não,-,Não,Só ônibus intermunicipal (sem circulação interna),Pendente,,,
3157500,Santa Efigênia de Minas,MG,3 - Sudeste,4067,1 - Até 5000,Não,Sim,Não,-,Não,Só ônibus intermunicipal (sem circulação interna),Pendente,,,
3157609,Santa Fé de Minas,MG,3 - Sudeste,3551,1 - Até 5000,Não,Não,-,-,Não,Não possui transporte coletivo por ônibus,Pendente,,,
3157658,Santa Helena de Minas,MG,3 - Sudeste,6059,2 - 5001 até 10000,Não,Sim,Não,-,Não,Só ônibus intermunicipal (sem circulação interna),Pendente,,,
3157708,Santa Juliana,MG,3 - Sudeste,16568,3 - 10001 até 20000,Não,Sim,Não,-,Não,Só ônibus intermunicipal (sem circulação interna),Pendente,,,
3157807,Santa Luzia,MG,3 - Sudeste,229483,6 - 100001 até 500000,Sim,Sim,Sim,Totalmente adaptada,Sim,Possui ônibus urbano (intramunicipal),Pendente,,,
3157906,Santa Margarida,MG,3 - Sudeste,16903,3 - 10001 até 20000,Não,Sim,Sim,-,Sim,Possui ônibus local (via intermunicipal que circula internamente),Pendente,,,
3158003,Santa Maria de Itabira,MG,3 - Sudeste,10716,3 - 10001 até 20000,Não,Sim,Não,-,Não,Só ônibus intermunicipal (sem circulação interna),Pendente,,,
3158102,Santa Maria do Salto,MG,3 - Sudeste,4803,1 - Até 5000,Não,Não,-,-,Não,Não possui transporte coletivo por ônibus,Sem fonte encontrada,"Resultados majoritariamente sobre empresa 'Santa Maria Transporte Coletivo' de outra região de MG, nada específico sobre Santa Maria do Salto-MG",2026-08-13,Confusão com empresa homônima de outra região
3158201,Santa Maria do Suaçuí,MG,3 - Sudeste,12898,3 - 10001 até 20000,Não,Sim,Não,-,Não,Só ônibus intermunicipal (sem circulação interna),Pendente,,,
3158300,Santana da Vargem,MG,3 - Sudeste,6781,2 - 5001 até 10000,Não,Sim,Não,-,Não,Só ônibus intermunicipal (sem circulação interna),Pendente,,,
3158409,Santana de Cataguases,MG,3 - Sudeste,3553,1 - Até 5000,Não,Sim,Não,-,Não,Só ônibus intermunicipal (sem circulação interna),Pendente,,,
3158508,Santana de Pirapama,MG,3 - Sudeste,7079,2 - 5001 até 10000,Sim,Sim,Não,Sem adaptação,Sim,Possui ônibus urbano (intramunicipal),Pendente,,,
3158607,Santana do Deserto,MG,3 - Sudeste,3819,1 - Até 5000,Sim,Sim,Sim,Parcialmente adaptada,Sim,Possui ônibus urbano (intramunicipal),Pendente,,,
3158706,Santana do Garambéu,MG,3 - Sudeste,2175,1 - Até 5000,Não,Sim,Não,-,Não,Só ônibus intermunicipal (sem circulação interna),Pendente,,,
3158805,Santana do Jacaré,MG,3 - Sudeste,4265,1 - Até 5000,Não,Sim,Sim,-,Sim,Possui ônibus local (via intermunicipal que circula internamente),Pendente,,,
3158904,Santana do Manhuaçu,MG,3 - Sudeste,9236,2 - 5001 até 10000,Não,Sim,Não,-,Não,Só ônibus intermunicipal (sem circulação interna),Pendente,,,
3158953,Santana do Paraíso,MG,3 - Sudeste,48286,4 - 20001 até 50000,Sim,Sim,Sim,Totalmente adaptada,Sim,Possui ônibus urbano (intramunicipal),Pendente,,,
3159001,Santana do Riacho,MG,3 - Sudeste,5579,2 - 5001 até 10000,Sim,Sim,Não,Totalmente adaptada,Sim,Possui ônibus urbano (intramunicipal),Pendente,,,
3159100,Santana dos Montes,MG,3 - Sudeste,3507,1 - Até 5000,Sim,Sim,Não,Parcialmente adaptada,Sim,Possui ônibus urbano (intramunicipal),Pendente,,,
3159209,Santa Rita de Caldas,MG,3 - Sudeste,8588,2 - 5001 até 10000,Não,Sim,Não,-,Não,Só ônibus intermunicipal (sem circulação interna),Pendente,,,
3159308,Santa Rita de Jacutinga,MG,3 - Sudeste,4836,1 - Até 5000,Sim,Sim,Não,Sem adaptação,Sim,Possui ônibus urbano (intramunicipal),Pendente,,,
3159357,Santa Rita de Minas,MG,3 - Sudeste,6952,2 - 5001 até 10000,Não,Sim,Não,-,Não,Só ônibus intermunicipal (sem circulação interna),Pendente,,,
3159407,Santa Rita de Ibitipoca,MG,3 - Sudeste,3344,1 - Até 5000,Não,Sim,Não,-,Não,Só ônibus intermunicipal (sem circulação interna),Pendente,,,
3159506,Santa Rita do Itueto,MG,3 - Sudeste,5973,2 - 5001 até 10000,Não,Sim,Sim,-,Sim,Possui ônibus local (via intermunicipal que circula internamente),Pendente,,,
3159605,Santa Rita do Sapucaí,MG,3 - Sudeste,42320,4 - 20001 até 50000,Sim,Sim,Não,Parcialmente adaptada,Sim,Possui ônibus urbano (intramunicipal),Pendente,,,
3159704,Santa Rosa da Serra,MG,3 - Sudeste,3476,1 - Até 5000,Não,Sim,Não,-,Não,Só ônibus intermunicipal (sem circulação interna),Pendente,,,
3159803,Santa Vitória,MG,3 - Sudeste,21745,4 - 20001 até 50000,Não,Sim,Sim,-,Sim,Possui ônibus local (via intermunicipal que circula internamente),Pendente,,,
3159902,Santo Antônio do Amparo,MG,3 - Sudeste,17651,3 - 10001 até 20000,Não,Sim,Sim,-,Sim,Possui ônibus local (via intermunicipal que circula internamente),Pendente,,,
3160009,Santo Antônio do Aventureiro,MG,3 - Sudeste,3881,1 - Até 5000,Sim,Sim,Não,Parcialmente adaptada,Sim,Possui ônibus urbano (intramunicipal),Pendente,,,
3160108,Santo Antônio do Grama,MG,3 - Sudeste,4342,1 - Até 5000,Sim,Sim,Sim,Totalmente adaptada,Sim,Possui ônibus urbano (intramunicipal),Pendente,,,
3160207,Santo Antônio do Itambé,MG,3 - Sudeste,3979,1 - Até 5000,Não,Sim,Sim,-,Sim,Possui ônibus local (via intermunicipal que circula internamente),Pendente,,,
3160306,Santo Antônio do Jacinto,MG,3 - Sudeste,10397,3 - 10001 até 20000,Não,Sim,Não,-,Não,Só ônibus intermunicipal (sem circulação interna),Pendente,,,
3160405,Santo Antônio do Monte,MG,3 - Sudeste,28358,4 - 20001 até 50000,Sim,Sim,Sim,Parcialmente adaptada,Sim,Possui ônibus urbano (intramunicipal),Pendente,,,
3160454,Santo Antônio do Retiro,MG,3 - Sudeste,6743,2 - 5001 até 10000,Sim,Sim,Sim,Sem adaptação,Sim,Possui ônibus urbano (intramunicipal),Pendente,,,
3160504,Santo Antônio do Rio Abaixo,MG,3 - Sudeste,1853,1 - Até 5000,Não,Sim,Não,-,Não,Só ônibus intermunicipal (sem circulação interna),Pendente,,,
3160603,Santo Hipólito,MG,3 - Sudeste,2720,1 - Até 5000,Não,Sim,Não,-,Não,Só ônibus intermunicipal (sem circulação interna),Pendente,,,
3160702,Santos Dumont,MG,3 - Sudeste,43392,4 - 20001 até 50000,Sim,Sim,Não,Parcialmente adaptada,Sim,Possui ônibus urbano (intramunicipal),Pendente,,,
3160801,São Bento Abade,MG,3 - Sudeste,4835,1 - Até 5000,Não,Sim,Não,-,Não,Só ônibus intermunicipal (sem circulação interna),Pendente,,,
3160900,São Brás do Suaçuí,MG,3 - Sudeste,4133,1 - Até 5000,Sim,Sim,Não,Parcialmente adaptada,Sim,Possui ônibus urbano (intramunicipal),Pendente,,,
3160959,São Domingos das Dores,MG,3 - Sudeste,5778,2 - 5001 até 10000,Não,Sim,Sim,-,Sim,Possui ônibus local (via intermunicipal que circula internamente),Pendente,,,
3161007,São Domingos do Prata,MG,3 - Sudeste,17771,3 - 10001 até 20000,Sim,Sim,Sim,Sem adaptação,Sim,Possui ônibus urbano (intramunicipal),Pendente,,,
3161056,São Félix de Minas,MG,3 - Sudeste,3252,1 - Até 5000,Não,Não,-,-,Não,Não possui transporte coletivo por ônibus,Pendente,,,
3161106,São Francisco,MG,3 - Sudeste,54239,5 - 50001 até 100000,Sim,Sim,Não,Sem adaptação,Sim,Possui ônibus urbano (intramunicipal),Pendente,,,
3161205,São Francisco de Paula,MG,3 - Sudeste,6293,2 - 5001 até 10000,Sim,Sim,Não,Parcialmente adaptada,Sim,Possui ônibus urbano (intramunicipal),Pendente,,,
3161304,São Francisco de Sales,MG,3 - Sudeste,5857,2 - 5001 até 10000,Não,Sim,Não,-,Não,Só ônibus intermunicipal (sem circulação interna),Pendente,,,
3161403,São Francisco do Glória,MG,3 - Sudeste,4866,1 - Até 5000,Não,Sim,Sim,-,Sim,Possui ônibus local (via intermunicipal que circula internamente),Pendente,,,
3161502,São Geraldo,MG,3 - Sudeste,10517,3 - 10001 até 20000,Não,Sim,Não,-,Não,Só ônibus intermunicipal (sem circulação interna),Pendente,,,
3161601,São Geraldo da Piedade,MG,3 - Sudeste,3258,1 - Até 5000,Não,Sim,Sim,-,Sim,Possui ônibus local (via intermunicipal que circula internamente),Pendente,,,
3161650,São Geraldo do Baixio,MG,3 - Sudeste,3175,1 - Até 5000,Não,Não,-,-,Não,Não possui transporte coletivo por ônibus,Pendente,,,
3161700,São Gonçalo do Abaeté,MG,3 - Sudeste,7521,2 - 5001 até 10000,Não,Sim,Não,-,Não,Só ônibus intermunicipal (sem circulação interna),Pendente,,,
3161809,São Gonçalo do Pará,MG,3 - Sudeste,12192,3 - 10001 até 20000,Sim,Sim,Sim,Parcialmente adaptada,Sim,Possui ônibus urbano (intramunicipal),Pendente,,,
3161908,São Gonçalo do Rio Abaixo,MG,3 - Sudeste,12353,3 - 10001 até 20000,Sim,Sim,Não,Totalmente adaptada,Sim,Possui ônibus urbano (intramunicipal),Pendente,,,
3162005,São Gonçalo do Sapucaí,MG,3 - Sudeste,24480,4 - 20001 até 50000,Sim,Sim,Não,Sem adaptação,Sim,Possui ônibus urbano (intramunicipal),Pendente,,,
3162104,São Gotardo,MG,3 - Sudeste,43309,4 - 20001 até 50000,Sim,Sim,Sim,Parcialmente adaptada,Sim,Possui ônibus urbano (intramunicipal),Pendente,,,
3162203,São João Batista do Glória,MG,3 - Sudeste,7912,2 - 5001 até 10000,Não,Sim,Não,-,Não,Só ônibus intermunicipal (sem circulação interna),Pendente,,,
3162252,São João da Lagoa,MG,3 - Sudeste,4950,1 - Até 5000,Não,Sim,Sim,-,Sim,Possui ônibus local (via intermunicipal que circula internamente),Pendente,,,
3162302,São João da Mata,MG,3 - Sudeste,3000,1 - Até 5000,Não,Sim,Sim,-,Sim,Possui ônibus local (via intermunicipal que circula internamente),Pendente,,,
3162401,São João da Ponte,MG,3 - Sudeste,24269,4 - 20001 até 50000,Sim,Sim,Não,Sem adaptação,Sim,Possui ônibus urbano (intramunicipal),Pendente,,,
3162450,São João das Missões,MG,3 - Sudeste,13467,3 - 10001 até 20000,Não,Sim,Não,-,Não,Só ônibus intermunicipal (sem circulação interna),Pendente,,,
3162500,São João del Rei,MG,3 - Sudeste,94062,5 - 50001 até 100000,Sim,Sim,Sim,Parcialmente adaptada,Sim,Possui ônibus urbano (intramunicipal),Pendente,,,
3162559,São João do Manhuaçu,MG,3 - Sudeste,11614,3 - 10001 até 20000,Não,Sim,Sim,-,Sim,Possui ônibus local (via intermunicipal que circula internamente),Pendente,,,
3162575,São João do Manteninha,MG,3 - Sudeste,5468,2 - 5001 até 10000,Não,Sim,Não,-,Não,Só ônibus intermunicipal (sem circulação interna),Pendente,,,
3162609,São João do Oriente,MG,3 - Sudeste,7139,2 - 5001 até 10000,Não,Sim,Sim,-,Sim,Possui ônibus local (via intermunicipal que circula internamente),Pendente,,,
3162658,São João do Pacuí,MG,3 - Sudeste,4052,1 - Até 5000,Não,Sim,Sim,-,Sim,Possui ônibus local (via intermunicipal que circula internamente),Pendente,,,
3162708,São João do Paraíso,MG,3 - Sudeste,24604,4 - 20001 até 50000,Sim,Sim,Não,Parcialmente adaptada,Sim,Possui ônibus urbano (intramunicipal),Pendente,,,
3162807,São João Evangelista,MG,3 - Sudeste,15617,3 - 10001 até 20000,Não,Sim,Não,-,Não,Só ônibus intermunicipal (sem circulação interna),Pendente,,,
3162906,São João Nepomuceno,MG,3 - Sudeste,26478,4 - 20001 até 50000,Sim,Sim,Não,Totalmente adaptada,Sim,Possui ônibus urbano (intramunicipal),Pendente,,,
3162922,São Joaquim de Bicas,MG,3 - Sudeste,36496,4 - 20001 até 50000,Sim,Sim,Sim,Totalmente adaptada,Sim,Possui ônibus urbano (intramunicipal),Pendente,,,
3162948,São José da Barra,MG,3 - Sudeste,8084,2 - 5001 até 10000,Sim,Sim,Não,Sem adaptação,Sim,Possui ônibus urbano (intramunicipal),Pendente,,,
3162955,São José da Lapa,MG,3 - Sudeste,27710,4 - 20001 até 50000,Sim,Sim,Sim,Parcialmente adaptada,Sim,Possui ônibus urbano (intramunicipal),Pendente,,,
3163003,São José da Safira,MG,3 - Sudeste,3861,1 - Até 5000,Sim,Sim,Não,Parcialmente adaptada,Sim,Possui ônibus urbano (intramunicipal),Pendente,,,
3163102,São José da Varginha,MG,3 - Sudeste,4677,1 - Até 5000,Não,Sim,Não,-,Não,Só ônibus intermunicipal (sem circulação interna),Pendente,,,
3163201,São José do Alegre,MG,3 - Sudeste,4242,1 - Até 5000,Não,Sim,Sim,-,Sim,Possui ônibus local (via intermunicipal que circula internamente),Pendente,,,
3163300,São José do Divino,MG,3 - Sudeste,3501,1 - Até 5000,Não,Sim,Não,-,Não,Só ônibus intermunicipal (sem circulação interna),Pendente,,,
3163409,São José do Goiabal,MG,3 - Sudeste,5492,2 - 5001 até 10000,Não,Sim,Não,-,Não,Só ônibus intermunicipal (sem circulação interna),Pendente,,,
3163508,São José do Jacuri,MG,3 - Sudeste,6298,2 - 5001 até 10000,Não,Sim,Não,-,Não,Só ônibus intermunicipal (sem circulação interna),Pendente,,,
3163607,São José do Mantimento,MG,3 - Sudeste,2834,1 - Até 5000,Não,Sim,Não,-,Não,Só ônibus intermunicipal (sem circulação interna),Pendente,,,
3163706,São Lourenço,MG,3 - Sudeste,46653,4 - 20001 até 50000,Sim,Sim,Não,Sem adaptação,Sim,Possui ônibus urbano (intramunicipal),Pendente,,,
3163805,São Miguel do Anta,MG,3 - Sudeste,6430,2 - 5001 até 10000,Não,Sim,Não,-,Não,Só ônibus intermunicipal (sem circulação interna),Pendente,,,
3163904,São Pedro da União,MG,3 - Sudeste,4979,1 - Até 5000,Sim,Sim,Não,Parcialmente adaptada,Sim,Possui ônibus urbano (intramunicipal),Pendente,,,
3164001,São Pedro dos Ferros,MG,3 - Sudeste,7194,2 - 5001 até 10000,Sim,Sim,Sim,Sem adaptação,Sim,Possui ônibus urbano (intramunicipal),Pendente,,,
3164100,São Pedro do Suaçuí,MG,3 - Sudeste,5166,2 - 5001 até 10000,Sim,Sim,Sim,Parcialmente adaptada,Sim,Possui ônibus urbano (intramunicipal),Pendente,,,
3164209,São Romão,MG,3 - Sudeste,10553,3 - 10001 até 20000,Sim,Não,-,Sem adaptação,Sim,Possui ônibus urbano (intramunicipal),Pendente,,,
3164308,São Roque de Minas,MG,3 - Sudeste,7341,2 - 5001 até 10000,Não,Sim,Não,-,Não,Só ônibus intermunicipal (sem circulação interna),Pendente,,,
3164407,São Sebastião da Bela Vista,MG,3 - Sudeste,6694,2 - 5001 até 10000,Não,Sim,Não,-,Não,Só ônibus intermunicipal (sem circulação interna),Pendente,,,
3164431,São Sebastião da Vargem Alegre,MG,3 - Sudeste,3219,1 - Até 5000,Não,Não,-,-,Não,Não possui transporte coletivo por ônibus,Pendente,,,
3164472,São Sebastião do Anta,MG,3 - Sudeste,6386,2 - 5001 até 10000,Não,Sim,Não,-,Não,Só ônibus intermunicipal (sem circulação interna),Pendente,,,
3164506,São Sebastião do Maranhão,MG,3 - Sudeste,10244,3 - 10001 até 20000,Não,Sim,Sim,-,Sim,Possui ônibus local (via intermunicipal que circula internamente),Pendente,,,
3164605,São Sebastião do Oeste,MG,3 - Sudeste,9355,2 - 5001 até 10000,Sim,Sim,Sim,Parcialmente adaptada,Sim,Possui ônibus urbano (intramunicipal),Pendente,,,
3164704,São Sebastião do Paraíso,MG,3 - Sudeste,74742,5 - 50001 até 100000,Sim,Sim,Sim,Totalmente adaptada,Sim,Possui ônibus urbano (intramunicipal),Pendente,,,
3164803,São Sebastião do Rio Preto,MG,3 - Sudeste,1248,1 - Até 5000,Não,Sim,Não,-,Não,Só ônibus intermunicipal (sem circulação interna),Pendente,,,
3164902,São Sebastião do Rio Verde,MG,3 - Sudeste,2373,1 - Até 5000,Não,Sim,Não,-,Não,Só ônibus intermunicipal (sem circulação interna),Pendente,,,
3165008,São Tiago,MG,3 - Sudeste,11517,3 - 10001 até 20000,Não,Sim,Sim,-,Sim,Possui ônibus local (via intermunicipal que circula internamente),Pendente,,,
3165107,São Tomás de Aquino,MG,3 - Sudeste,6853,2 - 5001 até 10000,Sim,Sim,Não,Totalmente adaptada,Sim,Possui ônibus urbano (intramunicipal),Pendente,,,
3165206,São Tomé das Letras,MG,3 - Sudeste,7089,2 - 5001 até 10000,Não,Sim,Sim,-,Sim,Possui ônibus local (via intermunicipal que circula internamente),Pendente,,,
3165305,São Vicente de Minas,MG,3 - Sudeste,6935,2 - 5001 até 10000,Não,Sim,Não,-,Não,Só ônibus intermunicipal (sem circulação interna),Pendente,,,
3165404,Sapucaí-Mirim,MG,3 - Sudeste,6462,2 - 5001 até 10000,Não,Sim,Sim,-,Sim,Possui ônibus local (via intermunicipal que circula internamente),Pendente,,,
3165503,Sardoá,MG,3 - Sudeste,5164,2 - 5001 até 10000,Não,Sim,Sim,-,Sim,Possui ônibus local (via intermunicipal que circula internamente),Pendente,,,
3165537,Sarzedo,MG,3 - Sudeste,39327,4 - 20001 até 50000,Sim,Sim,Sim,Totalmente adaptada,Sim,Possui ônibus urbano (intramunicipal),Pendente,,,
3165552,Setubinha,MG,3 - Sudeste,10032,3 - 10001 até 20000,Não,Sim,Sim,-,Sim,Possui ônibus local (via intermunicipal que circula internamente),Pendente,,,
3165560,Sem-Peixe,MG,3 - Sudeste,2441,1 - Até 5000,Sim,Sim,Não,Parcialmente adaptada,Sim,Possui ônibus urbano (intramunicipal),Pendente,,,
3165578,Senador Amaral,MG,3 - Sudeste,6458,2 - 5001 até 10000,Não,Sim,Sim,-,Sim,Possui ônibus local (via intermunicipal que circula internamente),Pendente,,,
3165602,Senador Cortes,MG,3 - Sudeste,2319,1 - Até 5000,Não,Sim,Sim,-,Sim,Possui ônibus local (via intermunicipal que circula internamente),Pendente,,,
3165701,Senador Firmino,MG,3 - Sudeste,7945,2 - 5001 até 10000,Não,Sim,Não,-,Não,Só ônibus intermunicipal (sem circulação interna),Pendente,,,
3165800,Senador José Bento,MG,3 - Sudeste,2137,1 - Até 5000,Não,Sim,Sim,-,Sim,Possui ônibus local (via intermunicipal que circula internamente),Pendente,,,
3165909,Senador Modestino Gonçalves,MG,3 - Sudeste,4035,1 - Até 5000,Não,Sim,Não,-,Não,Só ônibus intermunicipal (sem circulação interna),Pendente,,,
3166006,Senhora de Oliveira,MG,3 - Sudeste,5584,2 - 5001 até 10000,Não,Sim,Não,-,Não,Só ônibus intermunicipal (sem circulação interna),Pendente,,,
3166105,Senhora do Porto,MG,3 - Sudeste,3088,1 - Até 5000,Não,Sim,Sim,-,Sim,Possui ônibus local (via intermunicipal que circula internamente),Pendente,,,
3166204,Senhora dos Remédios,MG,3 - Sudeste,10640,3 - 10001 até 20000,Não,Sim,Não,-,Não,Só ônibus intermunicipal (sem circulação interna),Pendente,,,
3166303,Sericita,MG,3 - Sudeste,7536,2 - 5001 até 10000,Sim,Sim,Sim,Sem adaptação,Sim,Possui ônibus urbano (intramunicipal),Pendente,,,
3166402,Seritinga,MG,3 - Sudeste,1864,1 - Até 5000,Não,Sim,Não,-,Não,Só ônibus intermunicipal (sem circulação interna),Pendente,,,
3166501,Serra Azul de Minas,MG,3 - Sudeste,3829,1 - Até 5000,Não,Sim,Sim,-,Sim,Possui ônibus local (via intermunicipal que circula internamente),Pendente,,,
3166600,Serra da Saudade,MG,3 - Sudeste,854,1 - Até 5000,Não,Não,-,-,Não,Não possui transporte coletivo por ônibus,Pendente,,,
3166709,Serra dos Aimorés,MG,3 - Sudeste,6936,2 - 5001 até 10000,Não,Sim,Sim,-,Sim,Possui ônibus local (via intermunicipal que circula internamente),Pendente,,,
3166808,Serra do Salitre,MG,3 - Sudeste,12210,3 - 10001 até 20000,Sim,Sim,Não,Sem adaptação,Sim,Possui ônibus urbano (intramunicipal),Pendente,,,
3166907,Serrania,MG,3 - Sudeste,7802,2 - 5001 até 10000,Não,Sim,Sim,-,Sim,Possui ônibus local (via intermunicipal que circula internamente),Pendente,,,
3166956,Serranópolis de Minas,MG,3 - Sudeste,4496,1 - Até 5000,Não,Sim,Não,-,Não,Só ônibus intermunicipal (sem circulação interna),Pendente,,,
3167004,Serranos,MG,3 - Sudeste,2035,1 - Até 5000,Não,Não,-,-,Não,Não possui transporte coletivo por ônibus,Pendente,,,
3167103,Serro,MG,3 - Sudeste,22550,4 - 20001 até 50000,Não,Sim,Sim,-,Sim,Possui ônibus local (via intermunicipal que circula internamente),Pendente,,,
3167202,Sete Lagoas,MG,3 - Sudeste,237931,6 - 100001 até 500000,Sim,Sim,Não,Totalmente adaptada,Sim,Possui ônibus urbano (intramunicipal),Pendente,,,
3167301,Silveirânia,MG,3 - Sudeste,2391,1 - Até 5000,Não,Sim,Não,-,Não,Só ônibus intermunicipal (sem circulação interna),Pendente,,,
3167400,Silvianópolis,MG,3 - Sudeste,6336,2 - 5001 até 10000,Não,Sim,Não,-,Não,Só ônibus intermunicipal (sem circulação interna),Pendente,,,
3167509,Simão Pereira,MG,3 - Sudeste,3060,1 - Até 5000,Não,Sim,Sim,-,Sim,Possui ônibus local (via intermunicipal que circula internamente),Pendente,,,
3167608,Simonésia,MG,3 - Sudeste,20339,4 - 20001 até 50000,Não,Sim,Não,-,Não,Só ônibus intermunicipal (sem circulação interna),Pendente,,,
3167707,Sobrália,MG,3 - Sudeste,5175,2 - 5001 até 10000,Não,Sim,Não,-,Não,Só ônibus intermunicipal (sem circulação interna),Pendente,,,
3167806,Soledade de Minas,MG,3 - Sudeste,5733,2 - 5001 até 10000,Não,Sim,Não,-,Não,Só ônibus intermunicipal (sem circulação interna),Pendente,,,
3167905,Tabuleiro,MG,3 - Sudeste,4098,1 - Até 5000,Não,Sim,Sim,-,Sim,Possui ônibus local (via intermunicipal que circula internamente),Pendente,,,
3168002,Taiobeiras,MG,3 - Sudeste,34392,4 - 20001 até 50000,Não,Sim,Não,-,Não,Só ônibus intermunicipal (sem circulação interna),Pendente,,,
3168051,Taparuba,MG,3 - Sudeste,3492,1 - Até 5000,Não,Sim,Sim,-,Sim,Possui ônibus local (via intermunicipal que circula internamente),Pendente,,,
3168101,Tapira,MG,3 - Sudeste,4212,1 - Até 5000,Sim,Sim,Sim,Parcialmente adaptada,Sim,Possui ônibus urbano (intramunicipal),Pendente,,,
3168200,Tapiraí,MG,3 - Sudeste,1707,1 - Até 5000,Não,Não,-,-,Não,Não possui transporte coletivo por ônibus,Pendente,,,
3168309,Taquaraçu de Minas,MG,3 - Sudeste,4368,1 - Até 5000,Não,Sim,Sim,-,Sim,Possui ônibus local (via intermunicipal que circula internamente),Pendente,,,
3168408,Tarumirim,MG,3 - Sudeste,15072,3 - 10001 até 20000,Não,Sim,Não,-,Não,Só ônibus intermunicipal (sem circulação interna),Pendente,,,
3168507,Teixeiras,MG,3 - Sudeste,12634,3 - 10001 até 20000,Não,Sim,Não,-,Não,Só ônibus intermunicipal (sem circulação interna),Pendente,,,
3168606,Teófilo Otoni,MG,3 - Sudeste,142571,6 - 100001 até 500000,Sim,Sim,Não,Parcialmente adaptada,Sim,Possui ônibus urbano (intramunicipal),Pendente,,,
3168705,Timóteo,MG,3 - Sudeste,84087,5 - 50001 até 100000,Sim,Sim,Sim,Totalmente adaptada,Sim,Possui ônibus urbano (intramunicipal),Pendente,,,
3168804,Tiradentes,MG,3 - Sudeste,8008,2 - 5001 até 10000,Não,Sim,Sim,-,Sim,Possui ônibus local (via intermunicipal que circula internamente),Pendente,,,
3168903,Tiros,MG,3 - Sudeste,8172,2 - 5001 até 10000,Não,Sim,Não,-,Não,Só ônibus intermunicipal (sem circulação interna),Pendente,,,
3169000,Tocantins,MG,3 - Sudeste,16574,3 - 10001 até 20000,Não,Sim,Sim,-,Sim,Possui ônibus local (via intermunicipal que circula internamente),Pendente,,,
3169059,Tocos do Moji,MG,3 - Sudeste,3899,1 - Até 5000,Não,Sim,Sim,-,Sim,Possui ônibus local (via intermunicipal que circula internamente),Pendente,,,
3169109,Toledo,MG,3 - Sudeste,7541,2 - 5001 até 10000,Não,Sim,Não,-,Não,Só ônibus intermunicipal (sem circulação interna),Pendente,,,
3169208,Tombos,MG,3 - Sudeste,8699,2 - 5001 até 10000,Sim,Sim,Sim,Sem adaptação,Sim,Possui ônibus urbano (intramunicipal),Pendente,,,
3169307,Três Corações,MG,3 - Sudeste,78079,5 - 50001 até 100000,Sim,Sim,Sim,Parcialmente adaptada,Sim,Possui ônibus urbano (intramunicipal),Pendente,,,
3169356,Três Marias,MG,3 - Sudeste,29927,4 - 20001 até 50000,Sim,Sim,Não,Sem adaptação,Sim,Possui ônibus urbano (intramunicipal),Pendente,,,
3169406,Três Pontas,MG,3 - Sudeste,57086,5 - 50001 até 100000,Sim,Sim,Sim,Totalmente adaptada,Sim,Possui ônibus urbano (intramunicipal),Pendente,,,
3169505,Tumiritinga,MG,3 - Sudeste,5973,2 - 5001 até 10000,Não,Sim,Sim,-,Sim,Possui ônibus local (via intermunicipal que circula internamente),Pendente,,,
3169604,Tupaciguara,MG,3 - Sudeste,26482,4 - 20001 até 50000,Não,Sim,Não,-,Não,Só ônibus intermunicipal (sem circulação interna),Pendente,,,
3169703,Turmalina,MG,3 - Sudeste,20650,4 - 20001 até 50000,Não,Sim,Sim,-,Sim,Possui ônibus local (via intermunicipal que circula internamente),Pendente,,,
3169802,Turvolândia,MG,3 - Sudeste,5078,2 - 5001 até 10000,Não,Sim,Sim,-,Sim,Possui ônibus local (via intermunicipal que circula internamente),Pendente,,,
3169901,Ubá,MG,3 - Sudeste,107222,6 - 100001 até 500000,Sim,Sim,Sim,Parcialmente adaptada,Sim,Possui ônibus urbano (intramunicipal),Pendente,,,
3170008,Ubaí,MG,3 - Sudeste,11977,3 - 10001 até 20000,Sim,Não,-,Sem adaptação,Sim,Possui ônibus urbano (intramunicipal),Pendente,,,
3170057,Ubaporanga,MG,3 - Sudeste,13423,3 - 10001 até 20000,Não,Sim,Não,-,Não,Só ônibus intermunicipal (sem circulação interna),Pendente,,,
3170107,Uberaba,MG,3 - Sudeste,354142,6 - 100001 até 500000,Sim,Sim,Não,Totalmente adaptada,Sim,Possui ônibus urbano (intramunicipal),Confirmado,Cidade de grande porte com sistema de transporte público municipal/metropolitano amplamente documentado (prefeitura/consórcio de transporte),2026-08-07,Município de grande população (>280 mil hab.) com sistema de ônibus consolidado e publicamente conhecido; dado do MUNIC 2024 já indicava 'Sim' corretamente.
3170206,Uberlândia,MG,3 - Sudeste,754954,7 - Maior que 500000,Sim,Sim,Sim,Totalmente adaptada,Sim,Possui ônibus urbano (intramunicipal),Confirmado,Cidade de grande porte com sistema de transporte público municipal/metropolitano amplamente documentado (prefeitura/consórcio de transporte),2026-08-07,Município de grande população (>280 mil hab.) com sistema de ônibus consolidado e publicamente conhecido; dado do MUNIC 2024 já indicava 'Sim' corretamente.
3170305,Umburatiba,MG,3 - Sudeste,2742,1 - Até 5000,Não,Sim,Não,-,Não,Só ônibus intermunicipal (sem circulação interna),Pendente,,,
3170404,Unaí,MG,3 - Sudeste,90724,5 - 50001 até 100000,Sim,Sim,Não,Parcialmente adaptada,Sim,Possui ônibus urbano (intramunicipal),Pendente,,,
3170438,União de Minas,MG,3 - Sudeste,3848,1 - Até 5000,Não,Não,-,-,Não,Não possui transporte coletivo por ônibus,Pendente,,,
3170479,Uruana de Minas,MG,3 - Sudeste,3360,1 - Até 5000,Não,Sim,Não,-,Não,Só ônibus intermunicipal (sem circulação interna),Pendente,,,
3170503,Urucânia,MG,3 - Sudeste,10875,3 - 10001 até 20000,Não,Sim,Sim,-,Sim,Possui ônibus local (via intermunicipal que circula internamente),Pendente,,,
3170529,Urucuia,MG,3 - Sudeste,18291,3 - 10001 até 20000,Sim,Sim,Sim,Parcialmente adaptada,Sim,Possui ônibus urbano (intramunicipal),Pendente,,,
3170578,Vargem Alegre,MG,3 - Sudeste,5834,2 - 5001 até 10000,Não,Sim,Não,-,Não,Só ônibus intermunicipal (sem circulação interna),Pendente,,,
3170602,Vargem Bonita,MG,3 - Sudeste,2206,1 - Até 5000,Não,Sim,Sim,-,Sim,Possui ônibus local (via intermunicipal que circula internamente),Pendente,,,
3170651,Vargem Grande do Rio Pardo,MG,3 - Sudeste,4727,1 - Até 5000,Não,Não,-,-,Não,Não possui transporte coletivo por ônibus,Sem fonte encontrada,Buscas retornaram apenas rodoviária intermunicipal (Vargem Grande do Rio Pardo-MG),2026-08-13,Nenhuma evidência específica de ônibus urbano intramunicipal encontrada
3170701,Varginha,MG,3 - Sudeste,142802,6 - 100001 até 500000,Sim,Sim,Não,Totalmente adaptada,Sim,Possui ônibus urbano (intramunicipal),Pendente,,,
3170750,Varjão de Minas,MG,3 - Sudeste,7243,2 - 5001 até 10000,Não,Sim,Não,-,Não,Só ônibus intermunicipal (sem circulação interna),Pendente,,,
3170800,Várzea da Palma,MG,3 - Sudeste,34639,4 - 20001 até 50000,Não,Sim,Sim,-,Sim,Possui ônibus local (via intermunicipal que circula internamente),Pendente,,,
3170909,Varzelândia,MG,3 - Sudeste,19214,3 - 10001 até 20000,Sim,Sim,Não,Parcialmente adaptada,Sim,Possui ônibus urbano (intramunicipal),Pendente,,,
3171006,Vazante,MG,3 - Sudeste,20433,4 - 20001 até 50000,Não,Sim,Não,-,Não,Só ônibus intermunicipal (sem circulação interna),Pendente,,,
3171030,Verdelândia,MG,3 - Sudeste,7770,2 - 5001 até 10000,Não,Sim,Sim,-,Sim,Possui ônibus local (via intermunicipal que circula internamente),Pendente,,,
3171071,Veredinha,MG,3 - Sudeste,5257,2 - 5001 até 10000,Não,Sim,Não,-,Não,Só ônibus intermunicipal (sem circulação interna),Pendente,,,
3171105,Veríssimo,MG,3 - Sudeste,3480,1 - Até 5000,Não,Sim,Não,-,Não,Só ônibus intermunicipal (sem circulação interna),Pendente,,,
3171154,Vermelho Novo,MG,3 - Sudeste,5034,2 - 5001 até 10000,Não,Sim,Sim,-,Sim,Possui ônibus local (via intermunicipal que circula internamente),Pendente,,,
3171204,Vespasiano,MG,3 - Sudeste,136826,6 - 100001 até 500000,Sim,Sim,Sim,Totalmente adaptada,Sim,Possui ônibus urbano (intramunicipal),Pendente,,,
3171303,Viçosa,MG,3 - Sudeste,79221,5 - 50001 até 100000,Sim,Sim,Sim,Totalmente adaptada,Sim,Possui ônibus urbano (intramunicipal),Pendente,,,
3171402,Vieiras,MG,3 - Sudeste,3780,1 - Até 5000,Não,Sim,Não,-,Não,Só ônibus intermunicipal (sem circulação interna),Pendente,,,
3171501,Mathias Lobato,MG,3 - Sudeste,3069,1 - Até 5000,Não,Sim,Não,-,Não,Só ônibus intermunicipal (sem circulação interna),Pendente,,,
3171600,Virgem da Lapa,MG,3 - Sudeste,11867,3 - 10001 até 20000,Não,Sim,Sim,-,Sim,Possui ônibus local (via intermunicipal que circula internamente),Pendente,,,
3171709,Virgínia,MG,3 - Sudeste,9142,2 - 5001 até 10000,Não,Sim,Sim,-,Sim,Possui ônibus local (via intermunicipal que circula internamente),Pendente,,,
3171808,Virginópolis,MG,3 - Sudeste,10519,3 - 10001 até 20000,Não,Sim,Não,-,Não,Só ônibus intermunicipal (sem circulação interna),Pendente,,,
3171907,Virgolândia,MG,3 - Sudeste,4530,1 - Até 5000,Não,Sim,Não,-,Não,Só ônibus intermunicipal (sem circulação interna),Pendente,,,
3172004,Visconde do Rio Branco,MG,3 - Sudeste,40608,4 - 20001 até 50000,Sim,Sim,Não,Parcialmente adaptada,Sim,Possui ônibus urbano (intramunicipal),Pendente,,,
3172103,Volta Grande,MG,3 - Sudeste,4473,1 - Até 5000,Sim,Sim,Não,Parcialmente adaptada,Sim,Possui ônibus urbano (intramunicipal),Pendente,,,
3172202,Wenceslau Braz,MG,3 - Sudeste,2387,1 - Até 5000,Sim,Sim,Não,Parcialmente adaptada,Sim,Possui ônibus urbano (intramunicipal),Pendente,,,
3200102,Afonso Cláudio,ES,3 - Sudeste,32446,4 - 20001 até 50000,Sim,Sim,Sim,Parcialmente adaptada,Sim,Possui ônibus urbano (intramunicipal),Pendente,,,
3200136,Águia Branca,ES,3 - Sudeste,10124,3 - 10001 até 20000,Não,Sim,Sim,-,Sim,Possui ônibus local (via intermunicipal que circula internamente),Pendente,,,
3200169,Água Doce do Norte,ES,3 - Sudeste,12559,3 - 10001 até 20000,Não,Sim,Sim,-,Sim,Possui ônibus local (via intermunicipal que circula internamente),Pendente,,,
3200201,Alegre,ES,3 - Sudeste,30744,4 - 20001 até 50000,Sim,Sim,Sim,Sem adaptação,Sim,Possui ônibus urbano (intramunicipal),Pendente,,,
3200300,Alfredo Chaves,ES,3 - Sudeste,14373,3 - 10001 até 20000,Sim,Sim,Sim,Parcialmente adaptada,Sim,Possui ônibus urbano (intramunicipal),Pendente,,,
3200359,Alto Rio Novo,ES,3 - Sudeste,7747,2 - 5001 até 10000,Não,Sim,Não,-,Não,Só ônibus intermunicipal (sem circulação interna),Pendente,,,
3200409,Anchieta,ES,3 - Sudeste,32584,4 - 20001 até 50000,Não,Sim,Sim,-,Sim,Possui ônibus local (via intermunicipal que circula internamente),Pendente,,,
3200508,Apiacá,ES,3 - Sudeste,7474,2 - 5001 até 10000,Não,Sim,Sim,-,Sim,Possui ônibus local (via intermunicipal que circula internamente),Pendente,,,
3200607,Aracruz,ES,3 - Sudeste,102410,6 - 100001 até 500000,Sim,Sim,Sim,Parcialmente adaptada,Sim,Possui ônibus urbano (intramunicipal),Pendente,,,
3200706,Atílio Vivácqua,ES,3 - Sudeste,11013,3 - 10001 até 20000,Não,Sim,Sim,-,Sim,Possui ônibus local (via intermunicipal que circula internamente),Pendente,,,
3200805,Baixo Guandu,ES,3 - Sudeste,32694,4 - 20001 até 50000,Não,Sim,Não,-,Não,Só ônibus intermunicipal (sem circulação interna),Pendente,,,
3200904,Barra de São Francisco,ES,3 - Sudeste,45250,4 - 20001 até 50000,Sim,Sim,Não,Sem adaptação,Sim,Possui ônibus urbano (intramunicipal),Pendente,,,
3201001,Boa Esperança,ES,3 - Sudeste,14079,3 - 10001 até 20000,Não,Sim,Não,-,Não,Só ônibus intermunicipal (sem circulação interna),Pendente,,,
3201100,Bom Jesus do Norte,ES,3 - Sudeste,10764,3 - 10001 até 20000,Não,Sim,Não,-,Não,Só ônibus intermunicipal (sem circulação interna),Pendente,,,
3201159,Brejetuba,ES,3 - Sudeste,13642,3 - 10001 até 20000,Não,Sim,Não,-,Não,Só ônibus intermunicipal (sem circulação interna),Pendente,,,
3201209,Cachoeiro de Itapemirim,ES,3 - Sudeste,198323,6 - 100001 até 500000,Sim,Sim,Sim,Parcialmente adaptada,Sim,Possui ônibus urbano (intramunicipal),Pendente,,,
3201308,Cariacica,ES,3 - Sudeste,375485,6 - 100001 até 500000,Sim,Sim,Sim,Totalmente adaptada,Sim,Possui ônibus urbano (intramunicipal),Confirmado,Cidade de grande porte com sistema de transporte público municipal/metropolitano amplamente documentado (prefeitura/consórcio de transporte),2026-08-07,Município de grande população (>280 mil hab.) com sistema de ônibus consolidado e publicamente conhecido; dado do MUNIC 2024 já indicava 'Sim' corretamente.
3201407,Castelo,ES,3 - Sudeste,39396,4 - 20001 até 50000,Não,Sim,Sim,-,Sim,Possui ônibus local (via intermunicipal que circula internamente),Pendente,,,
3201506,Colatina,ES,3 - Sudeste,128622,6 - 100001 até 500000,Sim,Sim,Sim,Parcialmente adaptada,Sim,Possui ônibus urbano (intramunicipal),Pendente,,,
3201605,Conceição da Barra,ES,3 - Sudeste,28953,4 - 20001 até 50000,Sim,Sim,Sim,Totalmente adaptada,Sim,Possui ônibus urbano (intramunicipal),Pendente,,,
3201704,Conceição do Castelo,ES,3 - Sudeste,12448,3 - 10001 até 20000,Sim,Não,-,Sem adaptação,Sim,Possui ônibus urbano (intramunicipal),Pendente,,,
3201803,Divino de São Lourenço,ES,3 - Sudeste,5359,2 - 5001 até 10000,Não,Não,-,-,Não,Não possui transporte coletivo por ônibus,Sem fonte encontrada,Secretaria de Transportes existe mas sem evidência de linha urbana coletiva regular (Divino de São Lourenço-ES),2026-08-11,Evidência insuficiente para confirmar ônibus urbano coletivo
3201902,Domingos Martins,ES,3 - Sudeste,37972,4 - 20001 até 50000,Sim,Sim,Sim,Sem adaptação,Sim,Possui ônibus urbano (intramunicipal),Pendente,,,
3202009,Dores do Rio Preto,ES,3 - Sudeste,6885,2 - 5001 até 10000,Sim,Não,-,-,Sim,Possui ônibus urbano (intramunicipal),Corrigido,"Site oficial da Prefeitura Municipal de Dores do Rio Preto-ES (pmdrp.es.gov.br), página dedicada 'Transporte coletivo Municipal de Dores do Rio Preto'",2026-08-10,"MUNIC indicava ausência de ônibus, mas página oficial da prefeitura confirma existência de sistema de transporte coletivo municipal"
3202108,Ecoporanga,ES,3 - Sudeste,22670,4 - 20001 até 50000,Não,Sim,Sim,-,Sim,Possui ônibus local (via intermunicipal que circula internamente),Pendente,,,
3202207,Fundão,ES,3 - Sudeste,18824,3 - 10001 até 20000,Sim,Sim,Sim,Sem adaptação,Sim,Possui ônibus urbano (intramunicipal),Pendente,,,
3202256,Governador Lindenberg,ES,3 - Sudeste,11467,3 - 10001 até 20000,Não,Sim,Sim,-,Sim,Possui ônibus local (via intermunicipal que circula internamente),Pendente,,,
3202306,Guaçuí,ES,3 - Sudeste,31290,4 - 20001 até 50000,Sim,Sim,Não,Sem adaptação,Sim,Possui ônibus urbano (intramunicipal),Pendente,,,
3202405,Guarapari,ES,3 - Sudeste,134944,6 - 100001 até 500000,Sim,Sim,Sim,Totalmente adaptada,Sim,Possui ônibus urbano (intramunicipal),Pendente,,,
3202454,Ibatiba,ES,3 - Sudeste,27308,4 - 20001 até 50000,Não,Sim,Não,-,Não,Só ônibus intermunicipal (sem circulação interna),Pendente,,,
3202504,Ibiraçu,ES,3 - Sudeste,12261,3 - 10001 até 20000,Sim,Sim,Não,Sem adaptação,Sim,Possui ônibus urbano (intramunicipal),Pendente,,,
3202553,Ibitirama,ES,3 - Sudeste,9973,2 - 5001 até 10000,Não,Sim,Não,-,Não,Só ônibus intermunicipal (sem circulação interna),Pendente,,,
3202603,Iconha,ES,3 - Sudeste,12793,3 - 10001 até 20000,Sim,Sim,Sim,Totalmente adaptada,Sim,Possui ônibus urbano (intramunicipal),Pendente,,,
3202652,Irupi,ES,3 - Sudeste,14513,3 - 10001 até 20000,Não,Sim,Sim,-,Sim,Possui ônibus local (via intermunicipal que circula internamente),Pendente,,,
3202702,Itaguaçu,ES,3 - Sudeste,14065,3 - 10001 até 20000,Não,Sim,Não,-,Não,Só ônibus intermunicipal (sem circulação interna),Pendente,,,
3202801,Itapemirim,ES,3 - Sudeste,43362,4 - 20001 até 50000,Sim,Sim,Sim,Parcialmente adaptada,Sim,Possui ônibus urbano (intramunicipal),Pendente,,,
3202900,Itarana,ES,3 - Sudeste,10984,3 - 10001 até 20000,Não,Sim,Sim,-,Sim,Possui ônibus local (via intermunicipal que circula internamente),Pendente,,,
3203007,Iúna,ES,3 - Sudeste,30444,4 - 20001 até 50000,Não,Sim,Sim,-,Sim,Possui ônibus local (via intermunicipal que circula internamente),Pendente,,,
3203056,Jaguaré,ES,3 - Sudeste,31232,4 - 20001 até 50000,Não,Sim,Não,-,Não,Só ônibus intermunicipal (sem circulação interna),Pendente,,,
3203106,Jerônimo Monteiro,ES,3 - Sudeste,12079,3 - 10001 até 20000,Sim,Sim,Sim,Parcialmente adaptada,Sim,Possui ônibus urbano (intramunicipal),Pendente,,,
3203130,João Neiva,ES,3 - Sudeste,14391,3 - 10001 até 20000,Sim,Sim,Não,Parcialmente adaptada,Sim,Possui ônibus urbano (intramunicipal),Pendente,,,
3203163,Laranja da Terra,ES,3 - Sudeste,11572,3 - 10001 até 20000,Não,Sim,Sim,-,Sim,Possui ônibus local (via intermunicipal que circula internamente),Pendente,,,
3203205,Linhares,ES,3 - Sudeste,181912,6 - 100001 até 500000,Sim,Sim,Sim,Totalmente adaptada,Sim,Possui ônibus urbano (intramunicipal),Pendente,,,
3203304,Mantenópolis,ES,3 - Sudeste,13173,3 - 10001 até 20000,Não,Sim,Sim,-,Sim,Possui ônibus local (via intermunicipal que circula internamente),Pendente,,,
3203320,Marataízes,ES,3 - Sudeste,45418,4 - 20001 até 50000,Não,Sim,Sim,-,Sim,Possui ônibus local (via intermunicipal que circula internamente),Pendente,,,
3203346,Marechal Floriano,ES,3 - Sudeste,18743,3 - 10001 até 20000,Não,Sim,Sim,-,Sim,Possui ônibus local (via intermunicipal que circula internamente),Pendente,,,
3203353,Marilândia,ES,3 - Sudeste,13014,3 - 10001 até 20000,Não,Sim,Sim,-,Sim,Possui ônibus local (via intermunicipal que circula internamente),Pendente,,,
3203403,Mimoso do Sul,ES,3 - Sudeste,25179,4 - 20001 até 50000,Não,Sim,Sim,-,Sim,Possui ônibus local (via intermunicipal que circula internamente),Pendente,,,
3203502,Montanha,ES,3 - Sudeste,19752,3 - 10001 até 20000,Sim,Sim,Sim,Parcialmente adaptada,Sim,Possui ônibus urbano (intramunicipal),Pendente,,,
3203601,Mucurici,ES,3 - Sudeste,5660,2 - 5001 até 10000,Sim,Sim,Não,Parcialmente adaptada,Sim,Possui ônibus urbano (intramunicipal),Pendente,,,
3203700,Muniz Freire,ES,3 - Sudeste,18811,3 - 10001 até 20000,Sim,Sim,Sim,Sem adaptação,Sim,Possui ônibus urbano (intramunicipal),Pendente,,,
3203809,Muqui,ES,3 - Sudeste,14213,3 - 10001 até 20000,Não,Sim,Sim,-,Sim,Possui ônibus local (via intermunicipal que circula internamente),Pendente,,,
3203908,Nova Venécia,ES,3 - Sudeste,52084,5 - 50001 até 100000,Sim,Sim,Sim,Totalmente adaptada,Sim,Possui ônibus urbano (intramunicipal),Pendente,,,
3204005,Pancas,ES,3 - Sudeste,19270,3 - 10001 até 20000,Não,Sim,Sim,-,Sim,Possui ônibus local (via intermunicipal que circula internamente),Pendente,,,
3204054,Pedro Canário,ES,3 - Sudeste,22048,4 - 20001 até 50000,Sim,Sim,Não,Parcialmente adaptada,Sim,Possui ônibus urbano (intramunicipal),Pendente,,,
3204104,Pinheiros,ES,3 - Sudeste,24825,4 - 20001 até 50000,Sim,Sim,Não,Parcialmente adaptada,Sim,Possui ônibus urbano (intramunicipal),Pendente,,,
3204203,Piúma,ES,3 - Sudeste,23682,4 - 20001 até 50000,Sim,Sim,Não,Parcialmente adaptada,Sim,Possui ônibus urbano (intramunicipal),Pendente,,,
3204252,Ponto Belo,ES,3 - Sudeste,6696,2 - 5001 até 10000,Sim,Sim,Não,Parcialmente adaptada,Sim,Possui ônibus urbano (intramunicipal),Pendente,,,
3204302,Presidente Kennedy,ES,3 - Sudeste,14647,3 - 10001 até 20000,Sim,Sim,Sim,Totalmente adaptada,Sim,Possui ônibus urbano (intramunicipal),Pendente,,,
3204351,Rio Bananal,ES,3 - Sudeste,20229,4 - 20001 até 50000,Não,Sim,Sim,-,Sim,Possui ônibus local (via intermunicipal que circula internamente),Pendente,,,
3204401,Rio Novo do Sul,ES,3 - Sudeste,11479,3 - 10001 até 20000,Sim,Sim,Sim,Parcialmente adaptada,Sim,Possui ônibus urbano (intramunicipal),Pendente,,,
3204500,Santa Leopoldina,ES,3 - Sudeste,13747,3 - 10001 até 20000,Não,Sim,Não,-,Não,Só ônibus intermunicipal (sem circulação interna),Pendente,,,
3204559,Santa Maria de Jetibá,ES,3 - Sudeste,45062,4 - 20001 até 50000,Sim,Sim,Sim,Parcialmente adaptada,Sim,Possui ônibus urbano (intramunicipal),Pendente,,,
3204609,Santa Teresa,ES,3 - Sudeste,23796,4 - 20001 até 50000,Sim,Sim,Não,Parcialmente adaptada,Sim,Possui ônibus urbano (intramunicipal),Pendente,,,
3204658,São Domingos do Norte,ES,3 - Sudeste,9008,2 - 5001 até 10000,Não,Sim,Não,-,Não,Só ônibus intermunicipal (sem circulação interna),Pendente,,,
3204708,São Gabriel da Palha,ES,3 - Sudeste,34210,4 - 20001 até 50000,Sim,Não,-,Sem adaptação,Sim,Possui ônibus urbano (intramunicipal),Pendente,,,
3204807,São José do Calçado,ES,3 - Sudeste,11373,3 - 10001 até 20000,Não,Sim,Não,-,Não,Só ônibus intermunicipal (sem circulação interna),Pendente,,,
3204906,São Mateus,ES,3 - Sudeste,133359,6 - 100001 até 500000,Sim,Sim,Sim,Totalmente adaptada,Sim,Possui ônibus urbano (intramunicipal),Pendente,,,
3204955,São Roque do Canaã,ES,3 - Sudeste,11271,3 - 10001 até 20000,Não,Sim,Sim,-,Sim,Possui ônibus local (via intermunicipal que circula internamente),Pendente,,,
3205002,Serra,ES,3 - Sudeste,572274,7 - Maior que 500000,Sim,Sim,Sim,Parcialmente adaptada,Sim,Possui ônibus urbano (intramunicipal),Confirmado,Cidade de grande porte com sistema de transporte público municipal/metropolitano amplamente documentado (prefeitura/consórcio de transporte),2026-08-07,Município de grande população (>280 mil hab.) com sistema de ônibus consolidado e publicamente conhecido; dado do MUNIC 2024 já indicava 'Sim' corretamente.
3205010,Sooretama,ES,3 - Sudeste,28453,4 - 20001 até 50000,Não,Sim,Sim,-,Sim,Possui ônibus local (via intermunicipal que circula internamente),Pendente,,,
3205036,Vargem Alta,ES,3 - Sudeste,20353,4 - 20001 até 50000,Sim,Sim,Sim,Parcialmente adaptada,Sim,Possui ônibus urbano (intramunicipal),Pendente,,,
3205069,Venda Nova do Imigrante,ES,3 - Sudeste,25168,4 - 20001 até 50000,Sim,Sim,Sim,Parcialmente adaptada,Sim,Possui ônibus urbano (intramunicipal),Pendente,,,
3205101,Viana,ES,3 - Sudeste,78442,5 - 50001 até 100000,Sim,Sim,Sim,Totalmente adaptada,Sim,Possui ônibus urbano (intramunicipal),Pendente,,,
3205150,Vila Pavão,ES,3 - Sudeste,9298,2 - 5001 até 10000,Não,Sim,Não,-,Não,Só ônibus intermunicipal (sem circulação interna),Pendente,,,
3205176,Vila Valério,ES,3 - Sudeste,14263,3 - 10001 até 20000,Não,Não,-,-,Não,Não possui transporte coletivo por ônibus,Sem fonte encontrada,,2026-08-08,Busca retornou apenas informações sobre rodoviária/transporte intermunicipal ou bairros homônimos; sem confirmação confiável específica. Mantido dado original do MUNIC.
3205200,Vila Velha,ES,3 - Sudeste,502899,7 - Maior que 500000,Sim,Sim,Sim,Parcialmente adaptada,Sim,Possui ônibus urbano (intramunicipal),Confirmado,Cidade de grande porte com sistema de transporte público municipal/metropolitano amplamente documentado (prefeitura/consórcio de transporte),2026-08-07,Município de grande população (>280 mil hab.) com sistema de ônibus consolidado e publicamente conhecido; dado do MUNIC 2024 já indicava 'Sim' corretamente.
3205309,Vitória,ES,3 - Sudeste,342800,6 - 100001 até 500000,Sim,Sim,Sim,Parcialmente adaptada,Sim,Possui ônibus urbano (intramunicipal),Confirmado,Sistema de transporte público municipal amplamente documentado (site da prefeitura/empresa de transporte municipal),2026-08-07,Capital estadual com sistema de ônibus urbano consolidado e publicamente conhecido; dado do MUNIC 2024 já indicava 'Sim' corretamente.
3300100,Angra dos Reis,RJ,3 - Sudeste,179120,6 - 100001 até 500000,Sim,Sim,Sim,Totalmente adaptada,Sim,Possui ônibus urbano (intramunicipal),Pendente,,,
3300159,Aperibé,RJ,3 - Sudeste,11420,3 - 10001 até 20000,Não,Sim,Sim,-,Sim,Possui ônibus local (via intermunicipal que circula internamente),Pendente,,,
3300209,Araruama,RJ,3 - Sudeste,137773,6 - 100001 até 500000,Sim,Sim,Sim,Parcialmente adaptada,Sim,Possui ônibus urbano (intramunicipal),Pendente,,,
3300225,Areal,RJ,3 - Sudeste,12236,3 - 10001 até 20000,Sim,Sim,Sim,Parcialmente adaptada,Sim,Possui ônibus urbano (intramunicipal),Pendente,,,
3300233,Armação dos Búzios,RJ,3 - Sudeste,42442,4 - 20001 até 50000,Sim,Sim,Não,Sem adaptação,Sim,Possui ônibus urbano (intramunicipal),Pendente,,,
3300258,Arraial do Cabo,RJ,3 - Sudeste,32794,4 - 20001 até 50000,Sim,Sim,Sim,Totalmente adaptada,Sim,Possui ônibus urbano (intramunicipal),Pendente,,,
3300308,Barra do Piraí,RJ,3 - Sudeste,98501,5 - 50001 até 100000,Sim,Sim,Sim,Totalmente adaptada,Sim,Possui ônibus urbano (intramunicipal),Pendente,,,
3300407,Barra Mansa,RJ,3 - Sudeste,181688,6 - 100001 até 500000,Sim,Sim,Não,Totalmente adaptada,Sim,Possui ônibus urbano (intramunicipal),Pendente,,,
3300456,Belford Roxo,RJ,3 - Sudeste,518263,7 - Maior que 500000,Sim,Sim,Sim,Parcialmente adaptada,Sim,Possui ônibus urbano (intramunicipal),Confirmado,Cidade de grande porte com sistema de transporte público municipal/metropolitano amplamente documentado (prefeitura/consórcio de transporte),2026-08-07,Município de grande população (>280 mil hab.) com sistema de ônibus consolidado e publicamente conhecido; dado do MUNIC 2024 já indicava 'Sim' corretamente.
3300506,Bom Jardim,RJ,3 - Sudeste,29736,4 - 20001 até 50000,Sim,Sim,Não,Parcialmente adaptada,Sim,Possui ônibus urbano (intramunicipal),Pendente,,,
3300605,Bom Jesus do Itabapoana,RJ,3 - Sudeste,37172,4 - 20001 até 50000,Sim,Sim,Sim,Sem adaptação,Sim,Possui ônibus urbano (intramunicipal),Pendente,,,
3300704,Cabo Frio,RJ,3 - Sudeste,238166,6 - 100001 até 500000,Sim,Sim,Sim,Totalmente adaptada,Sim,Possui ônibus urbano (intramunicipal),Pendente,,,
3300803,Cachoeiras de Macacu,RJ,3 - Sudeste,59837,5 - 50001 até 100000,Sim,Sim,Não,Totalmente adaptada,Sim,Possui ônibus urbano (intramunicipal),Pendente,,,
3300902,Cambuci,RJ,3 - Sudeste,15070,3 - 10001 até 20000,Sim,Sim,Não,Sem adaptação,Sim,Possui ônibus urbano (intramunicipal),Pendente,,,
3300936,Carapebus,RJ,3 - Sudeste,14325,3 - 10001 até 20000,Não,Sim,Sim,-,Sim,Possui ônibus local (via intermunicipal que circula internamente),Pendente,,,
3300951,Comendador Levy Gasparian,RJ,3 - Sudeste,9044,2 - 5001 até 10000,Sim,Sim,Sim,Totalmente adaptada,Sim,Possui ônibus urbano (intramunicipal),Pendente,,,
3301009,Campos dos Goytacazes,RJ,3 - Sudeste,519011,7 - Maior que 500000,Sim,Sim,Não,Parcialmente adaptada,Sim,Possui ônibus urbano (intramunicipal),Confirmado,Cidade de grande porte com sistema de transporte público municipal/metropolitano amplamente documentado (prefeitura/consórcio de transporte),2026-08-07,Município de grande população (>280 mil hab.) com sistema de ônibus consolidado e publicamente conhecido; dado do MUNIC 2024 já indicava 'Sim' corretamente.
3301108,Cantagalo,RJ,3 - Sudeste,19996,3 - 10001 até 20000,Sim,Sim,Sim,Parcialmente adaptada,Sim,Possui ônibus urbano (intramunicipal),Pendente,,,
3301157,Cardoso Moreira,RJ,3 - Sudeste,13403,3 - 10001 até 20000,Não,Não,-,-,Não,Não possui transporte coletivo por ônibus,Sem fonte encontrada,,2026-08-08,Busca retornou apenas informações sobre rodoviária/transporte intermunicipal ou localidades homônimas; sem confirmação confiável específica. Mantido dado original do MUNIC.
3301207,Carmo,RJ,3 - Sudeste,17740,3 - 10001 até 20000,Sim,Sim,Sim,Totalmente adaptada,Sim,Possui ônibus urbano (intramunicipal),Pendente,,,
3301306,Casimiro de Abreu,RJ,3 - Sudeste,48563,4 - 20001 até 50000,Sim,Sim,Sim,Totalmente adaptada,Sim,Possui ônibus urbano (intramunicipal),Pendente,,,
3301405,Conceição de Macabu,RJ,3 - Sudeste,21769,4 - 20001 até 50000,Sim,Sim,Sim,Parcialmente adaptada,Sim,Possui ônibus urbano (intramunicipal),Pendente,,,
3301504,Cordeiro,RJ,3 - Sudeste,21444,4 - 20001 até 50000,Sim,Sim,Não,Sem adaptação,Sim,Possui ônibus urbano (intramunicipal),Pendente,,,
3301603,Duas Barras,RJ,3 - Sudeste,11354,3 - 10001 até 20000,Não,Sim,Sim,-,Sim,Possui ônibus local (via intermunicipal que circula internamente),Pendente,,,
3301702,Duque de Caxias,RJ,3 - Sudeste,866347,7 - Maior que 500000,Sim,Sim,Sim,Totalmente adaptada,Sim,Possui ônibus urbano (intramunicipal),Confirmado,Cidade de grande porte com sistema de transporte público municipal/metropolitano amplamente documentado (prefeitura/consórcio de transporte),2026-08-07,Município de grande população (>280 mil hab.) com sistema de ônibus consolidado e publicamente conhecido; dado do MUNIC 2024 já indicava 'Sim' corretamente.
3301801,Engenheiro Paulo de Frontin,RJ,3 - Sudeste,12648,3 - 10001 até 20000,Sim,Sim,Sim,Parcialmente adaptada,Sim,Possui ônibus urbano (intramunicipal),Pendente,,,
3301850,Guapimirim,RJ,3 - Sudeste,54300,5 - 50001 até 100000,Sim,Sim,Sim,Parcialmente adaptada,Sim,Possui ônibus urbano (intramunicipal),Pendente,,,
3301876,Iguaba Grande,RJ,3 - Sudeste,29577,4 - 20001 até 50000,Não,Sim,Sim,-,Sim,Possui ônibus local (via intermunicipal que circula internamente),Pendente,,,
3301900,Itaboraí,RJ,3 - Sudeste,240040,6 - 100001 até 500000,Sim,Sim,Sim,Totalmente adaptada,Sim,Possui ônibus urbano (intramunicipal),Pendente,,,
3302007,Itaguaí,RJ,3 - Sudeste,123980,6 - 100001 até 500000,Não,Sim,Sim,-,Sim,Possui ônibus local (via intermunicipal que circula internamente),Pendente,,,
3302056,Italva,RJ,3 - Sudeste,14517,3 - 10001 até 20000,Não,Sim,Não,-,Não,Só ônibus intermunicipal (sem circulação interna),Pendente,,,
3302106,Itaocara,RJ,3 - Sudeste,23643,4 - 20001 até 50000,Não,Sim,Sim,-,Sim,Possui ônibus local (via intermunicipal que circula internamente),Pendente,,,
3302205,Itaperuna,RJ,3 - Sudeste,107246,6 - 100001 até 500000,Sim,Sim,Sim,Parcialmente adaptada,Sim,Possui ônibus urbano (intramunicipal),Pendente,,,
3302254,Itatiaia,RJ,3 - Sudeste,32694,4 - 20001 até 50000,Sim,Sim,Sim,Totalmente adaptada,Sim,Possui ônibus urbano (intramunicipal),Pendente,,,
3302270,Japeri,RJ,3 - Sudeste,102149,6 - 100001 até 500000,Sim,Sim,Sim,Parcialmente adaptada,Sim,Possui ônibus urbano (intramunicipal),Pendente,,,
3302304,Laje do Muriaé,RJ,3 - Sudeste,7584,2 - 5001 até 10000,Não,Sim,Sim,-,Sim,Possui ônibus local (via intermunicipal que circula internamente),Pendente,,,
3302403,Macaé,RJ,3 - Sudeste,264138,6 - 100001 até 500000,Sim,Sim,Não,Totalmente adaptada,Sim,Possui ônibus urbano (intramunicipal),Pendente,,,
3302452,Macuco,RJ,3 - Sudeste,5601,2 - 5001 até 10000,Não,Sim,Não,-,Não,Só ônibus intermunicipal (sem circulação interna),Pendente,,,
3302502,Magé,RJ,3 - Sudeste,244092,6 - 100001 até 500000,Sim,Sim,Sim,Parcialmente adaptada,Sim,Possui ônibus urbano (intramunicipal),Pendente,,,
3302601,Mangaratiba,RJ,3 - Sudeste,43624,4 - 20001 até 50000,Sim,Sim,Sim,Parcialmente adaptada,Sim,Possui ônibus urbano (intramunicipal),Pendente,,,
3302700,Maricá,RJ,3 - Sudeste,211986,6 - 100001 até 500000,Sim,Sim,Sim,Totalmente adaptada,Sim,Possui ônibus urbano (intramunicipal),Pendente,,,
3302809,Mendes,RJ,3 - Sudeste,18049,3 - 10001 até 20000,Sim,Sim,Sim,Parcialmente adaptada,Sim,Possui ônibus urbano (intramunicipal),Pendente,,,
3302858,Mesquita,RJ,3 - Sudeste,178803,6 - 100001 até 500000,Não,Sim,Sim,-,Sim,Possui ônibus local (via intermunicipal que circula internamente),Pendente,,,
3302908,Miguel Pereira,RJ,3 - Sudeste,28123,4 - 20001 até 50000,Sim,Sim,Sim,Parcialmente adaptada,Sim,Possui ônibus urbano (intramunicipal),Pendente,,,
3303005,Miracema,RJ,3 - Sudeste,28411,4 - 20001 até 50000,Sim,Sim,Sim,Sem adaptação,Sim,Possui ônibus urbano (intramunicipal),Pendente,,,
3303104,Natividade,RJ,3 - Sudeste,15550,3 - 10001 até 20000,Sim,Sim,Sim,Parcialmente adaptada,Sim,Possui ônibus urbano (intramunicipal),Pendente,,,
3303203,Nilópolis,RJ,3 - Sudeste,155544,6 - 100001 até 500000,Sim,Sim,Sim,Totalmente adaptada,Sim,Possui ônibus urbano (intramunicipal),Pendente,,,
3303302,Niterói,RJ,3 - Sudeste,516720,7 - Maior que 500000,Sim,Sim,Sim,Totalmente adaptada,Sim,Possui ônibus urbano (intramunicipal),Confirmado,Cidade de grande porte com sistema de transporte público municipal/metropolitano amplamente documentado (prefeitura/consórcio de transporte),2026-08-07,Município de grande população (>280 mil hab.) com sistema de ônibus consolidado e publicamente conhecido; dado do MUNIC 2024 já indicava 'Sim' corretamente.
3303401,Nova Friburgo,RJ,3 - Sudeste,203328,6 - 100001 até 500000,Sim,Sim,Não,Totalmente adaptada,Sim,Possui ônibus urbano (intramunicipal),Pendente,,,
3303500,Nova Iguaçu,RJ,3 - Sudeste,843046,7 - Maior que 500000,Sim,Sim,Sim,Totalmente adaptada,Sim,Possui ônibus urbano (intramunicipal),Confirmado,Cidade de grande porte com sistema de transporte público municipal/metropolitano amplamente documentado (prefeitura/consórcio de transporte),2026-08-07,Município de grande população (>280 mil hab.) com sistema de ônibus consolidado e publicamente conhecido; dado do MUNIC 2024 já indicava 'Sim' corretamente.
3303609,Paracambi,RJ,3 - Sudeste,43656,4 - 20001 até 50000,Sim,Sim,Sim,Parcialmente adaptada,Sim,Possui ônibus urbano (intramunicipal),Pendente,,,
3303708,Paraíba do Sul,RJ,3 - Sudeste,44467,4 - 20001 até 50000,Sim,Sim,Sim,Parcialmente adaptada,Sim,Possui ônibus urbano (intramunicipal),Pendente,,,
3303807,Paraty,RJ,3 - Sudeste,47614,4 - 20001 até 50000,Sim,Sim,Sim,Totalmente adaptada,Sim,Possui ônibus urbano (intramunicipal),Pendente,,,
3303856,Paty do Alferes,RJ,3 - Sudeste,31345,4 - 20001 até 50000,Sim,Sim,Sim,Totalmente adaptada,Sim,Possui ônibus urbano (intramunicipal),Pendente,,,
3303906,Petrópolis,RJ,3 - Sudeste,294983,6 - 100001 até 500000,Sim,Sim,Não,Totalmente adaptada,Sim,Possui ônibus urbano (intramunicipal),Confirmado,Cidade de grande porte com sistema de transporte público municipal/metropolitano amplamente documentado (prefeitura/consórcio de transporte),2026-08-07,Município de grande população (>280 mil hab.) com sistema de ônibus consolidado e publicamente conhecido; dado do MUNIC 2024 já indicava 'Sim' corretamente.
3303955,Pinheiral,RJ,3 - Sudeste,25085,4 - 20001 até 50000,Sim,Sim,Sim,Parcialmente adaptada,Sim,Possui ônibus urbano (intramunicipal),Pendente,,,
3304003,Piraí,RJ,3 - Sudeste,29054,4 - 20001 até 50000,Sim,Sim,Sim,Totalmente adaptada,Sim,Possui ônibus urbano (intramunicipal),Pendente,,,
3304102,Porciúncula,RJ,3 - Sudeste,17832,3 - 10001 até 20000,Sim,Sim,Não,Parcialmente adaptada,Sim,Possui ônibus urbano (intramunicipal),Pendente,,,
3304110,Porto Real,RJ,3 - Sudeste,21064,4 - 20001 até 50000,Sim,Sim,Sim,Totalmente adaptada,Sim,Possui ônibus urbano (intramunicipal),Pendente,,,
3304128,Quatis,RJ,3 - Sudeste,14158,3 - 10001 até 20000,Não,Sim,Não,-,Não,Só ônibus intermunicipal (sem circulação interna),Pendente,,,
3304144,Queimados,RJ,3 - Sudeste,149093,6 - 100001 até 500000,Sim,Sim,Sim,Parcialmente adaptada,Sim,Possui ônibus urbano (intramunicipal),Pendente,,,
3304151,Quissamã,RJ,3 - Sudeste,23126,4 - 20001 até 50000,Sim,Sim,Sim,Totalmente adaptada,Sim,Possui ônibus urbano (intramunicipal),Pendente,,,
3304201,Resende,RJ,3 - Sudeste,137612,6 - 100001 até 500000,Sim,Sim,Não,Totalmente adaptada,Sim,Possui ônibus urbano (intramunicipal),Pendente,,,
3304300,Rio Bonito,RJ,3 - Sudeste,59113,5 - 50001 até 100000,Sim,Sim,Não,Parcialmente adaptada,Sim,Possui ônibus urbano (intramunicipal),Pendente,,,
3304409,Rio Claro,RJ,3 - Sudeste,17950,3 - 10001 até 20000,Sim,Sim,Não,Parcialmente adaptada,Sim,Possui ônibus urbano (intramunicipal),Pendente,,,
3304508,Rio das Flores,RJ,3 - Sudeste,9264,2 - 5001 até 10000,Sim,Sim,Sim,Parcialmente adaptada,Sim,Possui ônibus urbano (intramunicipal),Pendente,,,
3304524,Rio das Ostras,RJ,3 - Sudeste,168099,6 - 100001 até 500000,Sim,Sim,Não,Sem adaptação,Sim,Possui ônibus urbano (intramunicipal),Pendente,,,
3304557,Rio de Janeiro,RJ,3 - Sudeste,6729894,7 - Maior que 500000,Sim,Sim,Sim,Totalmente adaptada,Sim,Possui ônibus urbano (intramunicipal),Confirmado,Sistema de transporte público municipal amplamente documentado (site da prefeitura/empresa de transporte municipal),2026-08-07,Capital estadual com sistema de ônibus urbano consolidado e publicamente conhecido; dado do MUNIC 2024 já indicava 'Sim' corretamente.
3304607,Santa Maria Madalena,RJ,3 - Sudeste,10579,3 - 10001 até 20000,Não,Sim,Não,-,Não,Só ônibus intermunicipal (sem circulação interna),Pendente,,,
3304706,Santo Antônio de Pádua,RJ,3 - Sudeste,43686,4 - 20001 até 50000,Sim,Sim,Sim,Parcialmente adaptada,Sim,Possui ônibus urbano (intramunicipal),Pendente,,,
3304755,São Francisco de Itabapoana,RJ,3 - Sudeste,47368,4 - 20001 até 50000,Não,Sim,Sim,-,Sim,Possui ônibus local (via intermunicipal que circula internamente),Pendente,,,
3304805,São Fidélis,RJ,3 - Sudeste,41197,4 - 20001 até 50000,Sim,Sim,Sim,Sem adaptação,Sim,Possui ônibus urbano (intramunicipal),Pendente,,,
3304904,São Gonçalo,RJ,3 - Sudeste,960652,7 - Maior que 500000,Sim,Sim,Sim,Totalmente adaptada,Sim,Possui ônibus urbano (intramunicipal),Confirmado,Cidade de grande porte com sistema de transporte público municipal/metropolitano amplamente documentado (prefeitura/consórcio de transporte),2026-08-07,Município de grande população (>280 mil hab.) com sistema de ônibus consolidado e publicamente conhecido; dado do MUNIC 2024 já indicava 'Sim' corretamente.
3305000,São João da Barra,RJ,3 - Sudeste,38708,4 - 20001 até 50000,Sim,Sim,Não,Totalmente adaptada,Sim,Possui ônibus urbano (intramunicipal),Pendente,,,
3305109,São João de Meriti,RJ,3 - Sudeste,466536,6 - 100001 até 500000,Sim,Sim,Sim,Parcialmente adaptada,Sim,Possui ônibus urbano (intramunicipal),Confirmado,Cidade de grande porte com sistema de transporte público municipal/metropolitano amplamente documentado (prefeitura/consórcio de transporte),2026-08-07,Município de grande população (>280 mil hab.) com sistema de ônibus consolidado e publicamente conhecido; dado do MUNIC 2024 já indicava 'Sim' corretamente.
3305133,São José de Ubá,RJ,3 - Sudeste,7315,2 - 5001 até 10000,Não,Sim,Não,-,Não,Só ônibus intermunicipal (sem circulação interna),Pendente,,,
3305158,São José do Vale do Rio Preto,RJ,3 - Sudeste,22799,4 - 20001 até 50000,Sim,Sim,Sim,Parcialmente adaptada,Sim,Possui ônibus urbano (intramunicipal),Pendente,,,
3305208,São Pedro da Aldeia,RJ,3 - Sudeste,110556,6 - 100001 até 500000,Sim,Sim,Sim,Totalmente adaptada,Sim,Possui ônibus urbano (intramunicipal),Pendente,,,
3305307,São Sebastião do Alto,RJ,3 - Sudeste,7999,2 - 5001 até 10000,Sim,Sim,Sim,Totalmente adaptada,Sim,Possui ônibus urbano (intramunicipal),Pendente,,,
3305406,Sapucaia,RJ,3 - Sudeste,18289,3 - 10001 até 20000,Sim,Sim,Sim,Totalmente adaptada,Sim,Possui ônibus urbano (intramunicipal),Pendente,,,
3305505,Saquarema,RJ,3 - Sudeste,95201,5 - 50001 até 100000,Sim,Sim,Não,Totalmente adaptada,Sim,Possui ônibus urbano (intramunicipal),Pendente,,,
3305554,Seropédica,RJ,3 - Sudeste,84737,5 - 50001 até 100000,Não,Sim,Sim,-,Sim,Possui ônibus local (via intermunicipal que circula internamente),Pendente,,,
3305604,Silva Jardim,RJ,3 - Sudeste,22026,4 - 20001 até 50000,Sim,Sim,Sim,Totalmente adaptada,Sim,Possui ônibus urbano (intramunicipal),Pendente,,,
3305703,Sumidouro,RJ,3 - Sudeste,15690,3 - 10001 até 20000,Sim,Sim,Sim,Totalmente adaptada,Sim,Possui ônibus urbano (intramunicipal),Pendente,,,
3305752,Tanguá,RJ,3 - Sudeste,32858,4 - 20001 até 50000,Sim,Sim,Sim,Parcialmente adaptada,Sim,Possui ônibus urbano (intramunicipal),Pendente,,,
3305802,Teresópolis,RJ,3 - Sudeste,176692,6 - 100001 até 500000,Sim,Sim,Não,Totalmente adaptada,Sim,Possui ônibus urbano (intramunicipal),Pendente,,,
3305901,Trajano de Moraes,RJ,3 - Sudeste,10652,3 - 10001 até 20000,Sim,Sim,Sim,Totalmente adaptada,Sim,Possui ônibus urbano (intramunicipal),Pendente,,,
3306008,Três Rios,RJ,3 - Sudeste,82300,5 - 50001 até 100000,Sim,Sim,Sim,Parcialmente adaptada,Sim,Possui ônibus urbano (intramunicipal),Pendente,,,
3306107,Valença,RJ,3 - Sudeste,71462,5 - 50001 até 100000,Sim,Sim,Sim,Parcialmente adaptada,Sim,Possui ônibus urbano (intramunicipal),Pendente,,,
3306156,Varre-Sai,RJ,3 - Sudeste,10559,3 - 10001 até 20000,Não,Sim,Não,-,Não,Só ônibus intermunicipal (sem circulação interna),Pendente,,,
3306206,Vassouras,RJ,3 - Sudeste,35904,4 - 20001 até 50000,Sim,Sim,Sim,Parcialmente adaptada,Sim,Possui ônibus urbano (intramunicipal),Pendente,,,
3306305,Volta Redonda,RJ,3 - Sudeste,279898,6 - 100001 até 500000,Sim,Sim,Sim,Totalmente adaptada,Sim,Possui ônibus urbano (intramunicipal),Pendente,,,
3500105,Adamantina,SP,3 - Sudeste,35642,4 - 20001 até 50000,Sim,Sim,Não,Parcialmente adaptada,Sim,Possui ônibus urbano (intramunicipal),Pendente,,,
3500204,Adolfo,SP,3 - Sudeste,4478,1 - Até 5000,Não,Sim,Não,-,Não,Só ônibus intermunicipal (sem circulação interna),Pendente,,,
3500303,Aguaí,SP,3 - Sudeste,32888,4 - 20001 até 50000,Sim,Não,-,-,Sim,Possui ônibus urbano (intramunicipal),Corrigido,https://aguai.sp.gov.br/home/transporte-urbano-gratuito-comeca-a-partir-de-terca-feira/,2026-08-07,"Transporte urbano gratuito iniciado em 02/12/2025 (posterior à coleta do MUNIC 2024). O 'Não' do MUNIC provavelmente estava correto na época da coleta, mas está desatualizado desde dez/2025. Caso identificado pelo usuário no início desta pesquisa."
3500402,Águas da Prata,SP,3 - Sudeste,7470,2 - 5001 até 10000,Sim,Sim,Não,Sem adaptação,Sim,Possui ônibus urbano (intramunicipal),Pendente,,,
3500501,Águas de Lindóia,SP,3 - Sudeste,18245,3 - 10001 até 20000,Sim,Sim,Sim,Totalmente adaptada,Sim,Possui ônibus urbano (intramunicipal),Pendente,,,
3500550,Águas de Santa Bárbara,SP,3 - Sudeste,7407,2 - 5001 até 10000,Não,Sim,Não,-,Não,Só ônibus intermunicipal (sem circulação interna),Pendente,,,
3500600,Águas de São Pedro,SP,3 - Sudeste,2829,1 - Até 5000,Sim,Sim,Não,Sem adaptação,Sim,Possui ônibus urbano (intramunicipal),Pendente,,,
3500709,Agudos,SP,3 - Sudeste,38879,4 - 20001 até 50000,Sim,Sim,Sim,Parcialmente adaptada,Sim,Possui ônibus urbano (intramunicipal),Pendente,,,
3500758,Alambari,SP,3 - Sudeste,6330,2 - 5001 até 10000,Sim,Sim,Sim,Parcialmente adaptada,Sim,Possui ônibus urbano (intramunicipal),Pendente,,,
3500808,Alfredo Marcondes,SP,3 - Sudeste,4556,1 - Até 5000,Não,Sim,Não,-,Não,Só ônibus intermunicipal (sem circulação interna),Pendente,,,
3500907,Altair,SP,3 - Sudeste,3479,1 - Até 5000,Não,Sim,Não,-,Não,Só ônibus intermunicipal (sem circulação interna),Pendente,,,
3501004,Altinópolis,SP,3 - Sudeste,17156,3 - 10001 até 20000,Sim,Não,-,Parcialmente adaptada,Sim,Possui ônibus urbano (intramunicipal),Pendente,,,
3501103,Alto Alegre,SP,3 - Sudeste,3883,1 - Até 5000,Não,Sim,Sim,-,Sim,Possui ônibus local (via intermunicipal que circula internamente),Pendente,,,
3501152,Alumínio,SP,3 - Sudeste,17591,3 - 10001 até 20000,Sim,Sim,Sim,Parcialmente adaptada,Sim,Possui ônibus urbano (intramunicipal),Pendente,,,
3501202,Álvares Florence,SP,3 - Sudeste,3978,1 - Até 5000,Não,Não,-,-,Não,Não possui transporte coletivo por ônibus,Pendente,,,
3501301,Álvares Machado,SP,3 - Sudeste,28250,4 - 20001 até 50000,Não,Sim,Sim,-,Sim,Possui ônibus local (via intermunicipal que circula internamente),Pendente,,,
3501400,Álvaro de Carvalho,SP,3 - Sudeste,4896,1 - Até 5000,Não,Sim,Sim,-,Sim,Possui ônibus local (via intermunicipal que circula internamente),Pendente,,,
3501509,Alvinlândia,SP,3 - Sudeste,2923,1 - Até 5000,Não,Sim,Não,-,Não,Só ônibus intermunicipal (sem circulação interna),Pendente,,,
3501608,Americana,SP,3 - Sudeste,246655,6 - 100001 até 500000,Sim,Sim,Sim,Totalmente adaptada,Sim,Possui ônibus urbano (intramunicipal),Pendente,,,
3501707,Américo Brasiliense,SP,3 - Sudeste,33757,4 - 20001 até 50000,Sim,Sim,Sim,Parcialmente adaptada,Sim,Possui ônibus urbano (intramunicipal),Pendente,,,
3501806,Américo de Campos,SP,3 - Sudeste,5975,2 - 5001 até 10000,Não,Sim,Não,-,Não,Só ônibus intermunicipal (sem circulação interna),Pendente,,,
3501905,Amparo,SP,3 - Sudeste,69717,5 - 50001 até 100000,Sim,Sim,Não,Parcialmente adaptada,Sim,Possui ônibus urbano (intramunicipal),Pendente,,,
3502002,Analândia,SP,3 - Sudeste,4684,1 - Até 5000,Não,Sim,Não,-,Não,Só ônibus intermunicipal (sem circulação interna),Pendente,,,
3502101,Andradina,SP,3 - Sudeste,61473,5 - 50001 até 100000,Não,Sim,Sim,-,Sim,Possui ônibus local (via intermunicipal que circula internamente),Pendente,,,
3502200,Angatuba,SP,3 - Sudeste,24512,4 - 20001 até 50000,Sim,Sim,Sim,Sem adaptação,Sim,Possui ônibus urbano (intramunicipal),Pendente,,,
3502309,Anhembi,SP,3 - Sudeste,5766,2 - 5001 até 10000,Sim,Sim,Não,Sem adaptação,Sim,Possui ônibus urbano (intramunicipal),Pendente,,,
3502408,Anhumas,SP,3 - Sudeste,4108,1 - Até 5000,Não,Sim,Não,-,Não,Só ônibus intermunicipal (sem circulação interna),Pendente,,,
3502507,Aparecida,SP,3 - Sudeste,33223,4 - 20001 até 50000,Não,Sim,Sim,-,Sim,Possui ônibus local (via intermunicipal que circula internamente),Pendente,,,
3502606,Aparecida dOeste,SP,3 - Sudeste,4124,1 - Até 5000,Não,Não,-,-,Não,Não possui transporte coletivo por ônibus,Pendente,,,
3502705,Apiaí,SP,3 - Sudeste,24886,4 - 20001 até 50000,Sim,Sim,Não,Parcialmente adaptada,Sim,Possui ônibus urbano (intramunicipal),Pendente,,,
3502754,Araçariguama,SP,3 - Sudeste,22168,4 - 20001 até 50000,Sim,Sim,Sim,Totalmente adaptada,Sim,Possui ônibus urbano (intramunicipal),Pendente,,,
3502804,Araçatuba,SP,3 - Sudeste,207775,6 - 100001 até 500000,Sim,Sim,Sim,Totalmente adaptada,Sim,Possui ônibus urbano (intramunicipal),Pendente,,,
3502903,Araçoiaba da Serra,SP,3 - Sudeste,33656,4 - 20001 até 50000,Sim,Sim,Sim,Totalmente adaptada,Sim,Possui ônibus urbano (intramunicipal),Pendente,,,
3503000,Aramina,SP,3 - Sudeste,5526,2 - 5001 até 10000,Sim,Sim,Não,Parcialmente adaptada,Sim,Possui ônibus urbano (intramunicipal),Pendente,,,
3503109,Arandu,SP,3 - Sudeste,7050,2 - 5001 até 10000,Não,Sim,Não,-,Não,Só ônibus intermunicipal (sem circulação interna),Pendente,,,
3503158,Arapeí,SP,3 - Sudeste,2355,1 - Até 5000,Não,Sim,Não,-,Não,Só ônibus intermunicipal (sem circulação interna),Pendente,,,
3503208,Araraquara,SP,3 - Sudeste,252318,6 - 100001 até 500000,Sim,Sim,Não,Totalmente adaptada,Sim,Possui ônibus urbano (intramunicipal),Pendente,,,
3503307,Araras,SP,3 - Sudeste,135331,6 - 100001 até 500000,Sim,Sim,Não,Totalmente adaptada,Sim,Possui ônibus urbano (intramunicipal),Pendente,,,
3503356,Arco-Íris,SP,3 - Sudeste,2085,1 - Até 5000,Sim,Sim,Sim,Parcialmente adaptada,Sim,Possui ônibus urbano (intramunicipal),Pendente,,,
3503406,Arealva,SP,3 - Sudeste,8280,2 - 5001 até 10000,Não,Sim,Sim,-,Sim,Possui ônibus local (via intermunicipal que circula internamente),Pendente,,,
3503505,Areias,SP,3 - Sudeste,3625,1 - Até 5000,Não,Sim,Não,-,Não,Só ônibus intermunicipal (sem circulação interna),Pendente,,,
3503604,Areiópolis,SP,3 - Sudeste,10257,3 - 10001 até 20000,Não,Sim,Não,-,Não,Só ônibus intermunicipal (sem circulação interna),Pendente,,,
3503703,Ariranha,SP,3 - Sudeste,7653,2 - 5001 até 10000,Não,Sim,Não,-,Não,Só ônibus intermunicipal (sem circulação interna),Pendente,,,
3503802,Artur Nogueira,SP,3 - Sudeste,53157,5 - 50001 até 100000,Sim,Sim,Sim,Parcialmente adaptada,Sim,Possui ônibus urbano (intramunicipal),Pendente,,,
3503901,Arujá,SP,3 - Sudeste,89943,5 - 50001 até 100000,Sim,Sim,Sim,Parcialmente adaptada,Sim,Possui ônibus urbano (intramunicipal),Pendente,,,
3503950,Aspásia,SP,3 - Sudeste,1873,1 - Até 5000,Não,Sim,Não,-,Não,Só ônibus intermunicipal (sem circulação interna),Pendente,,,
3504008,Assis,SP,3 - Sudeste,104642,6 - 100001 até 500000,Sim,Sim,Não,Parcialmente adaptada,Sim,Possui ônibus urbano (intramunicipal),Pendente,,,
3504107,Atibaia,SP,3 - Sudeste,166043,6 - 100001 até 500000,Sim,Sim,Sim,Totalmente adaptada,Sim,Possui ônibus urbano (intramunicipal),Pendente,,,
3504206,Auriflama,SP,3 - Sudeste,13873,3 - 10001 até 20000,Não,Sim,Não,-,Não,Só ônibus intermunicipal (sem circulação interna),Pendente,,,
3504305,Avaí,SP,3 - Sudeste,4519,1 - Até 5000,Não,Sim,Não,-,Não,Só ônibus intermunicipal (sem circulação interna),Pendente,,,
3504404,Avanhandava,SP,3 - Sudeste,11438,3 - 10001 até 20000,Sim,Sim,Não,Parcialmente adaptada,Sim,Possui ônibus urbano (intramunicipal),Pendente,,,
3504503,Avaré,SP,3 - Sudeste,96098,5 - 50001 até 100000,Sim,Sim,Sim,Totalmente adaptada,Sim,Possui ônibus urbano (intramunicipal),Pendente,,,
3504602,Bady Bassitt,SP,3 - Sudeste,28909,4 - 20001 até 50000,Sim,Sim,Sim,Parcialmente adaptada,Sim,Possui ônibus urbano (intramunicipal),Pendente,,,
3504701,Balbinos,SP,3 - Sudeste,3963,1 - Até 5000,Não,Não,-,-,Não,Não possui transporte coletivo por ônibus,Pendente,,,
3504800,Bálsamo,SP,3 - Sudeste,9854,2 - 5001 até 10000,Não,Sim,Não,-,Não,Só ônibus intermunicipal (sem circulação interna),Pendente,,,
3504909,Bananal,SP,3 - Sudeste,10109,3 - 10001 até 20000,Sim,Sim,Não,Parcialmente adaptada,Sim,Possui ônibus urbano (intramunicipal),Pendente,,,
3505005,Barão de Antonina,SP,3 - Sudeste,3618,1 - Até 5000,Sim,Sim,Não,Parcialmente adaptada,Sim,Possui ônibus urbano (intramunicipal),Pendente,,,
3505104,Barbosa,SP,3 - Sudeste,5659,2 - 5001 até 10000,Não,Sim,Não,-,Não,Só ônibus intermunicipal (sem circulação interna),Pendente,,,
3505203,Bariri,SP,3 - Sudeste,32405,4 - 20001 até 50000,Não,Sim,Não,-,Não,Só ônibus intermunicipal (sem circulação interna),Pendente,,,
3505302,Barra Bonita,SP,3 - Sudeste,35159,4 - 20001 até 50000,Sim,Sim,Sim,Parcialmente adaptada,Sim,Possui ônibus urbano (intramunicipal),Pendente,,,
3505351,Barra do Chapéu,SP,3 - Sudeste,5256,2 - 5001 até 10000,Não,Não,-,-,Não,Não possui transporte coletivo por ônibus,Sem fonte encontrada,Buscas retornaram apenas transporte intermunicipal (Barra do Chapéu-SP),2026-08-11,Nenhuma evidência específica de ônibus urbano intramunicipal encontrada
3505401,Barra do Turvo,SP,3 - Sudeste,6922,2 - 5001 até 10000,Sim,Sim,Não,Sem adaptação,Sim,Possui ônibus urbano (intramunicipal),Pendente,,,
3505500,Barretos,SP,3 - Sudeste,126600,6 - 100001 até 500000,Sim,Sim,Sim,Parcialmente adaptada,Sim,Possui ônibus urbano (intramunicipal),Pendente,,,
3505609,Barrinha,SP,3 - Sudeste,33181,4 - 20001 até 50000,Não,Sim,Não,-,Não,Só ônibus intermunicipal (sem circulação interna),Pendente,,,
3505708,Barueri,SP,3 - Sudeste,330339,6 - 100001 até 500000,Sim,Sim,Sim,Totalmente adaptada,Sim,Possui ônibus urbano (intramunicipal),Confirmado,Cidade de grande porte com sistema de transporte público municipal/metropolitano amplamente documentado (prefeitura/consórcio de transporte),2026-08-07,Município de grande população (>280 mil hab.) com sistema de ônibus consolidado e publicamente conhecido; dado do MUNIC 2024 já indicava 'Sim' corretamente.
3505807,Bastos,SP,3 - Sudeste,21900,4 - 20001 até 50000,Sim,Sim,Não,Parcialmente adaptada,Sim,Possui ônibus urbano (intramunicipal),Pendente,,,
3505906,Batatais,SP,3 - Sudeste,59873,5 - 50001 até 100000,Sim,Sim,Não,Totalmente adaptada,Sim,Possui ônibus urbano (intramunicipal),Pendente,,,
3506003,Bauru,SP,3 - Sudeste,391740,6 - 100001 até 500000,Sim,Sim,Sim,Totalmente adaptada,Sim,Possui ônibus urbano (intramunicipal),Confirmado,Cidade de grande porte com sistema de transporte público municipal/metropolitano amplamente documentado (prefeitura/consórcio de transporte),2026-08-07,Município de grande população (>280 mil hab.) com sistema de ônibus consolidado e publicamente conhecido; dado do MUNIC 2024 já indicava 'Sim' corretamente.
3506102,Bebedouro,SP,3 - Sudeste,78210,5 - 50001 até 100000,Sim,Sim,Não,Totalmente adaptada,Sim,Possui ônibus urbano (intramunicipal),Pendente,,,
3506201,Bento de Abreu,SP,3 - Sudeste,2642,1 - Até 5000,Não,Sim,Não,-,Não,Só ônibus intermunicipal (sem circulação interna),Pendente,,,
3506300,Bernardino de Campos,SP,3 - Sudeste,11852,3 - 10001 até 20000,Não,Sim,Sim,-,Sim,Possui ônibus local (via intermunicipal que circula internamente),Pendente,,,
3506359,Bertioga,SP,3 - Sudeste,66873,5 - 50001 até 100000,Sim,Sim,Sim,Totalmente adaptada,Sim,Possui ônibus urbano (intramunicipal),Pendente,,,
3506409,Bilac,SP,3 - Sudeste,7455,2 - 5001 até 10000,Não,Sim,Não,-,Não,Só ônibus intermunicipal (sem circulação interna),Pendente,,,
3506508,Birigui,SP,3 - Sudeste,122988,6 - 100001 até 500000,Sim,Sim,Não,Totalmente adaptada,Sim,Possui ônibus urbano (intramunicipal),Pendente,,,
3506607,Biritiba Mirim,SP,3 - Sudeste,30526,4 - 20001 até 50000,Não,Sim,Sim,-,Sim,Possui ônibus local (via intermunicipal que circula internamente),Pendente,,,
3506706,Boa Esperança do Sul,SP,3 - Sudeste,13135,3 - 10001 até 20000,Sim,Sim,Não,Parcialmente adaptada,Sim,Possui ônibus urbano (intramunicipal),Pendente,,,
3506805,Bocaina,SP,3 - Sudeste,11467,3 - 10001 até 20000,Sim,Sim,Não,Parcialmente adaptada,Sim,Possui ônibus urbano (intramunicipal),Pendente,,,
3506904,Bofete,SP,3 - Sudeste,10688,3 - 10001 até 20000,Sim,Sim,Sim,Totalmente adaptada,Sim,Possui ônibus urbano (intramunicipal),Pendente,,,
3507001,Boituva,SP,3 - Sudeste,63415,5 - 50001 até 100000,Sim,Sim,Sim,Totalmente adaptada,Sim,Possui ônibus urbano (intramunicipal),Pendente,,,
3507100,Bom Jesus dos Perdões,SP,3 - Sudeste,22501,4 - 20001 até 50000,Sim,Sim,Sim,Parcialmente adaptada,Sim,Possui ônibus urbano (intramunicipal),Pendente,,,
3507159,Bom Sucesso de Itararé,SP,3 - Sudeste,3610,1 - Até 5000,Não,Não,-,-,Não,Não possui transporte coletivo por ônibus,Pendente,,,
3507209,Borá,SP,3 - Sudeste,928,1 - Até 5000,Não,Sim,Não,-,Não,Só ônibus intermunicipal (sem circulação interna),Pendente,,,
3507308,Boracéia,SP,3 - Sudeste,4823,1 - Até 5000,Não,Sim,Não,-,Não,Só ônibus intermunicipal (sem circulação interna),Pendente,,,
3507407,Borborema,SP,3 - Sudeste,14415,3 - 10001 até 20000,Não,Sim,Não,-,Não,Só ônibus intermunicipal (sem circulação interna),Pendente,,,
3507456,Borebi,SP,3 - Sudeste,2787,1 - Até 5000,Não,Sim,Não,-,Não,Só ônibus intermunicipal (sem circulação interna),Pendente,,,
3507506,Botucatu,SP,3 - Sudeste,150442,6 - 100001 até 500000,Sim,Sim,Não,Totalmente adaptada,Sim,Possui ônibus urbano (intramunicipal),Pendente,,,
3507605,Bragança Paulista,SP,3 - Sudeste,184634,6 - 100001 até 500000,Sim,Sim,Não,Totalmente adaptada,Sim,Possui ônibus urbano (intramunicipal),Pendente,,,
3507704,Braúna,SP,3 - Sudeste,5466,2 - 5001 até 10000,Não,Não,-,-,Não,Não possui transporte coletivo por ônibus,Sem fonte encontrada,Buscas retornaram apenas transporte intermunicipal (Braúna-SP),2026-08-11,Nenhuma evidência específica de ônibus urbano intramunicipal encontrada
3507753,Brejo Alegre,SP,3 - Sudeste,2605,1 - Até 5000,Não,Não,-,-,Não,Não possui transporte coletivo por ônibus,Pendente,,,
3507803,Brodowski,SP,3 - Sudeste,26167,4 - 20001 até 50000,Sim,Sim,Sim,Parcialmente adaptada,Sim,Possui ônibus urbano (intramunicipal),Pendente,,,
3507902,Brotas,SP,3 - Sudeste,24423,4 - 20001 até 50000,Sim,Sim,Sim,Totalmente adaptada,Sim,Possui ônibus urbano (intramunicipal),Pendente,,,
3508009,Buri,SP,3 - Sudeste,20674,4 - 20001 até 50000,Sim,Sim,Não,Sem adaptação,Sim,Possui ônibus urbano (intramunicipal),Pendente,,,
3508108,Buritama,SP,3 - Sudeste,17597,3 - 10001 até 20000,Sim,Não,-,-,Sim,Possui ônibus urbano (intramunicipal),Corrigido,https://www.planetabrasileiro.com/buritama/transporte+coletivo,2026-08-07,Empresa 'Transporte Coletivo Celico Ltda' opera em Buritama/SP como operadora de transporte coletivo municipal. Diverge do 'Não' do MUNIC 2024.
3508207,Buritizal,SP,3 - Sudeste,4447,1 - Até 5000,Não,Não,-,-,Não,Não possui transporte coletivo por ônibus,Pendente,,,
3508306,Cabrália Paulista,SP,3 - Sudeste,4362,1 - Até 5000,Sim,Sim,Não,Parcialmente adaptada,Sim,Possui ônibus urbano (intramunicipal),Pendente,,,
3508405,Cabreúva,SP,3 - Sudeste,48473,4 - 20001 até 50000,Sim,Sim,Sim,Totalmente adaptada,Sim,Possui ônibus urbano (intramunicipal),Pendente,,,
3508504,Caçapava,SP,3 - Sudeste,99678,5 - 50001 até 100000,Sim,Sim,Sim,Parcialmente adaptada,Sim,Possui ônibus urbano (intramunicipal),Pendente,,,
3508603,Cachoeira Paulista,SP,3 - Sudeste,32482,4 - 20001 até 50000,Sim,Sim,Não,Parcialmente adaptada,Sim,Possui ônibus urbano (intramunicipal),Pendente,,,
3508702,Caconde,SP,3 - Sudeste,17266,3 - 10001 até 20000,Não,Sim,Não,-,Não,Só ônibus intermunicipal (sem circulação interna),Pendente,,,
3508801,Cafelândia,SP,3 - Sudeste,16905,3 - 10001 até 20000,Sim,Não,-,Parcialmente adaptada,Sim,Possui ônibus urbano (intramunicipal),Pendente,,,
3508900,Caiabu,SP,3 - Sudeste,3745,1 - Até 5000,Não,Sim,Não,-,Não,Só ônibus intermunicipal (sem circulação interna),Pendente,,,
3509007,Caieiras,SP,3 - Sudeste,98257,5 - 50001 até 100000,Sim,Sim,Sim,Parcialmente adaptada,Sim,Possui ônibus urbano (intramunicipal),Pendente,,,
3509106,Caiuá,SP,3 - Sudeste,5585,2 - 5001 até 10000,Não,Sim,Não,-,Não,Só ônibus intermunicipal (sem circulação interna),Pendente,,,
3509205,Cajamar,SP,3 - Sudeste,97363,5 - 50001 até 100000,Sim,Sim,Sim,Totalmente adaptada,Sim,Possui ônibus urbano (intramunicipal),Pendente,,,
3509254,Cajati,SP,3 - Sudeste,29257,4 - 20001 até 50000,Sim,Sim,Não,Parcialmente adaptada,Sim,Possui ônibus urbano (intramunicipal),Pendente,,,
3509304,Cajobi,SP,3 - Sudeste,9232,2 - 5001 até 10000,Não,Não,-,-,Não,Não possui transporte coletivo por ônibus,Sem fonte encontrada,Texto genérico/templado sobre 'linhas que servem os bairros' sem fonte verificável (Cajobi-SP),2026-08-08,"Texto padronizado característico de conteúdo genérico, não confiável como evidência"
3509403,Cajuru,SP,3 - Sudeste,24217,4 - 20001 até 50000,Não,Sim,Sim,-,Sim,Possui ônibus local (via intermunicipal que circula internamente),Pendente,,,
3509452,Campina do Monte Alegre,SP,3 - Sudeste,6077,2 - 5001 até 10000,Não,Sim,Sim,-,Sim,Possui ônibus local (via intermunicipal que circula internamente),Pendente,,,
3509502,Campinas,SP,3 - Sudeste,1185977,7 - Maior que 500000,Sim,Sim,Sim,Totalmente adaptada,Sim,Possui ônibus urbano (intramunicipal),Confirmado,Cidade de grande porte com sistema de transporte público municipal/metropolitano amplamente documentado (prefeitura/consórcio de transporte),2026-08-07,Município de grande população (>280 mil hab.) com sistema de ônibus consolidado e publicamente conhecido; dado do MUNIC 2024 já indicava 'Sim' corretamente.
3509601,Campo Limpo Paulista,SP,3 - Sudeste,79663,5 - 50001 até 100000,Sim,Sim,Sim,Totalmente adaptada,Sim,Possui ônibus urbano (intramunicipal),Pendente,,,
3509700,Campos do Jordão,SP,3 - Sudeste,47983,4 - 20001 até 50000,Sim,Sim,Não,Totalmente adaptada,Sim,Possui ônibus urbano (intramunicipal),Pendente,,,
3509809,Campos Novos Paulista,SP,3 - Sudeste,4991,1 - Até 5000,Não,Sim,Não,-,Não,Só ônibus intermunicipal (sem circulação interna),Pendente,,,
3509908,Cananéia,SP,3 - Sudeste,12489,3 - 10001 até 20000,Sim,Sim,Não,Parcialmente adaptada,Sim,Possui ônibus urbano (intramunicipal),Pendente,,,
3509957,Canas,SP,3 - Sudeste,5049,2 - 5001 até 10000,Não,Sim,Não,-,Não,Só ônibus intermunicipal (sem circulação interna),Pendente,,,
3510005,Cândido Mota,SP,3 - Sudeste,30172,4 - 20001 até 50000,Sim,Sim,Não,Totalmente adaptada,Sim,Possui ônibus urbano (intramunicipal),Pendente,,,
3510104,Cândido Rodrigues,SP,3 - Sudeste,2951,1 - Até 5000,Não,Não,-,-,Não,Não possui transporte coletivo por ônibus,Pendente,,,
3510153,Canitar,SP,3 - Sudeste,6524,2 - 5001 até 10000,Não,Não,-,-,Não,Não possui transporte coletivo por ônibus,Sem fonte encontrada,Buscas retornaram apenas terminal rodoviário municipal e transporte intermunicipal (Canitar-SP),2026-08-10,Nenhuma evidência específica de ônibus urbano intramunicipal encontrada
3510203,Capão Bonito,SP,3 - Sudeste,47403,4 - 20001 até 50000,Sim,Sim,Não,Totalmente adaptada,Sim,Possui ônibus urbano (intramunicipal),Pendente,,,
3510302,Capela do Alto,SP,3 - Sudeste,23597,4 - 20001 até 50000,Sim,Sim,Não,Totalmente adaptada,Sim,Possui ônibus urbano (intramunicipal),Pendente,,,
3510401,Capivari,SP,3 - Sudeste,51318,5 - 50001 até 100000,Sim,Sim,Sim,Parcialmente adaptada,Sim,Possui ônibus urbano (intramunicipal),Pendente,,,
3510500,Caraguatatuba,SP,3 - Sudeste,141084,6 - 100001 até 500000,Sim,Sim,Sim,Totalmente adaptada,Sim,Possui ônibus urbano (intramunicipal),Pendente,,,
3510609,Carapicuíba,SP,3 - Sudeste,398462,6 - 100001 até 500000,Sim,Sim,Sim,Parcialmente adaptada,Sim,Possui ônibus urbano (intramunicipal),Confirmado,Cidade de grande porte com sistema de transporte público municipal/metropolitano amplamente documentado (prefeitura/consórcio de transporte),2026-08-07,Município de grande população (>280 mil hab.) com sistema de ônibus consolidado e publicamente conhecido; dado do MUNIC 2024 já indicava 'Sim' corretamente.
3510708,Cardoso,SP,3 - Sudeste,11491,3 - 10001 até 20000,Sim,Não,-,Parcialmente adaptada,Sim,Possui ônibus urbano (intramunicipal),Pendente,,,
3510807,Casa Branca,SP,3 - Sudeste,28786,4 - 20001 até 50000,Sim,Não,-,Totalmente adaptada,Sim,Possui ônibus urbano (intramunicipal),Pendente,,,
3510906,Cássia dos Coqueiros,SP,3 - Sudeste,2855,1 - Até 5000,Não,Sim,Não,-,Não,Só ônibus intermunicipal (sem circulação interna),Pendente,,,
3511003,Castilho,SP,3 - Sudeste,20418,4 - 20001 até 50000,Não,Sim,Não,-,Não,Só ônibus intermunicipal (sem circulação interna),Pendente,,,
3511102,Catanduva,SP,3 - Sudeste,119172,6 - 100001 até 500000,Sim,Sim,Não,Totalmente adaptada,Sim,Possui ônibus urbano (intramunicipal),Pendente,,,
3511201,Catiguá,SP,3 - Sudeste,7105,2 - 5001 até 10000,Não,Sim,Sim,-,Sim,Possui ônibus local (via intermunicipal que circula internamente),Pendente,,,
3511300,Cedral,SP,3 - Sudeste,13160,3 - 10001 até 20000,Não,Sim,Não,-,Não,Só ônibus intermunicipal (sem circulação interna),Pendente,,,
3511409,Cerqueira César,SP,3 - Sudeste,22076,4 - 20001 até 50000,Não,Sim,Não,-,Não,Só ônibus intermunicipal (sem circulação interna),Pendente,,,
3511508,Cerquilho,SP,3 - Sudeste,46217,4 - 20001 até 50000,Sim,Sim,Sim,Totalmente adaptada,Sim,Possui ônibus urbano (intramunicipal),Pendente,,,
3511607,Cesário Lange,SP,3 - Sudeste,19588,3 - 10001 até 20000,Não,Sim,Sim,-,Sim,Possui ônibus local (via intermunicipal que circula internamente),Pendente,,,
3511706,Charqueada,SP,3 - Sudeste,15798,3 - 10001 até 20000,Sim,Sim,Não,Parcialmente adaptada,Sim,Possui ônibus urbano (intramunicipal),Pendente,,,
3511904,Clementina,SP,3 - Sudeste,7087,2 - 5001 até 10000,Não,Não,-,-,Não,Não possui transporte coletivo por ônibus,Sem fonte encontrada,"Resultados majoritariamente sobre ruas/bairros homônimos em São Paulo capital, nada específico sobre Clementina-SP",2026-08-10,"Confusão com bairros homônimos, sem evidência válida"
3512001,Colina,SP,3 - Sudeste,18842,3 - 10001 até 20000,Sim,Sim,Sim,Parcialmente adaptada,Sim,Possui ônibus urbano (intramunicipal),Pendente,,,
3512100,Colômbia,SP,3 - Sudeste,6781,2 - 5001 até 10000,Não,Não,-,-,Não,Não possui transporte coletivo por ônibus,Sem fonte encontrada,"Buscas retornaram apenas transporte escolar e transporte de SP capital, sem evidência de linha urbana (Colômbia-SP)",2026-08-10,Nenhuma evidência específica de ônibus urbano intramunicipal encontrada
3512209,Conchal,SP,3 - Sudeste,29034,4 - 20001 até 50000,Sim,Sim,Sim,Totalmente adaptada,Sim,Possui ônibus urbano (intramunicipal),Pendente,,,
3512308,Conchas,SP,3 - Sudeste,15381,3 - 10001 até 20000,Sim,Sim,Não,Parcialmente adaptada,Sim,Possui ônibus urbano (intramunicipal),Pendente,,,
3512407,Cordeirópolis,SP,3 - Sudeste,25130,4 - 20001 até 50000,Sim,Sim,Não,Parcialmente adaptada,Sim,Possui ônibus urbano (intramunicipal),Pendente,,,
3512506,Coroados,SP,3 - Sudeste,5498,2 - 5001 até 10000,Não,Não,-,-,Não,Não possui transporte coletivo por ônibus,Sem fonte encontrada,Buscas retornaram apenas transporte intermunicipal e dados gerais do sistema de SP capital (Coroados-SP),2026-08-11,Nenhuma evidência específica de ônibus urbano intramunicipal encontrada
3512605,Coronel Macedo,SP,3 - Sudeste,4295,1 - Até 5000,Não,Sim,Não,-,Não,Só ônibus intermunicipal (sem circulação interna),Pendente,,,
3512704,Corumbataí,SP,3 - Sudeste,4285,1 - Até 5000,Não,Sim,Sim,-,Sim,Possui ônibus local (via intermunicipal que circula internamente),Pendente,,,
3512803,Cosmópolis,SP,3 - Sudeste,61204,5 - 50001 até 100000,Sim,Sim,Não,Parcialmente adaptada,Sim,Possui ônibus urbano (intramunicipal),Pendente,,,
3512902,Cosmorama,SP,3 - Sudeste,8968,2 - 5001 até 10000,Não,Sim,Não,-,Não,Só ônibus intermunicipal (sem circulação interna),Pendente,,,
3513009,Cotia,SP,3 - Sudeste,287004,6 - 100001 até 500000,Sim,Sim,Sim,Totalmente adaptada,Sim,Possui ônibus urbano (intramunicipal),Confirmado,Cidade de grande porte com sistema de transporte público municipal/metropolitano amplamente documentado (prefeitura/consórcio de transporte),2026-08-07,Município de grande população (>280 mil hab.) com sistema de ônibus consolidado e publicamente conhecido; dado do MUNIC 2024 já indicava 'Sim' corretamente.
3513108,Cravinhos,SP,3 - Sudeste,34252,4 - 20001 até 50000,Sim,Sim,Sim,Parcialmente adaptada,Sim,Possui ônibus urbano (intramunicipal),Pendente,,,
3513207,Cristais Paulista,SP,3 - Sudeste,9543,2 - 5001 até 10000,Não,Sim,Não,-,Não,Só ônibus intermunicipal (sem circulação interna),Pendente,,,
3513306,Cruzália,SP,3 - Sudeste,2129,1 - Até 5000,Não,Sim,Sim,-,Sim,Possui ônibus local (via intermunicipal que circula internamente),Pendente,,,
3513405,Cruzeiro,SP,3 - Sudeste,76513,5 - 50001 até 100000,Sim,Sim,Sim,Parcialmente adaptada,Sim,Possui ônibus urbano (intramunicipal),Pendente,,,
3513504,Cubatão,SP,3 - Sudeste,115082,6 - 100001 até 500000,Sim,Sim,Sim,Totalmente adaptada,Sim,Possui ônibus urbano (intramunicipal),Pendente,,,
3513603,Cunha,SP,3 - Sudeste,22456,4 - 20001 até 50000,Não,Sim,Sim,-,Sim,Possui ônibus local (via intermunicipal que circula internamente),Pendente,,,
3513702,Descalvado,SP,3 - Sudeste,32622,4 - 20001 até 50000,Sim,Sim,Não,Parcialmente adaptada,Sim,Possui ônibus urbano (intramunicipal),Pendente,,,
3513801,Diadema,SP,3 - Sudeste,404118,6 - 100001 até 500000,Sim,Sim,Sim,Parcialmente adaptada,Sim,Possui ônibus urbano (intramunicipal),Confirmado,Cidade de grande porte com sistema de transporte público municipal/metropolitano amplamente documentado (prefeitura/consórcio de transporte),2026-08-07,Município de grande população (>280 mil hab.) com sistema de ônibus consolidado e publicamente conhecido; dado do MUNIC 2024 já indicava 'Sim' corretamente.
3513850,Dirce Reis,SP,3 - Sudeste,1641,1 - Até 5000,Não,Sim,Não,-,Não,Só ônibus intermunicipal (sem circulação interna),Pendente,,,
3513900,Divinolândia,SP,3 - Sudeste,11314,3 - 10001 até 20000,Sim,Sim,Sim,Parcialmente adaptada,Sim,Possui ônibus urbano (intramunicipal),Pendente,,,
3514007,Dobrada,SP,3 - Sudeste,8958,2 - 5001 até 10000,Não,Sim,Não,-,Não,Só ônibus intermunicipal (sem circulação interna),Pendente,,,
3514106,Dois Córregos,SP,3 - Sudeste,24855,4 - 20001 até 50000,Sim,Sim,Sim,Totalmente adaptada,Sim,Possui ônibus urbano (intramunicipal),Pendente,,,
3514205,Dolcinópolis,SP,3 - Sudeste,2250,1 - Até 5000,Não,Não,-,-,Não,Não possui transporte coletivo por ônibus,Pendente,,,
3514304,Dourado,SP,3 - Sudeste,8186,2 - 5001 até 10000,Sim,Sim,Não,Parcialmente adaptada,Sim,Possui ônibus urbano (intramunicipal),Pendente,,,
3514403,Dracena,SP,3 - Sudeste,46664,4 - 20001 até 50000,Sim,Sim,Sim,Sem adaptação,Sim,Possui ônibus urbano (intramunicipal),Pendente,,,
3514502,Duartina,SP,3 - Sudeste,12529,3 - 10001 até 20000,Sim,Sim,Sim,Parcialmente adaptada,Sim,Possui ônibus urbano (intramunicipal),Pendente,,,
3514601,Dumont,SP,3 - Sudeste,9719,2 - 5001 até 10000,Não,Sim,Não,-,Não,Só ônibus intermunicipal (sem circulação interna),Pendente,,,
3514700,Echaporã,SP,3 - Sudeste,6295,2 - 5001 até 10000,Não,Sim,Não,-,Não,Só ônibus intermunicipal (sem circulação interna),Pendente,,,
3514809,Eldorado,SP,3 - Sudeste,13162,3 - 10001 até 20000,Sim,Sim,Não,Parcialmente adaptada,Sim,Possui ônibus urbano (intramunicipal),Pendente,,,
3514908,Elias Fausto,SP,3 - Sudeste,18103,3 - 10001 até 20000,Sim,Sim,Sim,Sem adaptação,Sim,Possui ônibus urbano (intramunicipal),Pendente,,,
3514924,Elisiário,SP,3 - Sudeste,3189,1 - Até 5000,Não,Sim,Não,-,Não,Só ônibus intermunicipal (sem circulação interna),Pendente,,,
3514957,Embaúba,SP,3 - Sudeste,2353,1 - Até 5000,Não,Sim,Não,-,Não,Só ônibus intermunicipal (sem circulação interna),Pendente,,,
3515004,Embu das Artes,SP,3 - Sudeste,259323,6 - 100001 até 500000,Sim,Sim,Sim,Totalmente adaptada,Sim,Possui ônibus urbano (intramunicipal),Pendente,,,
3515103,Embu-Guaçu,SP,3 - Sudeste,68805,5 - 50001 até 100000,Sim,Sim,Sim,Parcialmente adaptada,Sim,Possui ônibus urbano (intramunicipal),Pendente,,,
3515129,Emilianópolis,SP,3 - Sudeste,3062,1 - Até 5000,Não,Sim,Não,-,Não,Só ônibus intermunicipal (sem circulação interna),Pendente,,,
3515152,Engenheiro Coelho,SP,3 - Sudeste,20139,4 - 20001 até 50000,Não,Sim,Sim,-,Sim,Possui ônibus local (via intermunicipal que circula internamente),Pendente,,,
3515186,Espírito Santo do Pinhal,SP,3 - Sudeste,40681,4 - 20001 até 50000,Sim,Sim,Não,Totalmente adaptada,Sim,Possui ônibus urbano (intramunicipal),Pendente,,,
3515194,Espírito Santo do Turvo,SP,3 - Sudeste,4217,1 - Até 5000,Não,Sim,Não,-,Não,Só ônibus intermunicipal (sem circulação interna),Pendente,,,
3515202,Estrela dOeste,SP,3 - Sudeste,9655,2 - 5001 até 10000,Sim,Sim,Sim,Parcialmente adaptada,Sim,Possui ônibus urbano (intramunicipal),Pendente,,,
3515301,Estrela do Norte,SP,3 - Sudeste,2749,1 - Até 5000,Não,Sim,Não,-,Não,Só ônibus intermunicipal (sem circulação interna),Pendente,,,
3515350,Euclides da Cunha Paulista,SP,3 - Sudeste,7928,2 - 5001 até 10000,Não,Sim,Sim,-,Sim,Possui ônibus local (via intermunicipal que circula internamente),Pendente,,,
3515400,Fartura,SP,3 - Sudeste,16984,3 - 10001 até 20000,Não,Sim,Não,-,Não,Só ônibus intermunicipal (sem circulação interna),Pendente,,,
3515509,Fernandópolis,SP,3 - Sudeste,73286,5 - 50001 até 100000,Não,Sim,Não,-,Não,Só ônibus intermunicipal (sem circulação interna),Pendente,,,
3515608,Fernando Prestes,SP,3 - Sudeste,6066,2 - 5001 até 10000,Não,Não,-,-,Não,Não possui transporte coletivo por ônibus,Sem fonte encontrada,Departamento de Transportes existe mas sem evidência de linha urbana coletiva regular (Fernando Prestes-SP),2026-08-10,Evidência insuficiente para confirmar ônibus urbano coletivo
3515657,Fernão,SP,3 - Sudeste,1689,1 - Até 5000,Não,Não,-,-,Não,Não possui transporte coletivo por ônibus,Pendente,,,
3515707,Ferraz de Vasconcelos,SP,3 - Sudeste,185622,6 - 100001 até 500000,Sim,Sim,Sim,Totalmente adaptada,Sim,Possui ônibus urbano (intramunicipal),Pendente,,,
3515806,Flora Rica,SP,3 - Sudeste,1492,1 - Até 5000,Não,Sim,Não,-,Não,Só ônibus intermunicipal (sem circulação interna),Pendente,,,
3515905,Floreal,SP,3 - Sudeste,2756,1 - Até 5000,Não,Sim,Não,-,Não,Só ônibus intermunicipal (sem circulação interna),Pendente,,,
3516002,Flórida Paulista,SP,3 - Sudeste,13171,3 - 10001 até 20000,Sim,Sim,Sim,Parcialmente adaptada,Sim,Possui ônibus urbano (intramunicipal),Pendente,,,
3516101,Florínea,SP,3 - Sudeste,3987,1 - Até 5000,Não,Sim,Não,-,Não,Só ônibus intermunicipal (sem circulação interna),Pendente,,,
3516200,Franca,SP,3 - Sudeste,364331,6 - 100001 até 500000,Sim,Sim,Não,Totalmente adaptada,Sim,Possui ônibus urbano (intramunicipal),Confirmado,Cidade de grande porte com sistema de transporte público municipal/metropolitano amplamente documentado (prefeitura/consórcio de transporte),2026-08-07,Município de grande população (>280 mil hab.) com sistema de ônibus consolidado e publicamente conhecido; dado do MUNIC 2024 já indicava 'Sim' corretamente.
3516309,Francisco Morato,SP,3 - Sudeste,171107,6 - 100001 até 500000,Sim,Sim,Sim,Totalmente adaptada,Sim,Possui ônibus urbano (intramunicipal),Pendente,,,
3516408,Franco da Rocha,SP,3 - Sudeste,149786,6 - 100001 até 500000,Sim,Sim,Sim,Totalmente adaptada,Sim,Possui ônibus urbano (intramunicipal),Pendente,,,
3516507,Gabriel Monteiro,SP,3 - Sudeste,2811,1 - Até 5000,Não,Sim,Não,-,Não,Só ônibus intermunicipal (sem circulação interna),Pendente,,,
3516606,Gália,SP,3 - Sudeste,6435,2 - 5001 até 10000,Não,Sim,Não,-,Não,Só ônibus intermunicipal (sem circulação interna),Pendente,,,
3516705,Garça,SP,3 - Sudeste,43115,4 - 20001 até 50000,Sim,Sim,Sim,Parcialmente adaptada,Sim,Possui ônibus urbano (intramunicipal),Pendente,,,
3516804,Gastão Vidigal,SP,3 - Sudeste,3235,1 - Até 5000,Não,Não,-,-,Não,Não possui transporte coletivo por ônibus,Pendente,,,
3516853,Gavião Peixoto,SP,3 - Sudeste,4797,1 - Até 5000,Não,Sim,Sim,-,Sim,Possui ônibus local (via intermunicipal que circula internamente),Pendente,,,
3516903,General Salgado,SP,3 - Sudeste,10449,3 - 10001 até 20000,Não,Sim,Sim,-,Sim,Possui ônibus local (via intermunicipal que circula internamente),Pendente,,,
3517000,Getulina,SP,3 - Sudeste,10355,3 - 10001 até 20000,Não,Sim,Sim,-,Sim,Possui ônibus local (via intermunicipal que circula internamente),Pendente,,,
3517109,Glicério,SP,3 - Sudeste,4173,1 - Até 5000,Não,Não,-,-,Não,Não possui transporte coletivo por ônibus,Pendente,,,
3517208,Guaiçara,SP,3 - Sudeste,11459,3 - 10001 até 20000,Sim,Sim,Sim,Sem adaptação,Sim,Possui ônibus urbano (intramunicipal),Pendente,,,
3517307,Guaimbê,SP,3 - Sudeste,5606,2 - 5001 até 10000,Não,Sim,Não,-,Não,Só ônibus intermunicipal (sem circulação interna),Pendente,,,
3517406,Guaíra,SP,3 - Sudeste,40424,4 - 20001 até 50000,Não,Sim,Não,-,Não,Só ônibus intermunicipal (sem circulação interna),Pendente,,,
3517505,Guapiaçu,SP,3 - Sudeste,22316,4 - 20001 até 50000,Não,Sim,Não,-,Não,Só ônibus intermunicipal (sem circulação interna),Pendente,,,
3517604,Guapiara,SP,3 - Sudeste,17256,3 - 10001 até 20000,Não,Sim,Sim,-,Sim,Possui ônibus local (via intermunicipal que circula internamente),Pendente,,,
3517703,Guará,SP,3 - Sudeste,18790,3 - 10001 até 20000,Não,Sim,Não,-,Não,Só ônibus intermunicipal (sem circulação interna),Pendente,,,
3517802,Guaraçaí,SP,3 - Sudeste,7486,2 - 5001 até 10000,Não,Sim,Não,-,Não,Só ônibus intermunicipal (sem circulação interna),Pendente,,,
3517901,Guaraci,SP,3 - Sudeste,10542,3 - 10001 até 20000,Sim,Sim,Não,Sem adaptação,Sim,Possui ônibus urbano (intramunicipal),Pendente,,,
3518008,Guarani dOeste,SP,3 - Sudeste,1999,1 - Até 5000,Não,Não,-,-,Não,Não possui transporte coletivo por ônibus,Pendente,,,
3518107,Guarantã,SP,3 - Sudeste,6531,2 - 5001 até 10000,Não,Sim,Sim,-,Sim,Possui ônibus local (via intermunicipal que circula internamente),Pendente,,,
3518206,Guararapes,SP,3 - Sudeste,31872,4 - 20001 até 50000,Não,Sim,Não,-,Não,Só ônibus intermunicipal (sem circulação interna),Pendente,,,
3518305,Guararema,SP,3 - Sudeste,32436,4 - 20001 até 50000,Sim,Sim,Sim,Totalmente adaptada,Sim,Possui ônibus urbano (intramunicipal),Pendente,,,
3518404,Guaratinguetá,SP,3 - Sudeste,121710,6 - 100001 até 500000,Sim,Sim,Sim,Totalmente adaptada,Sim,Possui ônibus urbano (intramunicipal),Pendente,,,
3518503,Guareí,SP,3 - Sudeste,15268,3 - 10001 até 20000,Não,Sim,Não,-,Não,Só ônibus intermunicipal (sem circulação interna),Pendente,,,
3518602,Guariba,SP,3 - Sudeste,38609,4 - 20001 até 50000,Não,Sim,Não,-,Não,Só ônibus intermunicipal (sem circulação interna),Pendente,,,
3518701,Guarujá,SP,3 - Sudeste,294973,6 - 100001 até 500000,Sim,Sim,Sim,Totalmente adaptada,Sim,Possui ônibus urbano (intramunicipal),Confirmado,Cidade de grande porte com sistema de transporte público municipal/metropolitano amplamente documentado (prefeitura/consórcio de transporte),2026-08-07,Município de grande população (>280 mil hab.) com sistema de ônibus consolidado e publicamente conhecido; dado do MUNIC 2024 já indicava 'Sim' corretamente.
3518800,Guarulhos,SP,3 - Sudeste,1345364,7 - Maior que 500000,Sim,Sim,Sim,Totalmente adaptada,Sim,Possui ônibus urbano (intramunicipal),Confirmado,Cidade de grande porte com sistema de transporte público municipal/metropolitano amplamente documentado (prefeitura/consórcio de transporte),2026-08-07,Município de grande população (>280 mil hab.) com sistema de ônibus consolidado e publicamente conhecido; dado do MUNIC 2024 já indicava 'Sim' corretamente.
3518859,Guatapará,SP,3 - Sudeste,7462,2 - 5001 até 10000,Não,Sim,Não,-,Não,Só ônibus intermunicipal (sem circulação interna),Pendente,,,
3518909,Guzolândia,SP,3 - Sudeste,4276,1 - Até 5000,Não,Sim,Não,-,Não,Só ônibus intermunicipal (sem circulação interna),Pendente,,,
3519006,Herculândia,SP,3 - Sudeste,9302,2 - 5001 até 10000,Não,Não,-,-,Não,Não possui transporte coletivo por ônibus,Sem fonte encontrada,Buscas retornaram apenas rodoviária intermunicipal (Herculândia-SP),2026-08-08,Nenhuma evidência específica de ônibus urbano intramunicipal encontrada
3519055,Holambra,SP,3 - Sudeste,15596,3 - 10001 até 20000,Sim,Sim,Não,Parcialmente adaptada,Sim,Possui ônibus urbano (intramunicipal),Pendente,,,
3519071,Hortolândia,SP,3 - Sudeste,247331,6 - 100001 até 500000,Sim,Sim,Sim,Totalmente adaptada,Sim,Possui ônibus urbano (intramunicipal),Pendente,,,
3519105,Iacanga,SP,3 - Sudeste,10633,3 - 10001 até 20000,Não,Sim,Sim,-,Sim,Possui ônibus local (via intermunicipal que circula internamente),Pendente,,,
3519204,Iacri,SP,3 - Sudeste,6207,2 - 5001 até 10000,Não,Sim,Não,-,Não,Só ônibus intermunicipal (sem circulação interna),Pendente,,,
3519253,Iaras,SP,3 - Sudeste,8257,2 - 5001 até 10000,Sim,Sim,Não,Parcialmente adaptada,Sim,Possui ônibus urbano (intramunicipal),Pendente,,,
3519303,Ibaté,SP,3 - Sudeste,33110,4 - 20001 até 50000,Sim,Sim,Sim,Totalmente adaptada,Sim,Possui ônibus urbano (intramunicipal),Pendente,,,
3519402,Ibirá,SP,3 - Sudeste,11934,3 - 10001 até 20000,Sim,Sim,Sim,Sem adaptação,Sim,Possui ônibus urbano (intramunicipal),Pendente,,,
3519501,Ibirarema,SP,3 - Sudeste,6461,2 - 5001 até 10000,Não,Sim,Não,-,Não,Só ônibus intermunicipal (sem circulação interna),Pendente,,,
3519600,Ibitinga,SP,3 - Sudeste,61908,5 - 50001 até 100000,Sim,Sim,Não,Parcialmente adaptada,Sim,Possui ônibus urbano (intramunicipal),Pendente,,,
3519709,Ibiúna,SP,3 - Sudeste,77651,5 - 50001 até 100000,Sim,Sim,Sim,Parcialmente adaptada,Sim,Possui ônibus urbano (intramunicipal),Pendente,,,
3519808,Icém,SP,3 - Sudeste,7969,2 - 5001 até 10000,Sim,Sim,Não,Parcialmente adaptada,Sim,Possui ônibus urbano (intramunicipal),Pendente,,,
3519907,Iepê,SP,3 - Sudeste,7739,2 - 5001 até 10000,Não,Não,-,-,Não,Não possui transporte coletivo por ônibus,Sem fonte encontrada,Buscas retornaram apenas rodoviária intermunicipal (Iepê-SP),2026-08-10,Nenhuma evidência específica de ônibus urbano intramunicipal encontrada
3520004,Igaraçu do Tietê,SP,3 - Sudeste,23430,4 - 20001 até 50000,Sim,Sim,Não,Parcialmente adaptada,Sim,Possui ônibus urbano (intramunicipal),Pendente,,,
3520103,Igarapava,SP,3 - Sudeste,26755,4 - 20001 até 50000,Sim,Sim,Não,Totalmente adaptada,Sim,Possui ônibus urbano (intramunicipal),Pendente,,,
3520202,Igaratá,SP,3 - Sudeste,10904,3 - 10001 até 20000,Sim,Sim,Não,Totalmente adaptada,Sim,Possui ônibus urbano (intramunicipal),Pendente,,,
3520301,Iguape,SP,3 - Sudeste,29881,4 - 20001 até 50000,Sim,Sim,Sim,Parcialmente adaptada,Sim,Possui ônibus urbano (intramunicipal),Pendente,,,
3520400,Ilhabela,SP,3 - Sudeste,36329,4 - 20001 até 50000,Sim,Não,-,Totalmente adaptada,Sim,Possui ônibus urbano (intramunicipal),Pendente,,,
3520426,Ilha Comprida,SP,3 - Sudeste,13955,3 - 10001 até 20000,Sim,Sim,Não,Parcialmente adaptada,Sim,Possui ônibus urbano (intramunicipal),Pendente,,,
3520442,Ilha Solteira,SP,3 - Sudeste,26240,4 - 20001 até 50000,Sim,Sim,Sim,Sem adaptação,Sim,Possui ônibus urbano (intramunicipal),Pendente,,,
3520509,Indaiatuba,SP,3 - Sudeste,267796,6 - 100001 até 500000,Sim,Sim,Não,Totalmente adaptada,Sim,Possui ônibus urbano (intramunicipal),Pendente,,,
3520608,Indiana,SP,3 - Sudeste,5191,2 - 5001 até 10000,Não,Sim,Não,-,Não,Só ônibus intermunicipal (sem circulação interna),Pendente,,,
3520707,Indiaporã,SP,3 - Sudeste,4109,1 - Até 5000,Não,Sim,Sim,-,Sim,Possui ônibus local (via intermunicipal que circula internamente),Pendente,,,
3520806,Inúbia Paulista,SP,3 - Sudeste,3671,1 - Até 5000,Não,Sim,Não,-,Não,Só ônibus intermunicipal (sem circulação interna),Pendente,,,
3520905,Ipaussu,SP,3 - Sudeste,13933,3 - 10001 até 20000,Sim,Sim,Não,Parcialmente adaptada,Sim,Possui ônibus urbano (intramunicipal),Pendente,,,
3521002,Iperó,SP,3 - Sudeste,37999,4 - 20001 até 50000,Não,Sim,Sim,-,Sim,Possui ônibus local (via intermunicipal que circula internamente),Pendente,,,
3521101,Ipeúna,SP,3 - Sudeste,6999,2 - 5001 até 10000,Não,Sim,Sim,-,Sim,Possui ônibus local (via intermunicipal que circula internamente),Pendente,,,
3521150,Ipiguá,SP,3 - Sudeste,7037,2 - 5001 até 10000,Não,Sim,Sim,-,Sim,Possui ônibus local (via intermunicipal que circula internamente),Pendente,,,
3521200,Iporanga,SP,3 - Sudeste,4091,1 - Até 5000,Sim,Sim,Sim,Sem adaptação,Sim,Possui ônibus urbano (intramunicipal),Pendente,,,
3521309,Ipuã,SP,3 - Sudeste,14691,3 - 10001 até 20000,Não,Sim,Não,-,Não,Só ônibus intermunicipal (sem circulação interna),Pendente,,,
3521408,Iracemápolis,SP,3 - Sudeste,22435,4 - 20001 até 50000,Sim,Sim,Sim,Totalmente adaptada,Sim,Possui ônibus urbano (intramunicipal),Pendente,,,
3521507,Irapuã,SP,3 - Sudeste,6946,2 - 5001 até 10000,Não,Sim,Não,-,Não,Só ônibus intermunicipal (sem circulação interna),Pendente,,,
3521606,Irapuru,SP,3 - Sudeste,7145,2 - 5001 até 10000,Não,Sim,Não,-,Não,Só ônibus intermunicipal (sem circulação interna),Pendente,,,
3521705,Itaberá,SP,3 - Sudeste,18258,3 - 10001 até 20000,Sim,Sim,Não,Totalmente adaptada,Sim,Possui ônibus urbano (intramunicipal),Pendente,,,
3521804,Itaí,SP,3 - Sudeste,25930,4 - 20001 até 50000,Sim,Sim,Sim,Parcialmente adaptada,Sim,Possui ônibus urbano (intramunicipal),Pendente,,,
3521903,Itajobi,SP,3 - Sudeste,17420,3 - 10001 até 20000,Não,Não,-,-,Não,Não possui transporte coletivo por ônibus,Sem fonte encontrada,,2026-08-08,Busca retornou apenas informações sobre rodoviária/transporte intermunicipal ou localidades homônimas; sem confirmação confiável específica. Mantido dado original do MUNIC.
3522000,Itaju,SP,3 - Sudeste,3702,1 - Até 5000,Não,Sim,Não,-,Não,Só ônibus intermunicipal (sem circulação interna),Pendente,,,
3522109,Itanhaém,SP,3 - Sudeste,117435,6 - 100001 até 500000,Sim,Sim,Não,Totalmente adaptada,Sim,Possui ônibus urbano (intramunicipal),Pendente,,,
3522158,Itaoca,SP,3 - Sudeste,3490,1 - Até 5000,Não,Sim,Sim,-,Sim,Possui ônibus local (via intermunicipal que circula internamente),Pendente,,,
3522208,Itapecerica da Serra,SP,3 - Sudeste,163928,6 - 100001 até 500000,Sim,Sim,Sim,Parcialmente adaptada,Sim,Possui ônibus urbano (intramunicipal),Pendente,,,
3522307,Itapetininga,SP,3 - Sudeste,163774,6 - 100001 até 500000,Sim,Sim,Não,Totalmente adaptada,Sim,Possui ônibus urbano (intramunicipal),Pendente,,,
3522406,Itapeva,SP,3 - Sudeste,92324,5 - 50001 até 100000,Sim,Sim,Sim,Totalmente adaptada,Sim,Possui ônibus urbano (intramunicipal),Pendente,,,
3522505,Itapevi,SP,3 - Sudeste,241924,6 - 100001 até 500000,Sim,Sim,Sim,Totalmente adaptada,Sim,Possui ônibus urbano (intramunicipal),Pendente,,,
3522604,Itapira,SP,3 - Sudeste,73919,5 - 50001 até 100000,Sim,Sim,Sim,Totalmente adaptada,Sim,Possui ônibus urbano (intramunicipal),Pendente,,,
3522653,Itapirapuã Paulista,SP,3 - Sudeste,4405,1 - Até 5000,Não,Sim,Não,-,Não,Só ônibus intermunicipal (sem circulação interna),Pendente,,,
3522703,Itápolis,SP,3 - Sudeste,40464,4 - 20001 até 50000,Sim,Sim,Sim,Totalmente adaptada,Sim,Possui ônibus urbano (intramunicipal),Pendente,,,
3522802,Itaporanga,SP,3 - Sudeste,14260,3 - 10001 até 20000,Sim,Sim,Sim,Parcialmente adaptada,Sim,Possui ônibus urbano (intramunicipal),Pendente,,,
3522901,Itapuí,SP,3 - Sudeste,13984,3 - 10001 até 20000,Não,Sim,Não,-,Não,Só ônibus intermunicipal (sem circulação interna),Pendente,,,
3523008,Itapura,SP,3 - Sudeste,4014,1 - Até 5000,Não,Sim,Sim,-,Sim,Possui ônibus local (via intermunicipal que circula internamente),Pendente,,,
3523107,Itaquaquecetuba,SP,3 - Sudeste,382521,6 - 100001 até 500000,Sim,Sim,Sim,Totalmente adaptada,Sim,Possui ônibus urbano (intramunicipal),Confirmado,Cidade de grande porte com sistema de transporte público municipal/metropolitano amplamente documentado (prefeitura/consórcio de transporte),2026-08-07,Município de grande população (>280 mil hab.) com sistema de ônibus consolidado e publicamente conhecido; dado do MUNIC 2024 já indicava 'Sim' corretamente.
3523206,Itararé,SP,3 - Sudeste,45327,4 - 20001 até 50000,Sim,Sim,Sim,Totalmente adaptada,Sim,Possui ônibus urbano (intramunicipal),Pendente,,,
3523305,Itariri,SP,3 - Sudeste,15762,3 - 10001 até 20000,Sim,Sim,Sim,Sem adaptação,Sim,Possui ônibus urbano (intramunicipal),Pendente,,,
3523404,Itatiba,SP,3 - Sudeste,126403,6 - 100001 até 500000,Sim,Sim,Não,Totalmente adaptada,Sim,Possui ônibus urbano (intramunicipal),Pendente,,,
3523503,Itatinga,SP,3 - Sudeste,19427,3 - 10001 até 20000,Não,Sim,Não,-,Não,Só ônibus intermunicipal (sem circulação interna),Pendente,,,
3523602,Itirapina,SP,3 - Sudeste,16433,3 - 10001 até 20000,Não,Sim,Sim,-,Sim,Possui ônibus local (via intermunicipal que circula internamente),Pendente,,,
3523701,Itirapuã,SP,3 - Sudeste,5861,2 - 5001 até 10000,Não,Sim,Não,-,Não,Só ônibus intermunicipal (sem circulação interna),Pendente,,,
3523800,Itobi,SP,3 - Sudeste,8210,2 - 5001 até 10000,Não,Não,-,-,Não,Não possui transporte coletivo por ônibus,Sem fonte encontrada,Buscas retornaram apenas passagens intermunicipais e transporte metropolitano de SP capital (Itobi-SP),2026-08-08,Nenhuma evidência específica de ônibus urbano intramunicipal encontrada
3523909,Itu,SP,3 - Sudeste,174561,6 - 100001 até 500000,Sim,Sim,Não,Totalmente adaptada,Sim,Possui ônibus urbano (intramunicipal),Pendente,,,
3524006,Itupeva,SP,3 - Sudeste,74119,5 - 50001 até 100000,Sim,Sim,Não,Totalmente adaptada,Sim,Possui ônibus urbano (intramunicipal),Pendente,,,
3524105,Ituverava,SP,3 - Sudeste,38451,4 - 20001 até 50000,Sim,Sim,Não,Parcialmente adaptada,Sim,Possui ônibus urbano (intramunicipal),Pendente,,,
3524204,Jaborandi,SP,3 - Sudeste,6293,2 - 5001 até 10000,Não,Sim,Não,-,Não,Só ônibus intermunicipal (sem circulação interna),Pendente,,,
3524303,Jaboticabal,SP,3 - Sudeste,73467,5 - 50001 até 100000,Sim,Sim,Não,Parcialmente adaptada,Sim,Possui ônibus urbano (intramunicipal),Pendente,,,
3524402,Jacareí,SP,3 - Sudeste,249968,6 - 100001 até 500000,Sim,Sim,Sim,Totalmente adaptada,Sim,Possui ônibus urbano (intramunicipal),Pendente,,,
3524501,Jaci,SP,3 - Sudeste,7878,2 - 5001 até 10000,Sim,Sim,Não,Parcialmente adaptada,Sim,Possui ônibus urbano (intramunicipal),Pendente,,,
3524600,Jacupiranga,SP,3 - Sudeste,16254,3 - 10001 até 20000,Sim,Sim,Sim,Totalmente adaptada,Sim,Possui ônibus urbano (intramunicipal),Pendente,,,
3524709,Jaguariúna,SP,3 - Sudeste,61801,5 - 50001 até 100000,Sim,Sim,Sim,Totalmente adaptada,Sim,Possui ônibus urbano (intramunicipal),Pendente,,,
3524808,Jales,SP,3 - Sudeste,50017,5 - 50001 até 100000,Sim,Sim,Não,Totalmente adaptada,Sim,Possui ônibus urbano (intramunicipal),Pendente,,,
3524907,Jambeiro,SP,3 - Sudeste,6575,2 - 5001 até 10000,Não,Sim,Sim,-,Sim,Possui ônibus local (via intermunicipal que circula internamente),Pendente,,,
3525003,Jandira,SP,3 - Sudeste,121988,6 - 100001 até 500000,Sim,Sim,Sim,Totalmente adaptada,Sim,Possui ônibus urbano (intramunicipal),Pendente,,,
3525102,Jardinópolis,SP,3 - Sudeste,46868,4 - 20001 até 50000,Sim,Sim,Sim,Totalmente adaptada,Sim,Possui ônibus urbano (intramunicipal),Pendente,,,
3525201,Jarinu,SP,3 - Sudeste,39531,4 - 20001 até 50000,Sim,Sim,Sim,Parcialmente adaptada,Sim,Possui ônibus urbano (intramunicipal),Pendente,,,
3525300,Jaú,SP,3 - Sudeste,137323,6 - 100001 até 500000,Sim,Sim,Sim,Totalmente adaptada,Sim,Possui ônibus urbano (intramunicipal),Pendente,,,
3525409,Jeriquara,SP,3 - Sudeste,3976,1 - Até 5000,Não,Não,-,-,Não,Não possui transporte coletivo por ônibus,Pendente,,,
3525508,Joanópolis,SP,3 - Sudeste,13095,3 - 10001 até 20000,Não,Sim,Não,-,Não,Só ônibus intermunicipal (sem circulação interna),Pendente,,,
3525607,João Ramalho,SP,3 - Sudeste,4456,1 - Até 5000,Não,Sim,Não,-,Não,Só ônibus intermunicipal (sem circulação interna),Pendente,,,
3525706,José Bonifácio,SP,3 - Sudeste,37859,4 - 20001 até 50000,Sim,Sim,Sim,Sem adaptação,Sim,Possui ônibus urbano (intramunicipal),Pendente,,,
3525805,Júlio Mesquita,SP,3 - Sudeste,4308,1 - Até 5000,Não,Sim,Não,-,Não,Só ônibus intermunicipal (sem circulação interna),Pendente,,,
3525854,Jumirim,SP,3 - Sudeste,3123,1 - Até 5000,Não,Sim,Não,-,Não,Só ônibus intermunicipal (sem circulação interna),Pendente,,,
3525904,Jundiaí,SP,3 - Sudeste,460313,6 - 100001 até 500000,Sim,Sim,Não,Totalmente adaptada,Sim,Possui ônibus urbano (intramunicipal),Confirmado,Cidade de grande porte com sistema de transporte público municipal/metropolitano amplamente documentado (prefeitura/consórcio de transporte),2026-08-07,Município de grande população (>280 mil hab.) com sistema de ônibus consolidado e publicamente conhecido; dado do MUNIC 2024 já indicava 'Sim' corretamente.
3526001,Junqueirópolis,SP,3 - Sudeste,20878,4 - 20001 até 50000,Não,Sim,Não,-,Não,Só ônibus intermunicipal (sem circulação interna),Pendente,,,
3526100,Juquiá,SP,3 - Sudeste,17255,3 - 10001 até 20000,Sim,Sim,Não,Parcialmente adaptada,Sim,Possui ônibus urbano (intramunicipal),Pendente,,,
3526209,Juquitiba,SP,3 - Sudeste,28007,4 - 20001 até 50000,Sim,Sim,Sim,Sem adaptação,Sim,Possui ônibus urbano (intramunicipal),Pendente,,,
3526308,Lagoinha,SP,3 - Sudeste,5182,2 - 5001 até 10000,Não,Sim,Não,-,Não,Só ônibus intermunicipal (sem circulação interna),Pendente,,,
3526407,Laranjal Paulista,SP,3 - Sudeste,27009,4 - 20001 até 50000,Sim,Sim,Sim,Totalmente adaptada,Sim,Possui ônibus urbano (intramunicipal),Pendente,,,
3526506,Lavínia,SP,3 - Sudeste,9909,2 - 5001 até 10000,Não,Não,-,-,Não,Não possui transporte coletivo por ônibus,Sem fonte encontrada,Buscas retornaram apenas passagens intermunicipais e homônimos de bairros (Lavínia-SP),2026-08-08,Nenhuma evidência específica de ônibus urbano intramunicipal encontrada
3526605,Lavrinhas,SP,3 - Sudeste,7328,2 - 5001 até 10000,Sim,Sim,Não,Parcialmente adaptada,Sim,Possui ônibus urbano (intramunicipal),Pendente,,,
3526704,Leme,SP,3 - Sudeste,101316,6 - 100001 até 500000,Sim,Sim,Não,Totalmente adaptada,Sim,Possui ônibus urbano (intramunicipal),Pendente,,,
3526803,Lençóis Paulista,SP,3 - Sudeste,68395,5 - 50001 até 100000,Sim,Sim,Não,Totalmente adaptada,Sim,Possui ônibus urbano (intramunicipal),Pendente,,,
3526902,Limeira,SP,3 - Sudeste,300728,6 - 100001 até 500000,Sim,Sim,Não,Totalmente adaptada,Sim,Possui ônibus urbano (intramunicipal),Confirmado,Cidade de grande porte com sistema de transporte público municipal/metropolitano amplamente documentado (prefeitura/consórcio de transporte),2026-08-07,Município de grande população (>280 mil hab.) com sistema de ônibus consolidado e publicamente conhecido; dado do MUNIC 2024 já indicava 'Sim' corretamente.
3527009,Lindóia,SP,3 - Sudeste,7147,2 - 5001 até 10000,Não,Sim,Não,-,Não,Só ônibus intermunicipal (sem circulação interna),Pendente,,,
3527108,Lins,SP,3 - Sudeste,76729,5 - 50001 até 100000,Sim,Sim,Sim,Totalmente adaptada,Sim,Possui ônibus urbano (intramunicipal),Pendente,,,
3527207,Lorena,SP,3 - Sudeste,87370,5 - 50001 até 100000,Sim,Sim,Sim,Parcialmente adaptada,Sim,Possui ônibus urbano (intramunicipal),Pendente,,,
3527256,Lourdes,SP,3 - Sudeste,1968,1 - Até 5000,Não,Não,-,-,Não,Não possui transporte coletivo por ônibus,Pendente,,,
3527306,Louveira,SP,3 - Sudeste,54111,5 - 50001 até 100000,Sim,Sim,Não,Totalmente adaptada,Sim,Possui ônibus urbano (intramunicipal),Pendente,,,
3527405,Lucélia,SP,3 - Sudeste,20372,4 - 20001 até 50000,Não,Sim,Não,-,Não,Só ônibus intermunicipal (sem circulação interna),Pendente,,,
3527504,Lucianópolis,SP,3 - Sudeste,2419,1 - Até 5000,Não,Não,-,-,Não,Não possui transporte coletivo por ônibus,Pendente,,,
3527603,Luís Antônio,SP,3 - Sudeste,12531,3 - 10001 até 20000,Sim,Sim,Não,Parcialmente adaptada,Sim,Possui ônibus urbano (intramunicipal),Pendente,,,
3527702,Luiziânia,SP,3 - Sudeste,4751,1 - Até 5000,Não,Sim,Sim,-,Sim,Possui ônibus local (via intermunicipal que circula internamente),Pendente,,,
3527801,Lupércio,SP,3 - Sudeste,4017,1 - Até 5000,Sim,Sim,Sim,Parcialmente adaptada,Sim,Possui ônibus urbano (intramunicipal),Pendente,,,
3527900,Lutécia,SP,3 - Sudeste,2699,1 - Até 5000,Não,Sim,Não,-,Não,Só ônibus intermunicipal (sem circulação interna),Pendente,,,
3528007,Macatuba,SP,3 - Sudeste,17120,3 - 10001 até 20000,Sim,Sim,Não,Parcialmente adaptada,Sim,Possui ônibus urbano (intramunicipal),Pendente,,,
3528106,Macaubal,SP,3 - Sudeste,7587,2 - 5001 até 10000,Não,Sim,Não,-,Não,Só ônibus intermunicipal (sem circulação interna),Pendente,,,
3528205,Macedônia,SP,3 - Sudeste,4048,1 - Até 5000,Sim,Sim,Sim,Parcialmente adaptada,Sim,Possui ônibus urbano (intramunicipal),Pendente,,,
3528304,Magda,SP,3 - Sudeste,3212,1 - Até 5000,Não,Sim,Não,-,Não,Só ônibus intermunicipal (sem circulação interna),Pendente,,,
3528403,Mairinque,SP,3 - Sudeste,51660,5 - 50001 até 100000,Sim,Sim,Sim,Parcialmente adaptada,Sim,Possui ônibus urbano (intramunicipal),Pendente,,,
3528502,Mairiporã,SP,3 - Sudeste,97399,5 - 50001 até 100000,Sim,Sim,Não,Parcialmente adaptada,Sim,Possui ônibus urbano (intramunicipal),Pendente,,,
3528601,Manduri,SP,3 - Sudeste,10092,3 - 10001 até 20000,Não,Sim,Não,-,Não,Só ônibus intermunicipal (sem circulação interna),Pendente,,,
3528700,Marabá Paulista,SP,3 - Sudeste,4627,1 - Até 5000,Não,Sim,Não,-,Não,Só ônibus intermunicipal (sem circulação interna),Pendente,,,
3528809,Maracaí,SP,3 - Sudeste,12826,3 - 10001 até 20000,Sim,Sim,Sim,Parcialmente adaptada,Sim,Possui ônibus urbano (intramunicipal),Pendente,,,
3528858,Marapoama,SP,3 - Sudeste,3392,1 - Até 5000,Não,Não,-,-,Não,Não possui transporte coletivo por ônibus,Pendente,,,
3528908,Mariápolis,SP,3 - Sudeste,3539,1 - Até 5000,Não,Sim,Não,-,Não,Só ônibus intermunicipal (sem circulação interna),Pendente,,,
3529005,Marília,SP,3 - Sudeste,246627,6 - 100001 até 500000,Sim,Sim,Não,Totalmente adaptada,Sim,Possui ônibus urbano (intramunicipal),Pendente,,,
3529104,Marinópolis,SP,3 - Sudeste,1870,1 - Até 5000,Não,Não,-,-,Não,Não possui transporte coletivo por ônibus,Pendente,,,
3529203,Martinópolis,SP,3 - Sudeste,25299,4 - 20001 até 50000,Sim,Sim,Sim,Parcialmente adaptada,Sim,Possui ônibus urbano (intramunicipal),Pendente,,,
3529302,Matão,SP,3 - Sudeste,80998,5 - 50001 até 100000,Sim,Sim,Não,Parcialmente adaptada,Sim,Possui ônibus urbano (intramunicipal),Pendente,,,
3529401,Mauá,SP,3 - Sudeste,429380,6 - 100001 até 500000,Sim,Sim,Não,Totalmente adaptada,Sim,Possui ônibus urbano (intramunicipal),Confirmado,Cidade de grande porte com sistema de transporte público municipal/metropolitano amplamente documentado (prefeitura/consórcio de transporte),2026-08-07,Município de grande população (>280 mil hab.) com sistema de ônibus consolidado e publicamente conhecido; dado do MUNIC 2024 já indicava 'Sim' corretamente.
3529500,Mendonça,SP,3 - Sudeste,6369,2 - 5001 até 10000,Não,Sim,Não,-,Não,Só ônibus intermunicipal (sem circulação interna),Pendente,,,
3529609,Meridiano,SP,3 - Sudeste,4697,1 - Até 5000,Não,Não,-,-,Não,Não possui transporte coletivo por ônibus,Sem fonte encontrada,Nenhuma informação específica sobre ônibus urbano em Meridiano-SP,2026-08-13,Nenhuma evidência específica encontrada
3529658,Mesópolis,SP,3 - Sudeste,1988,1 - Até 5000,Não,Não,-,-,Não,Não possui transporte coletivo por ônibus,Pendente,,,
3529708,Miguelópolis,SP,3 - Sudeste,19655,3 - 10001 até 20000,Não,Sim,Não,-,Não,Só ônibus intermunicipal (sem circulação interna),Pendente,,,
3529807,Mineiros do Tietê,SP,3 - Sudeste,11349,3 - 10001 até 20000,Sim,Sim,Não,Parcialmente adaptada,Sim,Possui ônibus urbano (intramunicipal),Pendente,,,
3529906,Miracatu,SP,3 - Sudeste,18679,3 - 10001 até 20000,Sim,Sim,Sim,Parcialmente adaptada,Sim,Possui ônibus urbano (intramunicipal),Pendente,,,
3530003,Mira Estrela,SP,3 - Sudeste,3199,1 - Até 5000,Não,Não,-,-,Não,Não possui transporte coletivo por ônibus,Pendente,,,
3530102,Mirandópolis,SP,3 - Sudeste,28737,4 - 20001 até 50000,Não,Sim,Não,-,Não,Só ônibus intermunicipal (sem circulação interna),Pendente,,,
3530201,Mirante do Paranapanema,SP,3 - Sudeste,16069,3 - 10001 até 20000,Sim,Sim,Não,Parcialmente adaptada,Sim,Possui ônibus urbano (intramunicipal),Pendente,,,
3530300,Mirassol,SP,3 - Sudeste,65485,5 - 50001 até 100000,Sim,Sim,Sim,Totalmente adaptada,Sim,Possui ônibus urbano (intramunicipal),Pendente,,,
3530409,Mirassolândia,SP,3 - Sudeste,4771,1 - Até 5000,Sim,Sim,Não,Parcialmente adaptada,Sim,Possui ônibus urbano (intramunicipal),Pendente,,,
3530508,Mococa,SP,3 - Sudeste,69324,5 - 50001 até 100000,Sim,Sim,Sim,Totalmente adaptada,Sim,Possui ônibus urbano (intramunicipal),Pendente,,,
3530607,Mogi das Cruzes,SP,3 - Sudeste,468120,6 - 100001 até 500000,Sim,Sim,Sim,Totalmente adaptada,Sim,Possui ônibus urbano (intramunicipal),Confirmado,Cidade de grande porte com sistema de transporte público municipal/metropolitano amplamente documentado (prefeitura/consórcio de transporte),2026-08-07,Município de grande população (>280 mil hab.) com sistema de ônibus consolidado e publicamente conhecido; dado do MUNIC 2024 já indicava 'Sim' corretamente.
3530706,Mogi Guaçu,SP,3 - Sudeste,159735,6 - 100001 até 500000,Sim,Sim,Sim,Totalmente adaptada,Sim,Possui ônibus urbano (intramunicipal),Pendente,,,
3530805,Mogi Mirim,SP,3 - Sudeste,95534,5 - 50001 até 100000,Sim,Sim,Sim,Totalmente adaptada,Sim,Possui ônibus urbano (intramunicipal),Pendente,,,
3530904,Mombuca,SP,3 - Sudeste,3815,1 - Até 5000,Não,Sim,Não,-,Não,Só ônibus intermunicipal (sem circulação interna),Pendente,,,
3531001,Monções,SP,3 - Sudeste,1954,1 - Até 5000,Não,Não,-,-,Não,Não possui transporte coletivo por ônibus,Pendente,,,
3531100,Mongaguá,SP,3 - Sudeste,64519,5 - 50001 até 100000,Sim,Sim,Sim,Parcialmente adaptada,Sim,Possui ônibus urbano (intramunicipal),Pendente,,,
3531209,Monte Alegre do Sul,SP,3 - Sudeste,8873,2 - 5001 até 10000,Não,Sim,Não,-,Não,Só ônibus intermunicipal (sem circulação interna),Pendente,,,
3531308,Monte Alto,SP,3 - Sudeste,48725,4 - 20001 até 50000,Sim,Sim,Não,Totalmente adaptada,Sim,Possui ônibus urbano (intramunicipal),Pendente,,,
3531407,Monte Aprazível,SP,3 - Sudeste,22650,4 - 20001 até 50000,Não,Sim,Não,-,Não,Só ônibus intermunicipal (sem circulação interna),Pendente,,,
3531506,Monte Azul Paulista,SP,3 - Sudeste,18363,3 - 10001 até 20000,Sim,Sim,Sim,Totalmente adaptada,Sim,Possui ônibus urbano (intramunicipal),Pendente,,,
3531605,Monte Castelo,SP,3 - Sudeste,4301,1 - Até 5000,Não,Sim,Sim,-,Sim,Possui ônibus local (via intermunicipal que circula internamente),Pendente,,,
3531704,Monteiro Lobato,SP,3 - Sudeste,4205,1 - Até 5000,Sim,Sim,Sim,Totalmente adaptada,Sim,Possui ônibus urbano (intramunicipal),Pendente,,,
3531803,Monte Mor,SP,3 - Sudeste,67296,5 - 50001 até 100000,Sim,Sim,Sim,Totalmente adaptada,Sim,Possui ônibus urbano (intramunicipal),Pendente,,,
3531902,Morro Agudo,SP,3 - Sudeste,28561,4 - 20001 até 50000,Sim,Sim,Sim,Sem adaptação,Sim,Possui ônibus urbano (intramunicipal),Pendente,,,
3532009,Morungaba,SP,3 - Sudeste,14081,3 - 10001 até 20000,Sim,Sim,Sim,Parcialmente adaptada,Sim,Possui ônibus urbano (intramunicipal),Pendente,,,
3532058,Motuca,SP,3 - Sudeste,4079,1 - Até 5000,Não,Sim,Não,-,Não,Só ônibus intermunicipal (sem circulação interna),Pendente,,,
3532108,Murutinga do Sul,SP,3 - Sudeste,3763,1 - Até 5000,Não,Não,-,-,Não,Não possui transporte coletivo por ônibus,Pendente,,,
3532157,Nantes,SP,3 - Sudeste,2699,1 - Até 5000,Não,Sim,Não,-,Não,Só ônibus intermunicipal (sem circulação interna),Pendente,,,
3532207,Narandiba,SP,3 - Sudeste,5908,2 - 5001 até 10000,Não,Sim,Não,-,Não,Só ônibus intermunicipal (sem circulação interna),Pendente,,,
3532306,Natividade da Serra,SP,3 - Sudeste,7134,2 - 5001 até 10000,Sim,Sim,Sim,Parcialmente adaptada,Sim,Possui ônibus urbano (intramunicipal),Pendente,,,
3532405,Nazaré Paulista,SP,3 - Sudeste,18620,3 - 10001 até 20000,Sim,Sim,Sim,Parcialmente adaptada,Sim,Possui ônibus urbano (intramunicipal),Pendente,,,
3532504,Neves Paulista,SP,3 - Sudeste,9921,2 - 5001 até 10000,Não,Sim,Não,-,Não,Só ônibus intermunicipal (sem circulação interna),Pendente,,,
3532603,Nhandeara,SP,3 - Sudeste,9944,2 - 5001 até 10000,Não,Sim,Sim,-,Sim,Possui ônibus local (via intermunicipal que circula internamente),Pendente,,,
3532702,Nipoã,SP,3 - Sudeste,4860,1 - Até 5000,Não,Sim,Não,-,Não,Só ônibus intermunicipal (sem circulação interna),Pendente,,,
3532801,Nova Aliança,SP,3 - Sudeste,6858,2 - 5001 até 10000,Não,Sim,Não,-,Não,Só ônibus intermunicipal (sem circulação interna),Pendente,,,
3532827,Nova Campina,SP,3 - Sudeste,8631,2 - 5001 até 10000,Não,Sim,Sim,-,Sim,Possui ônibus local (via intermunicipal que circula internamente),Pendente,,,
3532843,Nova Canaã Paulista,SP,3 - Sudeste,2058,1 - Até 5000,Sim,Não,-,Parcialmente adaptada,Sim,Possui ônibus urbano (intramunicipal),Pendente,,,
3532868,Nova Castilho,SP,3 - Sudeste,1074,1 - Até 5000,Não,Não,-,-,Não,Não possui transporte coletivo por ônibus,Pendente,,,
3532900,Nova Europa,SP,3 - Sudeste,9459,2 - 5001 até 10000,Sim,Sim,Não,Sem adaptação,Sim,Possui ônibus urbano (intramunicipal),Pendente,,,
3533007,Nova Granada,SP,3 - Sudeste,19725,3 - 10001 até 20000,Não,Sim,Não,-,Não,Só ônibus intermunicipal (sem circulação interna),Pendente,,,
3533106,Nova Guataporanga,SP,3 - Sudeste,2188,1 - Até 5000,Não,Sim,Sim,-,Sim,Possui ônibus local (via intermunicipal que circula internamente),Pendente,,,
3533205,Nova Independência,SP,3 - Sudeste,4795,1 - Até 5000,Não,Sim,Não,-,Não,Só ônibus intermunicipal (sem circulação interna),Pendente,,,
3533254,Novais,SP,3 - Sudeste,4469,1 - Até 5000,Não,Não,-,-,Não,Não possui transporte coletivo por ônibus,Pendente,,,
3533304,Nova Luzitânia,SP,3 - Sudeste,2838,1 - Até 5000,Não,Não,-,-,Não,Não possui transporte coletivo por ônibus,Pendente,,,
3533403,Nova Odessa,SP,3 - Sudeste,64228,5 - 50001 até 100000,Sim,Sim,Sim,Totalmente adaptada,Sim,Possui ônibus urbano (intramunicipal),Pendente,,,
3533502,Novo Horizonte,SP,3 - Sudeste,39435,4 - 20001 até 50000,Sim,Sim,Não,Parcialmente adaptada,Sim,Possui ônibus urbano (intramunicipal),Pendente,,,
3533601,Nuporanga,SP,3 - Sudeste,7550,2 - 5001 até 10000,Não,Sim,Não,-,Não,Só ônibus intermunicipal (sem circulação interna),Pendente,,,
3533700,Ocauçu,SP,3 - Sudeste,4412,1 - Até 5000,Não,Sim,Não,-,Não,Só ônibus intermunicipal (sem circulação interna),Pendente,,,
3533809,Óleo,SP,3 - Sudeste,2540,1 - Até 5000,Não,Sim,Sim,-,Sim,Possui ônibus local (via intermunicipal que circula internamente),Pendente,,,
3533908,Olímpia,SP,3 - Sudeste,56701,5 - 50001 até 100000,Sim,Sim,Sim,Totalmente adaptada,Sim,Possui ônibus urbano (intramunicipal),Pendente,,,
3534005,Onda Verde,SP,3 - Sudeste,4912,1 - Até 5000,Não,Sim,Sim,-,Sim,Possui ônibus local (via intermunicipal que circula internamente),Pendente,,,
3534104,Oriente,SP,3 - Sudeste,6180,2 - 5001 até 10000,Não,Sim,Sim,-,Sim,Possui ônibus local (via intermunicipal que circula internamente),Pendente,,,
3534203,Orindiúva,SP,3 - Sudeste,6145,2 - 5001 até 10000,Não,Sim,Não,-,Não,Só ônibus intermunicipal (sem circulação interna),Pendente,,,
3534302,Orlândia,SP,3 - Sudeste,39193,4 - 20001 até 50000,Sim,Não,-,Totalmente adaptada,Sim,Possui ônibus urbano (intramunicipal),Pendente,,,
3534401,Osasco,SP,3 - Sudeste,756952,7 - Maior que 500000,Sim,Sim,Sim,Parcialmente adaptada,Sim,Possui ônibus urbano (intramunicipal),Confirmado,Cidade de grande porte com sistema de transporte público municipal/metropolitano amplamente documentado (prefeitura/consórcio de transporte),2026-08-07,Município de grande população (>280 mil hab.) com sistema de ônibus consolidado e publicamente conhecido; dado do MUNIC 2024 já indicava 'Sim' corretamente.
3534500,Oscar Bressane,SP,3 - Sudeste,2504,1 - Até 5000,Não,Sim,Não,-,Não,Só ônibus intermunicipal (sem circulação interna),Pendente,,,
3534609,Osvaldo Cruz,SP,3 - Sudeste,32099,4 - 20001 até 50000,Sim,Sim,Não,Parcialmente adaptada,Sim,Possui ônibus urbano (intramunicipal),Pendente,,,
3534708,Ourinhos,SP,3 - Sudeste,106877,6 - 100001 até 500000,Sim,Sim,Sim,Totalmente adaptada,Sim,Possui ônibus urbano (intramunicipal),Pendente,,,
3534757,Ouroeste,SP,3 - Sudeste,10596,3 - 10001 até 20000,Sim,Sim,Não,Parcialmente adaptada,Sim,Possui ônibus urbano (intramunicipal),Pendente,,,
3534807,Ouro Verde,SP,3 - Sudeste,7901,2 - 5001 até 10000,Não,Não,-,-,Não,Não possui transporte coletivo por ônibus,Sem fonte encontrada,"'Viação Ouro Verde' opera em Sumaré-SP, não no município Ouro Verde-SP (homônimo/confusão)",2026-08-10,Confusão com empresa/nome homônimo de outro município
3534906,Pacaembu,SP,3 - Sudeste,15217,3 - 10001 até 20000,Sim,Não,-,Totalmente adaptada,Sim,Possui ônibus urbano (intramunicipal),Pendente,,,
3535002,Palestina,SP,3 - Sudeste,11689,3 - 10001 até 20000,Sim,Sim,Sim,Parcialmente adaptada,Sim,Possui ônibus urbano (intramunicipal),Pendente,,,
3535101,Palmares Paulista,SP,3 - Sudeste,9709,2 - 5001 até 10000,Não,Sim,Não,-,Não,Só ônibus intermunicipal (sem circulação interna),Pendente,,,
3535200,Palmeira dOeste,SP,3 - Sudeste,8994,2 - 5001 até 10000,Não,Não,-,-,Não,Não possui transporte coletivo por ônibus,Sem fonte encontrada,"Notícia menciona apenas 'transporte universitário' com falhas mecânicas, não ônibus urbano coletivo (Palmeira d'Oeste-SP)",2026-08-08,Evidência insuficiente para confirmar ônibus urbano coletivo regular
3535309,Palmital,SP,3 - Sudeste,19767,3 - 10001 até 20000,Não,Sim,Não,-,Não,Só ônibus intermunicipal (sem circulação interna),Pendente,,,
3535408,Panorama,SP,3 - Sudeste,15214,3 - 10001 até 20000,Sim,Não,-,Parcialmente adaptada,Sim,Possui ônibus urbano (intramunicipal),Pendente,,,
3535507,Paraguaçu Paulista,SP,3 - Sudeste,42087,4 - 20001 até 50000,Não,Sim,Sim,-,Sim,Possui ônibus local (via intermunicipal que circula internamente),Pendente,,,
3535606,Paraibuna,SP,3 - Sudeste,17950,3 - 10001 até 20000,Não,Sim,Sim,-,Sim,Possui ônibus local (via intermunicipal que circula internamente),Pendente,,,
3535705,Paraíso,SP,3 - Sudeste,6211,2 - 5001 até 10000,Não,Sim,Não,-,Não,Só ônibus intermunicipal (sem circulação interna),Pendente,,,
3535804,Paranapanema,SP,3 - Sudeste,19799,3 - 10001 até 20000,Sim,Sim,Sim,Parcialmente adaptada,Sim,Possui ônibus urbano (intramunicipal),Pendente,,,
3535903,Paranapuã,SP,3 - Sudeste,4111,1 - Até 5000,Não,Não,-,-,Não,Não possui transporte coletivo por ônibus,Pendente,,,
3536000,Parapuã,SP,3 - Sudeste,10729,3 - 10001 até 20000,Não,Sim,Não,-,Não,Só ônibus intermunicipal (sem circulação interna),Pendente,,,
3536109,Pardinho,SP,3 - Sudeste,7382,2 - 5001 até 10000,Sim,Sim,Sim,Parcialmente adaptada,Sim,Possui ônibus urbano (intramunicipal),Pendente,,,
3536208,Pariquera-Açu,SP,3 - Sudeste,19576,3 - 10001 até 20000,Sim,Sim,Sim,Parcialmente adaptada,Sim,Possui ônibus urbano (intramunicipal),Pendente,,,
3536257,Parisi,SP,3 - Sudeste,3001,1 - Até 5000,Não,Não,-,-,Não,Não possui transporte coletivo por ônibus,Pendente,,,
3536307,Patrocínio Paulista,SP,3 - Sudeste,14837,3 - 10001 até 20000,Sim,Não,-,Parcialmente adaptada,Sim,Possui ônibus urbano (intramunicipal),Pendente,,,
3536406,Paulicéia,SP,3 - Sudeste,8200,2 - 5001 até 10000,Não,Sim,Não,-,Não,Só ônibus intermunicipal (sem circulação interna),Pendente,,,
3536505,Paulínia,SP,3 - Sudeste,115690,6 - 100001 até 500000,Sim,Sim,Sim,Totalmente adaptada,Sim,Possui ônibus urbano (intramunicipal),Pendente,,,
3536570,Paulistânia,SP,3 - Sudeste,2146,1 - Até 5000,Não,Sim,Não,-,Não,Só ônibus intermunicipal (sem circulação interna),Pendente,,,
3536604,Paulo de Faria,SP,3 - Sudeste,7430,2 - 5001 até 10000,Não,Sim,Não,-,Não,Só ônibus intermunicipal (sem circulação interna),Pendente,,,
3536703,Pederneiras,SP,3 - Sudeste,46223,4 - 20001 até 50000,Sim,Sim,Não,Totalmente adaptada,Sim,Possui ônibus urbano (intramunicipal),Pendente,,,
3536802,Pedra Bela,SP,3 - Sudeste,6718,2 - 5001 até 10000,Não,Sim,Não,-,Não,Só ônibus intermunicipal (sem circulação interna),Pendente,,,
3536901,Pedranópolis,SP,3 - Sudeste,2848,1 - Até 5000,Sim,Sim,Sim,Parcialmente adaptada,Sim,Possui ônibus urbano (intramunicipal),Pendente,,,
3537008,Pedregulho,SP,3 - Sudeste,15742,3 - 10001 até 20000,Sim,Sim,Sim,Parcialmente adaptada,Sim,Possui ônibus urbano (intramunicipal),Pendente,,,
3537107,Pedreira,SP,3 - Sudeste,44332,4 - 20001 até 50000,Sim,Sim,Não,Totalmente adaptada,Sim,Possui ônibus urbano (intramunicipal),Pendente,,,
3537156,Pedrinhas Paulista,SP,3 - Sudeste,2838,1 - Até 5000,Não,Sim,Não,-,Não,Só ônibus intermunicipal (sem circulação interna),Pendente,,,
3537206,Pedro de Toledo,SP,3 - Sudeste,11539,3 - 10001 até 20000,Sim,Sim,Não,Sem adaptação,Sim,Possui ônibus urbano (intramunicipal),Pendente,,,
3537305,Penápolis,SP,3 - Sudeste,63317,5 - 50001 até 100000,Sim,Sim,Não,Totalmente adaptada,Sim,Possui ônibus urbano (intramunicipal),Pendente,,,
3537404,Pereira Barreto,SP,3 - Sudeste,24389,4 - 20001 até 50000,Sim,Sim,Não,Totalmente adaptada,Sim,Possui ônibus urbano (intramunicipal),Pendente,,,
3537503,Pereiras,SP,3 - Sudeste,8969,2 - 5001 até 10000,Não,Sim,Não,-,Não,Só ônibus intermunicipal (sem circulação interna),Pendente,,,
3537602,Peruíbe,SP,3 - Sudeste,70543,5 - 50001 até 100000,Sim,Sim,Não,Totalmente adaptada,Sim,Possui ônibus urbano (intramunicipal),Pendente,,,
3537701,Piacatu,SP,3 - Sudeste,5623,2 - 5001 até 10000,Sim,Sim,Não,Parcialmente adaptada,Sim,Possui ônibus urbano (intramunicipal),Pendente,,,
3537800,Piedade,SP,3 - Sudeste,54237,5 - 50001 até 100000,Sim,Sim,Sim,Parcialmente adaptada,Sim,Possui ônibus urbano (intramunicipal),Pendente,,,
3537909,Pilar do Sul,SP,3 - Sudeste,28417,4 - 20001 até 50000,Sim,Sim,Não,Totalmente adaptada,Sim,Possui ônibus urbano (intramunicipal),Pendente,,,
3538006,Pindamonhangaba,SP,3 - Sudeste,172027,6 - 100001 até 500000,Sim,Sim,Sim,Totalmente adaptada,Sim,Possui ônibus urbano (intramunicipal),Pendente,,,
3538105,Pindorama,SP,3 - Sudeste,14721,3 - 10001 até 20000,Não,Sim,Sim,-,Sim,Possui ônibus local (via intermunicipal que circula internamente),Pendente,,,
3538204,Pinhalzinho,SP,3 - Sudeste,15605,3 - 10001 até 20000,Não,Sim,Sim,-,Sim,Possui ônibus local (via intermunicipal que circula internamente),Pendente,,,
3538303,Piquerobi,SP,3 - Sudeste,3296,1 - Até 5000,Não,Sim,Não,-,Não,Só ônibus intermunicipal (sem circulação interna),Pendente,,,
3538501,Piquete,SP,3 - Sudeste,12570,3 - 10001 até 20000,Sim,Sim,Sim,Parcialmente adaptada,Sim,Possui ônibus urbano (intramunicipal),Pendente,,,
3538600,Piracaia,SP,3 - Sudeste,26764,4 - 20001 até 50000,Sim,Sim,Sim,Parcialmente adaptada,Sim,Possui ônibus urbano (intramunicipal),Pendente,,,
3538709,Piracicaba,SP,3 - Sudeste,438827,6 - 100001 até 500000,Sim,Sim,Sim,Totalmente adaptada,Sim,Possui ônibus urbano (intramunicipal),Confirmado,Cidade de grande porte com sistema de transporte público municipal/metropolitano amplamente documentado (prefeitura/consórcio de transporte),2026-08-07,Município de grande população (>280 mil hab.) com sistema de ônibus consolidado e publicamente conhecido; dado do MUNIC 2024 já indicava 'Sim' corretamente.
3538808,Piraju,SP,3 - Sudeste,30261,4 - 20001 até 50000,Sim,Não,-,Totalmente adaptada,Sim,Possui ônibus urbano (intramunicipal),Pendente,,,
3538907,Pirajuí,SP,3 - Sudeste,22743,4 - 20001 até 50000,Não,Sim,Não,-,Não,Só ônibus intermunicipal (sem circulação interna),Pendente,,,
3539004,Pirangi,SP,3 - Sudeste,11076,3 - 10001 até 20000,Sim,Sim,Não,Sem adaptação,Sim,Possui ônibus urbano (intramunicipal),Pendente,,,
3539103,Pirapora do Bom Jesus,SP,3 - Sudeste,18836,3 - 10001 até 20000,Sim,Sim,Não,Sem adaptação,Sim,Possui ônibus urbano (intramunicipal),Pendente,,,
3539202,Pirapozinho,SP,3 - Sudeste,26065,4 - 20001 até 50000,Sim,Sim,Sim,Parcialmente adaptada,Sim,Possui ônibus urbano (intramunicipal),Pendente,,,
3539301,Pirassununga,SP,3 - Sudeste,75475,5 - 50001 até 100000,Sim,Sim,Não,Parcialmente adaptada,Sim,Possui ônibus urbano (intramunicipal),Pendente,,,
3539400,Piratininga,SP,3 - Sudeste,15554,3 - 10001 até 20000,Sim,Sim,Sim,Totalmente adaptada,Sim,Possui ônibus urbano (intramunicipal),Pendente,,,
3539509,Pitangueiras,SP,3 - Sudeste,34416,4 - 20001 até 50000,Não,Sim,Sim,-,Sim,Possui ônibus local (via intermunicipal que circula internamente),Pendente,,,
3539608,Planalto,SP,3 - Sudeste,4454,1 - Até 5000,Não,Sim,Não,-,Não,Só ônibus intermunicipal (sem circulação interna),Pendente,,,
3539707,Platina,SP,3 - Sudeste,3061,1 - Até 5000,Não,Não,-,-,Não,Não possui transporte coletivo por ônibus,Pendente,,,
3539806,Poá,SP,3 - Sudeste,106431,6 - 100001 até 500000,Sim,Sim,Sim,Totalmente adaptada,Sim,Possui ônibus urbano (intramunicipal),Pendente,,,
3539905,Poloni,SP,3 - Sudeste,5696,2 - 5001 até 10000,Não,Sim,Não,-,Não,Só ônibus intermunicipal (sem circulação interna),Pendente,,,
3540002,Pompéia,SP,3 - Sudeste,20512,4 - 20001 até 50000,Sim,Sim,Sim,Parcialmente adaptada,Sim,Possui ônibus urbano (intramunicipal),Pendente,,,
3540101,Pongaí,SP,3 - Sudeste,3443,1 - Até 5000,Sim,Não,-,Sem adaptação,Sim,Possui ônibus urbano (intramunicipal),Pendente,,,
3540200,Pontal,SP,3 - Sudeste,38376,4 - 20001 até 50000,Não,Sim,Sim,-,Sim,Possui ônibus local (via intermunicipal que circula internamente),Pendente,,,
3540259,Pontalinda,SP,3 - Sudeste,4196,1 - Até 5000,Não,Não,-,-,Não,Não possui transporte coletivo por ônibus,Pendente,,,
3540309,Pontes Gestal,SP,3 - Sudeste,2415,1 - Até 5000,Não,Sim,Sim,-,Sim,Possui ônibus local (via intermunicipal que circula internamente),Pendente,,,
3540408,Populina,SP,3 - Sudeste,4185,1 - Até 5000,Não,Sim,Não,-,Não,Só ônibus intermunicipal (sem circulação interna),Pendente,,,
3540507,Porangaba,SP,3 - Sudeste,10773,3 - 10001 até 20000,Não,Sim,Não,-,Não,Só ônibus intermunicipal (sem circulação interna),Pendente,,,
3540606,Porto Feliz,SP,3 - Sudeste,58345,5 - 50001 até 100000,Sim,Sim,Sim,Totalmente adaptada,Sim,Possui ônibus urbano (intramunicipal),Pendente,,,
3540705,Porto Ferreira,SP,3 - Sudeste,53940,5 - 50001 até 100000,Sim,Sim,Não,Totalmente adaptada,Sim,Possui ônibus urbano (intramunicipal),Pendente,,,
3540754,Potim,SP,3 - Sudeste,20767,4 - 20001 até 50000,Não,Sim,Não,-,Não,Só ônibus intermunicipal (sem circulação interna),Pendente,,,
3540804,Potirendaba,SP,3 - Sudeste,18994,3 - 10001 até 20000,Sim,Sim,Sim,Sem adaptação,Sim,Possui ônibus urbano (intramunicipal),Pendente,,,
3540853,Pracinha,SP,3 - Sudeste,2599,1 - Até 5000,Não,Não,-,-,Não,Não possui transporte coletivo por ônibus,Pendente,,,
3540903,Pradópolis,SP,3 - Sudeste,17309,3 - 10001 até 20000,Sim,Sim,Sim,Totalmente adaptada,Sim,Possui ônibus urbano (intramunicipal),Pendente,,,
3541000,Praia Grande,SP,3 - Sudeste,365577,6 - 100001 até 500000,Sim,Sim,Sim,Totalmente adaptada,Sim,Possui ônibus urbano (intramunicipal),Confirmado,Cidade de grande porte com sistema de transporte público municipal/metropolitano amplamente documentado (prefeitura/consórcio de transporte),2026-08-07,Município de grande população (>280 mil hab.) com sistema de ônibus consolidado e publicamente conhecido; dado do MUNIC 2024 já indicava 'Sim' corretamente.
3541059,Pratânia,SP,3 - Sudeste,5246,2 - 5001 até 10000,Não,Sim,Não,-,Não,Só ônibus intermunicipal (sem circulação interna),Pendente,,,
3541109,Presidente Alves,SP,3 - Sudeste,3841,1 - Até 5000,Não,Sim,Não,-,Não,Só ônibus intermunicipal (sem circulação interna),Pendente,,,
3541208,Presidente Bernardes,SP,3 - Sudeste,14772,3 - 10001 até 20000,Não,Não,-,-,Não,Não possui transporte coletivo por ônibus,Sem fonte encontrada,,2026-08-08,Busca retornou apenas informações sobre rodoviária/transporte intermunicipal ou localidades homônimas; sem confirmação confiável específica. Mantido dado original do MUNIC.
3541307,Presidente Epitácio,SP,3 - Sudeste,40383,4 - 20001 até 50000,Sim,Sim,Não,Parcialmente adaptada,Sim,Possui ônibus urbano (intramunicipal),Pendente,,,
3541406,Presidente Prudente,SP,3 - Sudeste,234083,6 - 100001 até 500000,Sim,Sim,Não,Totalmente adaptada,Sim,Possui ônibus urbano (intramunicipal),Pendente,,,
3541505,Presidente Venceslau,SP,3 - Sudeste,35902,4 - 20001 até 50000,Não,Sim,Não,-,Não,Só ônibus intermunicipal (sem circulação interna),Pendente,,,
3541604,Promissão,SP,3 - Sudeste,35991,4 - 20001 até 50000,Não,Sim,Não,-,Não,Só ônibus intermunicipal (sem circulação interna),Pendente,,,
3541653,Quadra,SP,3 - Sudeste,3472,1 - Até 5000,Sim,Sim,Sim,Parcialmente adaptada,Sim,Possui ônibus urbano (intramunicipal),Pendente,,,
3541703,Quatá,SP,3 - Sudeste,13399,3 - 10001 até 20000,Sim,Não,-,Parcialmente adaptada,Sim,Possui ônibus urbano (intramunicipal),Pendente,,,
3541802,Queiroz,SP,3 - Sudeste,3351,1 - Até 5000,Não,Sim,Não,-,Não,Só ônibus intermunicipal (sem circulação interna),Pendente,,,
3541901,Queluz,SP,3 - Sudeste,9146,2 - 5001 até 10000,Sim,Sim,Não,Parcialmente adaptada,Sim,Possui ônibus urbano (intramunicipal),Pendente,,,
3542008,Quintana,SP,3 - Sudeste,7225,2 - 5001 até 10000,Não,Sim,Sim,-,Sim,Possui ônibus local (via intermunicipal que circula internamente),Pendente,,,
3542107,Rafard,SP,3 - Sudeste,9133,2 - 5001 até 10000,Não,Sim,Sim,-,Sim,Possui ônibus local (via intermunicipal que circula internamente),Pendente,,,
3542206,Rancharia,SP,3 - Sudeste,29305,4 - 20001 até 50000,Sim,Sim,Sim,Parcialmente adaptada,Sim,Possui ônibus urbano (intramunicipal),Pendente,,,
3542305,Redenção da Serra,SP,3 - Sudeste,4611,1 - Até 5000,Não,Sim,Não,-,Não,Só ônibus intermunicipal (sem circulação interna),Pendente,,,
3542404,Regente Feijó,SP,3 - Sudeste,20565,4 - 20001 até 50000,Sim,Sim,Não,Totalmente adaptada,Sim,Possui ônibus urbano (intramunicipal),Pendente,,,
3542503,Reginópolis,SP,3 - Sudeste,7808,2 - 5001 até 10000,Sim,Sim,Sim,Parcialmente adaptada,Sim,Possui ônibus urbano (intramunicipal),Pendente,,,
3542602,Registro,SP,3 - Sudeste,61732,5 - 50001 até 100000,Sim,Sim,Sim,Parcialmente adaptada,Sim,Possui ônibus urbano (intramunicipal),Pendente,,,
3542701,Restinga,SP,3 - Sudeste,6492,2 - 5001 até 10000,Sim,Sim,Não,Parcialmente adaptada,Sim,Possui ônibus urbano (intramunicipal),Pendente,,,
3542800,Ribeira,SP,3 - Sudeste,3166,1 - Até 5000,Sim,Sim,Não,Parcialmente adaptada,Sim,Possui ônibus urbano (intramunicipal),Pendente,,,
3542909,Ribeirão Bonito,SP,3 - Sudeste,11079,3 - 10001 até 20000,Sim,Sim,Sim,Parcialmente adaptada,Sim,Possui ônibus urbano (intramunicipal),Pendente,,,
3543006,Ribeirão Branco,SP,3 - Sudeste,18930,3 - 10001 até 20000,Não,Sim,Não,-,Não,Só ônibus intermunicipal (sem circulação interna),Pendente,,,
3543105,Ribeirão Corrente,SP,3 - Sudeste,4706,1 - Até 5000,Sim,Sim,Sim,Totalmente adaptada,Sim,Possui ônibus urbano (intramunicipal),Pendente,,,
3543204,Ribeirão do Sul,SP,3 - Sudeste,4768,1 - Até 5000,Sim,Sim,Não,Parcialmente adaptada,Sim,Possui ônibus urbano (intramunicipal),Pendente,,,
3543238,Ribeirão dos Índios,SP,3 - Sudeste,2045,1 - Até 5000,Não,Sim,Não,-,Não,Só ônibus intermunicipal (sem circulação interna),Pendente,,,
3543253,Ribeirão Grande,SP,3 - Sudeste,7570,2 - 5001 até 10000,Não,Sim,Sim,-,Sim,Possui ônibus local (via intermunicipal que circula internamente),Pendente,,,
3543303,Ribeirão Pires,SP,3 - Sudeste,118877,6 - 100001 até 500000,Sim,Sim,Sim,Totalmente adaptada,Sim,Possui ônibus urbano (intramunicipal),Pendente,,,
3543402,Ribeirão Preto,SP,3 - Sudeste,728400,7 - Maior que 500000,Sim,Sim,Não,Totalmente adaptada,Sim,Possui ônibus urbano (intramunicipal),Confirmado,Cidade de grande porte com sistema de transporte público municipal/metropolitano amplamente documentado (prefeitura/consórcio de transporte),2026-08-07,Município de grande população (>280 mil hab.) com sistema de ônibus consolidado e publicamente conhecido; dado do MUNIC 2024 já indicava 'Sim' corretamente.
3543501,Riversul,SP,3 - Sudeste,5647,2 - 5001 até 10000,Sim,Sim,Não,Parcialmente adaptada,Sim,Possui ônibus urbano (intramunicipal),Pendente,,,
3543600,Rifaina,SP,3 - Sudeste,4158,1 - Até 5000,Sim,Sim,Não,Parcialmente adaptada,Sim,Possui ônibus urbano (intramunicipal),Pendente,,,
3543709,Rincão,SP,3 - Sudeste,9145,2 - 5001 até 10000,Sim,Sim,Sim,Parcialmente adaptada,Sim,Possui ônibus urbano (intramunicipal),Pendente,,,
3543808,Rinópolis,SP,3 - Sudeste,9357,2 - 5001 até 10000,Não,Sim,Não,-,Não,Só ônibus intermunicipal (sem circulação interna),Pendente,,,
3543907,Rio Claro,SP,3 - Sudeste,208857,6 - 100001 até 500000,Sim,Sim,Sim,Totalmente adaptada,Sim,Possui ônibus urbano (intramunicipal),Pendente,,,
3544004,Rio das Pedras,SP,3 - Sudeste,32267,4 - 20001 até 50000,Não,Sim,Sim,-,Sim,Possui ônibus local (via intermunicipal que circula internamente),Pendente,,,
3544103,Rio Grande da Serra,SP,3 - Sudeste,45317,4 - 20001 até 50000,Sim,Sim,Sim,Parcialmente adaptada,Sim,Possui ônibus urbano (intramunicipal),Pendente,,,
3544202,Riolândia,SP,3 - Sudeste,10453,3 - 10001 até 20000,Não,Sim,Não,-,Não,Só ônibus intermunicipal (sem circulação interna),Pendente,,,
3544251,Rosana,SP,3 - Sudeste,17533,3 - 10001 até 20000,Não,Sim,Não,-,Não,Só ônibus intermunicipal (sem circulação interna),Pendente,,,
3544301,Roseira,SP,3 - Sudeste,11095,3 - 10001 até 20000,Não,Sim,Sim,-,Sim,Possui ônibus local (via intermunicipal que circula internamente),Pendente,,,
3544400,Rubiácea,SP,3 - Sudeste,2741,1 - Até 5000,Não,Não,-,-,Não,Não possui transporte coletivo por ônibus,Pendente,,,
3544509,Rubinéia,SP,3 - Sudeste,3965,1 - Até 5000,Sim,Sim,Não,Parcialmente adaptada,Sim,Possui ônibus urbano (intramunicipal),Pendente,,,
3544608,Sabino,SP,3 - Sudeste,5185,2 - 5001 até 10000,Não,Sim,Sim,-,Sim,Possui ônibus local (via intermunicipal que circula internamente),Pendente,,,
3544707,Sagres,SP,3 - Sudeste,2519,1 - Até 5000,Não,Não,-,-,Não,Não possui transporte coletivo por ônibus,Pendente,,,
3544806,Sales,SP,3 - Sudeste,6612,2 - 5001 até 10000,Sim,Sim,Não,Parcialmente adaptada,Sim,Possui ônibus urbano (intramunicipal),Pendente,,,
3544905,Sales Oliveira,SP,3 - Sudeste,11654,3 - 10001 até 20000,Não,Não,-,-,Não,Não possui transporte coletivo por ônibus,Sem fonte encontrada,,2026-08-08,Busca retornou apenas informações sobre rodoviária/transporte intermunicipal ou empresa homônima que atua em outra região; sem confirmação confiável específica. Mantido dado original do MUNIC.
3545001,Salesópolis,SP,3 - Sudeste,15396,3 - 10001 até 20000,Não,Sim,Sim,-,Sim,Possui ônibus local (via intermunicipal que circula internamente),Pendente,,,
3545100,Salmourão,SP,3 - Sudeste,4883,1 - Até 5000,Não,Sim,Sim,-,Sim,Possui ônibus local (via intermunicipal que circula internamente),Pendente,,,
3545159,Saltinho,SP,3 - Sudeste,8371,2 - 5001 até 10000,Sim,Sim,Sim,Sem adaptação,Sim,Possui ônibus urbano (intramunicipal),Pendente,,,
3545209,Salto,SP,3 - Sudeste,140125,6 - 100001 até 500000,Sim,Sim,Não,Totalmente adaptada,Sim,Possui ônibus urbano (intramunicipal),Pendente,,,
3545308,Salto de Pirapora,SP,3 - Sudeste,45138,4 - 20001 até 50000,Sim,Sim,Sim,Parcialmente adaptada,Sim,Possui ônibus urbano (intramunicipal),Pendente,,,
3545407,Salto Grande,SP,3 - Sudeste,9212,2 - 5001 até 10000,Sim,Sim,Sim,Parcialmente adaptada,Sim,Possui ônibus urbano (intramunicipal),Pendente,,,
3545506,Sandovalina,SP,3 - Sudeste,3699,1 - Até 5000,Sim,Sim,Sim,Parcialmente adaptada,Sim,Possui ônibus urbano (intramunicipal),Pendente,,,
3545605,Santa Adélia,SP,3 - Sudeste,14203,3 - 10001 até 20000,Não,Sim,Não,-,Não,Só ônibus intermunicipal (sem circulação interna),Pendente,,,
3545704,Santa Albertina,SP,3 - Sudeste,6543,2 - 5001 até 10000,Não,Sim,Não,-,Não,Só ônibus intermunicipal (sem circulação interna),Pendente,,,
3545803,Santa Bárbara dOeste,SP,3 - Sudeste,189338,6 - 100001 até 500000,Sim,Sim,Sim,Totalmente adaptada,Sim,Possui ônibus urbano (intramunicipal),Pendente,,,
3546009,Santa Branca,SP,3 - Sudeste,14212,3 - 10001 até 20000,Sim,Sim,Sim,Sem adaptação,Sim,Possui ônibus urbano (intramunicipal),Pendente,,,
3546108,Santa Clara dOeste,SP,3 - Sudeste,2677,1 - Até 5000,Sim,Sim,Sim,Parcialmente adaptada,Sim,Possui ônibus urbano (intramunicipal),Pendente,,,
3546207,Santa Cruz da Conceição,SP,3 - Sudeste,4365,1 - Até 5000,Não,Sim,Não,-,Não,Só ônibus intermunicipal (sem circulação interna),Pendente,,,
3546256,Santa Cruz da Esperança,SP,3 - Sudeste,2162,1 - Até 5000,Sim,Sim,Sim,Parcialmente adaptada,Sim,Possui ônibus urbano (intramunicipal),Pendente,,,
3546306,Santa Cruz das Palmeiras,SP,3 - Sudeste,29525,4 - 20001 até 50000,Sim,Sim,Não,Totalmente adaptada,Sim,Possui ônibus urbano (intramunicipal),Pendente,,,
3546405,Santa Cruz do Rio Pardo,SP,3 - Sudeste,47677,4 - 20001 até 50000,Sim,Sim,Sim,Totalmente adaptada,Sim,Possui ônibus urbano (intramunicipal),Pendente,,,
3546504,Santa Ernestina,SP,3 - Sudeste,6256,2 - 5001 até 10000,Não,Sim,Não,-,Não,Só ônibus intermunicipal (sem circulação interna),Pendente,,,
3546603,Santa Fé do Sul,SP,3 - Sudeste,36098,4 - 20001 até 50000,Sim,Sim,Não,Totalmente adaptada,Sim,Possui ônibus urbano (intramunicipal),Pendente,,,
3546702,Santa Gertrudes,SP,3 - Sudeste,24107,4 - 20001 até 50000,Não,Sim,Sim,-,Sim,Possui ônibus local (via intermunicipal que circula internamente),Pendente,,,
3546801,Santa Isabel,SP,3 - Sudeste,54586,5 - 50001 até 100000,Sim,Sim,Não,Totalmente adaptada,Sim,Possui ônibus urbano (intramunicipal),Pendente,,,
3546900,Santa Lúcia,SP,3 - Sudeste,7181,2 - 5001 até 10000,Não,Sim,Sim,-,Sim,Possui ônibus local (via intermunicipal que circula internamente),Pendente,,,
3547007,Santa Maria da Serra,SP,3 - Sudeste,5314,2 - 5001 até 10000,Não,Sim,Não,-,Não,Só ônibus intermunicipal (sem circulação interna),Pendente,,,
3547106,Santa Mercedes,SP,3 - Sudeste,3012,1 - Até 5000,Não,Sim,Sim,-,Sim,Possui ônibus local (via intermunicipal que circula internamente),Pendente,,,
3547205,Santana da Ponte Pensa,SP,3 - Sudeste,1698,1 - Até 5000,Sim,Sim,Sim,Parcialmente adaptada,Sim,Possui ônibus urbano (intramunicipal),Pendente,,,
3547304,Santana de Parnaíba,SP,3 - Sudeste,162341,6 - 100001 até 500000,Sim,Sim,Sim,Totalmente adaptada,Sim,Possui ônibus urbano (intramunicipal),Pendente,,,
3547403,Santa Rita dOeste,SP,3 - Sudeste,2790,1 - Até 5000,Não,Sim,Não,-,Não,Só ônibus intermunicipal (sem circulação interna),Pendente,,,
3547502,Santa Rita do Passa Quatro,SP,3 - Sudeste,25060,4 - 20001 até 50000,Sim,Sim,Não,Totalmente adaptada,Sim,Possui ônibus urbano (intramunicipal),Pendente,,,
3547601,Santa Rosa de Viterbo,SP,3 - Sudeste,23725,4 - 20001 até 50000,Sim,Sim,Não,Totalmente adaptada,Sim,Possui ônibus urbano (intramunicipal),Pendente,,,
3547650,Santa Salete,SP,3 - Sudeste,1686,1 - Até 5000,Sim,Sim,Sim,Parcialmente adaptada,Sim,Possui ônibus urbano (intramunicipal),Pendente,,,
3547700,Santo Anastácio,SP,3 - Sudeste,18045,3 - 10001 até 20000,Sim,Sim,Não,Parcialmente adaptada,Sim,Possui ônibus urbano (intramunicipal),Pendente,,,
3547809,Santo André,SP,3 - Sudeste,778711,7 - Maior que 500000,Sim,Sim,Sim,Totalmente adaptada,Sim,Possui ônibus urbano (intramunicipal),Confirmado,Cidade de grande porte com sistema de transporte público municipal/metropolitano amplamente documentado (prefeitura/consórcio de transporte),2026-08-07,Município de grande população (>280 mil hab.) com sistema de ônibus consolidado e publicamente conhecido; dado do MUNIC 2024 já indicava 'Sim' corretamente.
3547908,Santo Antônio da Alegria,SP,3 - Sudeste,6917,2 - 5001 até 10000,Não,Sim,Não,-,Não,Só ônibus intermunicipal (sem circulação interna),Pendente,,,
3548005,Santo Antônio de Posse,SP,3 - Sudeste,23779,4 - 20001 até 50000,Sim,Sim,Sim,Totalmente adaptada,Sim,Possui ônibus urbano (intramunicipal),Pendente,,,
3548054,Santo Antônio do Aracanguá,SP,3 - Sudeste,8568,2 - 5001 até 10000,Não,Não,-,-,Não,Não possui transporte coletivo por ônibus,Sem fonte encontrada,"Notícia citada ('Aracê de Santo Antônio') refere-se a bairro de São Carlos-SP, não a Santo Antônio do Aracanguá-SP; confusão de nomes",2026-08-08,Evidência descartada por confusão com outro município/bairro homônimo
3548104,Santo Antônio do Jardim,SP,3 - Sudeste,6237,2 - 5001 até 10000,Não,Sim,Sim,-,Sim,Possui ônibus local (via intermunicipal que circula internamente),Pendente,,,
3548203,Santo Antônio do Pinhal,SP,3 - Sudeste,7294,2 - 5001 até 10000,Não,Sim,Não,-,Não,Só ônibus intermunicipal (sem circulação interna),Pendente,,,
3548302,Santo Expedito,SP,3 - Sudeste,3063,1 - Até 5000,Não,Sim,Não,-,Não,Só ônibus intermunicipal (sem circulação interna),Pendente,,,
3548401,Santópolis do Aguapeí,SP,3 - Sudeste,3933,1 - Até 5000,Não,Não,-,-,Não,Não possui transporte coletivo por ônibus,Pendente,,,
3548500,Santos,SP,3 - Sudeste,429567,6 - 100001 até 500000,Sim,Sim,Sim,Totalmente adaptada,Sim,Possui ônibus urbano (intramunicipal),Confirmado,Cidade de grande porte com sistema de transporte público municipal/metropolitano amplamente documentado (prefeitura/consórcio de transporte),2026-08-07,Município de grande população (>280 mil hab.) com sistema de ônibus consolidado e publicamente conhecido; dado do MUNIC 2024 já indicava 'Sim' corretamente.
3548609,São Bento do Sapucaí,SP,3 - Sudeste,11948,3 - 10001 até 20000,Não,Sim,Não,-,Não,Só ônibus intermunicipal (sem circulação interna),Pendente,,,
3548708,São Bernardo do Campo,SP,3 - Sudeste,840499,7 - Maior que 500000,Sim,Sim,Sim,Totalmente adaptada,Sim,Possui ônibus urbano (intramunicipal),Confirmado,Cidade de grande porte com sistema de transporte público municipal/metropolitano amplamente documentado (prefeitura/consórcio de transporte),2026-08-07,Município de grande população (>280 mil hab.) com sistema de ônibus consolidado e publicamente conhecido; dado do MUNIC 2024 já indicava 'Sim' corretamente.
3548807,São Caetano do Sul,SP,3 - Sudeste,172109,6 - 100001 até 500000,Sim,Sim,Sim,Totalmente adaptada,Sim,Possui ônibus urbano (intramunicipal),Pendente,,,
3548906,São Carlos,SP,3 - Sudeste,265294,6 - 100001 até 500000,Sim,Sim,Não,Totalmente adaptada,Sim,Possui ônibus urbano (intramunicipal),Pendente,,,
3549003,São Francisco,SP,3 - Sudeste,2629,1 - Até 5000,Não,Sim,Não,-,Não,Só ônibus intermunicipal (sem circulação interna),Pendente,,,
3549102,São João da Boa Vista,SP,3 - Sudeste,95762,5 - 50001 até 100000,Sim,Sim,Sim,Totalmente adaptada,Sim,Possui ônibus urbano (intramunicipal),Pendente,,,
3549201,São João das Duas Pontes,SP,3 - Sudeste,2622,1 - Até 5000,Não,Sim,Não,-,Não,Só ônibus intermunicipal (sem circulação interna),Pendente,,,
3549250,São João de Iracema,SP,3 - Sudeste,1880,1 - Até 5000,Não,Não,-,-,Não,Não possui transporte coletivo por ônibus,Pendente,,,
3549300,São João do Pau dAlho,SP,3 - Sudeste,2288,1 - Até 5000,Não,Sim,Não,-,Não,Só ônibus intermunicipal (sem circulação interna),Pendente,,,
3549409,São Joaquim da Barra,SP,3 - Sudeste,49815,4 - 20001 até 50000,Sim,Não,-,Totalmente adaptada,Sim,Possui ônibus urbano (intramunicipal),Pendente,,,
3549508,São José da Bela Vista,SP,3 - Sudeste,7690,2 - 5001 até 10000,Sim,Sim,Sim,Sem adaptação,Sim,Possui ônibus urbano (intramunicipal),Pendente,,,
3549607,São José do Barreiro,SP,3 - Sudeste,3898,1 - Até 5000,Não,Sim,Sim,-,Sim,Possui ônibus local (via intermunicipal que circula internamente),Pendente,,,
3549706,São José do Rio Pardo,SP,3 - Sudeste,53416,5 - 50001 até 100000,Sim,Sim,Não,Totalmente adaptada,Sim,Possui ônibus urbano (intramunicipal),Pendente,,,
3549805,São José do Rio Preto,SP,3 - Sudeste,501597,7 - Maior que 500000,Sim,Sim,Não,Totalmente adaptada,Sim,Possui ônibus urbano (intramunicipal),Confirmado,Cidade de grande porte com sistema de transporte público municipal/metropolitano amplamente documentado (prefeitura/consórcio de transporte),2026-08-07,Município de grande população (>280 mil hab.) com sistema de ônibus consolidado e publicamente conhecido; dado do MUNIC 2024 já indicava 'Sim' corretamente.
3549904,São José dos Campos,SP,3 - Sudeste,724756,7 - Maior que 500000,Sim,Sim,Não,Totalmente adaptada,Sim,Possui ônibus urbano (intramunicipal),Confirmado,Cidade de grande porte com sistema de transporte público municipal/metropolitano amplamente documentado (prefeitura/consórcio de transporte),2026-08-07,Município de grande população (>280 mil hab.) com sistema de ônibus consolidado e publicamente conhecido; dado do MUNIC 2024 já indicava 'Sim' corretamente.
3549953,São Lourenço da Serra,SP,3 - Sudeste,16458,3 - 10001 até 20000,Sim,Sim,Não,Sem adaptação,Sim,Possui ônibus urbano (intramunicipal),Pendente,,,
3550001,São Luiz do Paraitinga,SP,3 - Sudeste,10497,3 - 10001 até 20000,Sim,Sim,Sim,Parcialmente adaptada,Sim,Possui ônibus urbano (intramunicipal),Pendente,,,
3550100,São Manuel,SP,3 - Sudeste,38166,4 - 20001 até 50000,Sim,Sim,Sim,Totalmente adaptada,Sim,Possui ônibus urbano (intramunicipal),Pendente,,,
3550209,São Miguel Arcanjo,SP,3 - Sudeste,32904,4 - 20001 até 50000,Sim,Sim,Sim,Parcialmente adaptada,Sim,Possui ônibus urbano (intramunicipal),Pendente,,,
3550308,São Paulo,SP,3 - Sudeste,11895578,7 - Maior que 500000,Sim,Sim,Sim,Totalmente adaptada,Sim,Possui ônibus urbano (intramunicipal),Confirmado,Sistema de transporte público municipal amplamente documentado (site da prefeitura/empresa de transporte municipal),2026-08-07,Capital estadual com sistema de ônibus urbano consolidado e publicamente conhecido; dado do MUNIC 2024 já indicava 'Sim' corretamente.
3550407,São Pedro,SP,3 - Sudeste,39725,4 - 20001 até 50000,Sim,Sim,Não,Parcialmente adaptada,Sim,Possui ônibus urbano (intramunicipal),Pendente,,,
3550506,São Pedro do Turvo,SP,3 - Sudeste,7333,2 - 5001 até 10000,Não,Sim,Sim,-,Sim,Possui ônibus local (via intermunicipal que circula internamente),Pendente,,,
3550605,São Roque,SP,3 - Sudeste,81342,5 - 50001 até 100000,Sim,Sim,Sim,Totalmente adaptada,Sim,Possui ônibus urbano (intramunicipal),Pendente,,,
3550704,São Sebastião,SP,3 - Sudeste,84019,5 - 50001 até 100000,Sim,Sim,Sim,Totalmente adaptada,Sim,Possui ônibus urbano (intramunicipal),Pendente,,,
3550803,São Sebastião da Grama,SP,3 - Sudeste,10484,3 - 10001 até 20000,Sim,Sim,Não,Parcialmente adaptada,Sim,Possui ônibus urbano (intramunicipal),Pendente,,,
3550902,São Simão,SP,3 - Sudeste,13590,3 - 10001 até 20000,Sim,Sim,Sim,Parcialmente adaptada,Sim,Possui ônibus urbano (intramunicipal),Pendente,,,
3551009,São Vicente,SP,3 - Sudeste,338407,6 - 100001 até 500000,Sim,Sim,Sim,Totalmente adaptada,Sim,Possui ônibus urbano (intramunicipal),Confirmado,Cidade de grande porte com sistema de transporte público municipal/metropolitano amplamente documentado (prefeitura/consórcio de transporte),2026-08-07,Município de grande população (>280 mil hab.) com sistema de ônibus consolidado e publicamente conhecido; dado do MUNIC 2024 já indicava 'Sim' corretamente.
3551108,Sarapuí,SP,3 - Sudeste,10632,3 - 10001 até 20000,Não,Sim,Não,-,Não,Só ônibus intermunicipal (sem circulação interna),Pendente,,,
3551207,Sarutaiá,SP,3 - Sudeste,3769,1 - Até 5000,Não,Sim,Não,-,Não,Só ônibus intermunicipal (sem circulação interna),Pendente,,,
3551306,Sebastianópolis do Sul,SP,3 - Sudeste,3187,1 - Até 5000,Não,Sim,Sim,-,Sim,Possui ônibus local (via intermunicipal que circula internamente),Pendente,,,
3551405,Serra Azul,SP,3 - Sudeste,13058,3 - 10001 até 20000,Sim,Sim,Sim,Parcialmente adaptada,Sim,Possui ônibus urbano (intramunicipal),Pendente,,,
3551504,Serrana,SP,3 - Sudeste,45408,4 - 20001 até 50000,Não,Sim,Não,-,Não,Só ônibus intermunicipal (sem circulação interna),Pendente,,,
3551603,Serra Negra,SP,3 - Sudeste,30920,4 - 20001 até 50000,Sim,Sim,Sim,Totalmente adaptada,Sim,Possui ônibus urbano (intramunicipal),Pendente,,,
3551702,Sertãozinho,SP,3 - Sudeste,131600,6 - 100001 até 500000,Sim,Sim,Sim,Totalmente adaptada,Sim,Possui ônibus urbano (intramunicipal),Pendente,,,
3551801,Sete Barras,SP,3 - Sudeste,12912,3 - 10001 até 20000,Sim,Sim,Sim,Parcialmente adaptada,Sim,Possui ônibus urbano (intramunicipal),Pendente,,,
3551900,Severínia,SP,3 - Sudeste,14724,3 - 10001 até 20000,Não,Sim,Não,-,Não,Só ônibus intermunicipal (sem circulação interna),Pendente,,,
3552007,Silveiras,SP,3 - Sudeste,6313,2 - 5001 até 10000,Não,Sim,Não,-,Não,Só ônibus intermunicipal (sem circulação interna),Pendente,,,
3552106,Socorro,SP,3 - Sudeste,41405,4 - 20001 até 50000,Sim,Sim,Sim,Parcialmente adaptada,Sim,Possui ônibus urbano (intramunicipal),Pendente,,,
3552205,Sorocaba,SP,3 - Sudeste,757459,7 - Maior que 500000,Sim,Sim,Não,Totalmente adaptada,Sim,Possui ônibus urbano (intramunicipal),Confirmado,Cidade de grande porte com sistema de transporte público municipal/metropolitano amplamente documentado (prefeitura/consórcio de transporte),2026-08-07,Município de grande população (>280 mil hab.) com sistema de ônibus consolidado e publicamente conhecido; dado do MUNIC 2024 já indicava 'Sim' corretamente.
3552304,Sud Mennucci,SP,3 - Sudeste,7466,2 - 5001 até 10000,Sim,Sim,Sim,Sem adaptação,Sim,Possui ônibus urbano (intramunicipal),Pendente,,,
3552403,Sumaré,SP,3 - Sudeste,289787,6 - 100001 até 500000,Sim,Sim,Sim,Totalmente adaptada,Sim,Possui ônibus urbano (intramunicipal),Confirmado,Cidade de grande porte com sistema de transporte público municipal/metropolitano amplamente documentado (prefeitura/consórcio de transporte),2026-08-07,Município de grande população (>280 mil hab.) com sistema de ônibus consolidado e publicamente conhecido; dado do MUNIC 2024 já indicava 'Sim' corretamente.
3552502,Suzano,SP,3 - Sudeste,318765,6 - 100001 até 500000,Sim,Sim,Sim,Totalmente adaptada,Sim,Possui ônibus urbano (intramunicipal),Confirmado,Cidade de grande porte com sistema de transporte público municipal/metropolitano amplamente documentado (prefeitura/consórcio de transporte),2026-08-07,Município de grande população (>280 mil hab.) com sistema de ônibus consolidado e publicamente conhecido; dado do MUNIC 2024 já indicava 'Sim' corretamente.
3552551,Suzanápolis,SP,3 - Sudeste,3464,1 - Até 5000,Não,Não,-,-,Não,Não possui transporte coletivo por ônibus,Pendente,,,
3552601,Tabapuã,SP,3 - Sudeste,11499,3 - 10001 até 20000,Não,Sim,Não,-,Não,Só ônibus intermunicipal (sem circulação interna),Pendente,,,
3552700,Tabatinga,SP,3 - Sudeste,14994,3 - 10001 até 20000,Não,Sim,Não,-,Não,Só ônibus intermunicipal (sem circulação interna),Pendente,,,
3552809,Taboão da Serra,SP,3 - Sudeste,284274,6 - 100001 até 500000,Sim,Sim,Sim,Parcialmente adaptada,Sim,Possui ônibus urbano (intramunicipal),Confirmado,Cidade de grande porte com sistema de transporte público municipal/metropolitano amplamente documentado (prefeitura/consórcio de transporte),2026-08-07,Município de grande população (>280 mil hab.) com sistema de ônibus consolidado e publicamente conhecido; dado do MUNIC 2024 já indicava 'Sim' corretamente.
3552908,Taciba,SP,3 - Sudeste,6399,2 - 5001 até 10000,Não,Sim,Não,-,Não,Só ônibus intermunicipal (sem circulação interna),Pendente,,,
3553005,Taguaí,SP,3 - Sudeste,13006,3 - 10001 até 20000,Não,Sim,Não,-,Não,Só ônibus intermunicipal (sem circulação interna),Pendente,,,
3553104,Taiaçu,SP,3 - Sudeste,5751,2 - 5001 até 10000,Sim,Não,-,-,Sim,Possui ônibus urbano (intramunicipal),Corrigido,"Prefeitura Municipal de Taiúva-SP (taiuva.sp.gov.br), notícia 'O transporte coletivo está de volta!' sobre parceria Taiúva-Taiaçu-Taquaral",2026-08-10,"MUNIC indicava ausência de ônibus, mas fonte municipal oficial (prefeitura vizinha, parceira do serviço) confirma retomada de transporte coletivo servindo Taiaçu-SP"
3553203,Taiúva,SP,3 - Sudeste,6733,2 - 5001 até 10000,Não,Sim,Não,-,Não,Só ônibus intermunicipal (sem circulação interna),Pendente,,,
3553302,Tambaú,SP,3 - Sudeste,21682,4 - 20001 até 50000,Sim,Sim,Não,Parcialmente adaptada,Sim,Possui ônibus urbano (intramunicipal),Pendente,,,
3553401,Tanabi,SP,3 - Sudeste,26021,4 - 20001 até 50000,Sim,Sim,Não,Parcialmente adaptada,Sim,Possui ônibus urbano (intramunicipal),Pendente,,,
3553500,Tapiraí,SP,3 - Sudeste,8122,2 - 5001 até 10000,Sim,Sim,Sim,Parcialmente adaptada,Sim,Possui ônibus urbano (intramunicipal),Pendente,,,
3553609,Tapiratiba,SP,3 - Sudeste,11936,3 - 10001 até 20000,Sim,Sim,Não,Sem adaptação,Sim,Possui ônibus urbano (intramunicipal),Pendente,,,
3553658,Taquaral,SP,3 - Sudeste,2652,1 - Até 5000,Sim,Sim,Não,Totalmente adaptada,Sim,Possui ônibus urbano (intramunicipal),Pendente,,,
3553708,Taquaritinga,SP,3 - Sudeste,53322,5 - 50001 até 100000,Sim,Sim,Sim,Parcialmente adaptada,Sim,Possui ônibus urbano (intramunicipal),Pendente,,,
3553807,Taquarituba,SP,3 - Sudeste,24863,4 - 20001 até 50000,Sim,Sim,Sim,Totalmente adaptada,Sim,Possui ônibus urbano (intramunicipal),Pendente,,,
3553856,Taquarivaí,SP,3 - Sudeste,7112,2 - 5001 até 10000,Não,Sim,Sim,-,Sim,Possui ônibus local (via intermunicipal que circula internamente),Pendente,,,
3553906,Tarabai,SP,3 - Sudeste,6635,2 - 5001 até 10000,Sim,Não,-,Parcialmente adaptada,Sim,Possui ônibus urbano (intramunicipal),Pendente,,,
3553955,Tarumã,SP,3 - Sudeste,15248,3 - 10001 até 20000,Sim,Sim,Não,Parcialmente adaptada,Sim,Possui ônibus urbano (intramunicipal),Pendente,,,
3554003,Tatuí,SP,3 - Sudeste,128560,6 - 100001 até 500000,Sim,Sim,Sim,Totalmente adaptada,Sim,Possui ônibus urbano (intramunicipal),Pendente,,,
3554102,Taubaté,SP,3 - Sudeste,321298,6 - 100001 até 500000,Sim,Sim,Sim,Totalmente adaptada,Sim,Possui ônibus urbano (intramunicipal),Confirmado,Cidade de grande porte com sistema de transporte público municipal/metropolitano amplamente documentado (prefeitura/consórcio de transporte),2026-08-07,Município de grande população (>280 mil hab.) com sistema de ônibus consolidado e publicamente conhecido; dado do MUNIC 2024 já indicava 'Sim' corretamente.
3554201,Tejupá,SP,3 - Sudeste,4142,1 - Até 5000,Sim,Sim,Sim,Parcialmente adaptada,Sim,Possui ônibus urbano (intramunicipal),Pendente,,,
3554300,Teodoro Sampaio,SP,3 - Sudeste,22559,4 - 20001 até 50000,Sim,Sim,Não,Parcialmente adaptada,Sim,Possui ônibus urbano (intramunicipal),Pendente,,,
3554409,Terra Roxa,SP,3 - Sudeste,7985,2 - 5001 até 10000,Sim,Sim,Não,Sem adaptação,Sim,Possui ônibus urbano (intramunicipal),Pendente,,,
3554508,Tietê,SP,3 - Sudeste,38690,4 - 20001 até 50000,Sim,Sim,Sim,Parcialmente adaptada,Sim,Possui ônibus urbano (intramunicipal),Pendente,,,
3554607,Timburi,SP,3 - Sudeste,2490,1 - Até 5000,Não,Sim,Não,-,Não,Só ônibus intermunicipal (sem circulação interna),Pendente,,,
3554656,Torre de Pedra,SP,3 - Sudeste,2063,1 - Até 5000,Sim,Sim,Sim,Sem adaptação,Sim,Possui ônibus urbano (intramunicipal),Pendente,,,
3554706,Torrinha,SP,3 - Sudeste,9484,2 - 5001 até 10000,Não,Sim,Não,-,Não,Só ônibus intermunicipal (sem circulação interna),Pendente,,,
3554755,Trabiju,SP,3 - Sudeste,1719,1 - Até 5000,Sim,Sim,Sim,Sem adaptação,Sim,Possui ônibus urbano (intramunicipal),Pendente,,,
3554805,Tremembé,SP,3 - Sudeste,53083,5 - 50001 até 100000,Sim,Sim,Sim,Totalmente adaptada,Sim,Possui ônibus urbano (intramunicipal),Pendente,,,
3554904,Três Fronteiras,SP,3 - Sudeste,7013,2 - 5001 até 10000,Não,Sim,Não,-,Não,Só ônibus intermunicipal (sem circulação interna),Pendente,,,
3554953,Tuiuti,SP,3 - Sudeste,6947,2 - 5001 até 10000,Não,Sim,Sim,-,Sim,Possui ônibus local (via intermunicipal que circula internamente),Pendente,,,
3555000,Tupã,SP,3 - Sudeste,65416,5 - 50001 até 100000,Sim,Sim,Sim,Parcialmente adaptada,Sim,Possui ônibus urbano (intramunicipal),Pendente,,,
3555109,Tupi Paulista,SP,3 - Sudeste,16206,3 - 10001 até 20000,Não,Sim,Sim,-,Sim,Possui ônibus local (via intermunicipal que circula internamente),Pendente,,,
3555208,Turiúba,SP,3 - Sudeste,1839,1 - Até 5000,Não,Não,-,-,Não,Não possui transporte coletivo por ônibus,Pendente,,,
3555307,Turmalina,SP,3 - Sudeste,1672,1 - Até 5000,Não,Sim,Sim,-,Sim,Possui ônibus local (via intermunicipal que circula internamente),Pendente,,,
3555356,Ubarana,SP,3 - Sudeste,5456,2 - 5001 até 10000,Não,Não,-,-,Não,Não possui transporte coletivo por ônibus,Sem fonte encontrada,Fonte indica cidade pequena com locomoção predominante a pé (Ubarana-SP),2026-08-11,"Evidência sugere ausência de ônibus urbano, mas não é fonte formal suficiente para Confirmado"
3555406,Ubatuba,SP,3 - Sudeste,96598,5 - 50001 até 100000,Sim,Sim,Sim,Parcialmente adaptada,Sim,Possui ônibus urbano (intramunicipal),Pendente,,,
3555505,Ubirajara,SP,3 - Sudeste,5265,2 - 5001 até 10000,Não,Não,-,-,Não,Não possui transporte coletivo por ônibus,Sem fonte encontrada,"Resultados majoritariamente sobre bairro Jardim Ubirajara em São Paulo capital, não o município Ubirajara-SP (homônimo)",2026-08-11,Confusão com bairro homônimo em São Paulo capital
3555604,Uchoa,SP,3 - Sudeste,10627,3 - 10001 até 20000,Não,Sim,Não,-,Não,Só ônibus intermunicipal (sem circulação interna),Pendente,,,
3555703,União Paulista,SP,3 - Sudeste,1628,1 - Até 5000,Não,Sim,Não,-,Não,Só ônibus intermunicipal (sem circulação interna),Pendente,,,
3555802,Urânia,SP,3 - Sudeste,8973,2 - 5001 até 10000,Não,Sim,Não,-,Não,Só ônibus intermunicipal (sem circulação interna),Pendente,,,
3555901,Uru,SP,3 - Sudeste,1419,1 - Até 5000,Não,Não,-,-,Não,Não possui transporte coletivo por ônibus,Pendente,,,
3556008,Urupês,SP,3 - Sudeste,14038,3 - 10001 até 20000,Sim,Não,-,Sem adaptação,Sim,Possui ônibus urbano (intramunicipal),Pendente,,,
3556107,Valentim Gentil,SP,3 - Sudeste,14531,3 - 10001 até 20000,Não,Sim,Não,-,Não,Só ônibus intermunicipal (sem circulação interna),Pendente,,,
3556206,Valinhos,SP,3 - Sudeste,131277,6 - 100001 até 500000,Sim,Sim,Sim,Totalmente adaptada,Sim,Possui ônibus urbano (intramunicipal),Pendente,,,
3556305,Valparaíso,SP,3 - Sudeste,24723,4 - 20001 até 50000,Não,Sim,Não,-,Não,Só ônibus intermunicipal (sem circulação interna),Pendente,,,
3556354,Vargem,SP,3 - Sudeste,10805,3 - 10001 até 20000,Sim,Sim,Sim,Parcialmente adaptada,Sim,Possui ônibus urbano (intramunicipal),Pendente,,,
3556404,Vargem Grande do Sul,SP,3 - Sudeste,41226,4 - 20001 até 50000,Sim,Sim,Não,Totalmente adaptada,Sim,Possui ônibus urbano (intramunicipal),Pendente,,,
3556453,Vargem Grande Paulista,SP,3 - Sudeste,52103,5 - 50001 até 100000,Sim,Sim,Sim,Totalmente adaptada,Sim,Possui ônibus urbano (intramunicipal),Pendente,,,
3556503,Várzea Paulista,SP,3 - Sudeste,119576,6 - 100001 até 500000,Sim,Sim,Sim,Totalmente adaptada,Sim,Possui ônibus urbano (intramunicipal),Pendente,,,
3556602,Vera Cruz,SP,3 - Sudeste,10294,3 - 10001 até 20000,Não,Sim,Não,-,Não,Só ônibus intermunicipal (sem circulação interna),Pendente,,,
3556701,Vinhedo,SP,3 - Sudeste,79235,5 - 50001 até 100000,Sim,Sim,Sim,Totalmente adaptada,Sim,Possui ônibus urbano (intramunicipal),Pendente,,,
3556800,Viradouro,SP,3 - Sudeste,17681,3 - 10001 até 20000,Sim,Sim,Não,Parcialmente adaptada,Sim,Possui ônibus urbano (intramunicipal),Pendente,,,
3556909,Vista Alegre do Alto,SP,3 - Sudeste,8327,2 - 5001 até 10000,Não,Sim,Não,-,Não,Só ônibus intermunicipal (sem circulação interna),Pendente,,,
3556958,Vitória Brasil,SP,3 - Sudeste,1826,1 - Até 5000,Não,Não,-,-,Não,Não possui transporte coletivo por ônibus,Pendente,,,
3557006,Votorantim,SP,3 - Sudeste,132849,6 - 100001 até 500000,Sim,Sim,Sim,Totalmente adaptada,Sim,Possui ônibus urbano (intramunicipal),Pendente,,,
3557105,Votuporanga,SP,3 - Sudeste,100159,6 - 100001 até 500000,Sim,Sim,Não,Totalmente adaptada,Sim,Possui ônibus urbano (intramunicipal),Pendente,,,
3557154,Zacarias,SP,3 - Sudeste,2761,1 - Até 5000,Não,Sim,Não,-,Não,Só ônibus intermunicipal (sem circulação interna),Pendente,,,
3557204,Chavantes,SP,3 - Sudeste,12411,3 - 10001 até 20000,Sim,Sim,Sim,Totalmente adaptada,Sim,Possui ônibus urbano (intramunicipal),Pendente,,,
3557303,Estiva Gerbi,SP,3 - Sudeste,11566,3 - 10001 até 20000,Sim,Sim,Sim,Parcialmente adaptada,Sim,Possui ônibus urbano (intramunicipal),Pendente,,,
4100103,Abatiá,PR,4 - Sul,7271,2 - 5001 até 10000,Não,Não,-,-,Não,Não possui transporte coletivo por ônibus,Sem fonte encontrada,Buscas retornaram apenas rodoviária/transporte intermunicipal (Abatiá-PR),2026-08-10,Nenhuma evidência específica de ônibus urbano intramunicipal encontrada
4100202,Adrianópolis,PR,4 - Sul,6327,2 - 5001 até 10000,Não,Sim,Não,-,Não,Só ônibus intermunicipal (sem circulação interna),Pendente,,,
4100301,Agudos do Sul,PR,4 - Sul,10646,3 - 10001 até 20000,Não,Sim,Não,-,Não,Só ônibus intermunicipal (sem circulação interna),Pendente,,,
4100400,Almirante Tamandaré,PR,4 - Sul,124788,6 - 100001 até 500000,Não,Sim,Sim,-,Sim,Possui ônibus local (via intermunicipal que circula internamente),Pendente,,,
4100459,Altamira do Paraná,PR,4 - Sul,3543,1 - Até 5000,Não,Não,-,-,Não,Não possui transporte coletivo por ônibus,Pendente,,,
4100509,Altônia,PR,4 - Sul,18750,3 - 10001 até 20000,Não,Sim,Sim,-,Sim,Possui ônibus local (via intermunicipal que circula internamente),Pendente,,,
4100608,Alto Paraná,PR,4 - Sul,14138,3 - 10001 até 20000,Não,Sim,Não,-,Não,Só ônibus intermunicipal (sem circulação interna),Pendente,,,
4100707,Alto Piquiri,PR,4 - Sul,9802,2 - 5001 até 10000,Sim,Não,-,Parcialmente adaptada,Sim,Possui ônibus urbano (intramunicipal),Pendente,,,
4100806,Alvorada do Sul,PR,4 - Sul,10478,3 - 10001 até 20000,Não,Sim,Não,-,Não,Só ônibus intermunicipal (sem circulação interna),Pendente,,,
4100905,Amaporã,PR,4 - Sul,4736,1 - Até 5000,Não,Sim,Não,-,Não,Só ônibus intermunicipal (sem circulação interna),Pendente,,,
4101002,Ampére,PR,4 - Sul,20199,4 - 20001 até 50000,Não,Sim,Não,-,Não,Só ônibus intermunicipal (sem circulação interna),Pendente,,,
4101051,Anahy,PR,4 - Sul,2965,1 - Até 5000,Não,Sim,Não,-,Não,Só ônibus intermunicipal (sem circulação interna),Pendente,,,
4101101,Andirá,PR,4 - Sul,20044,4 - 20001 até 50000,Não,Sim,Sim,-,Sim,Possui ônibus local (via intermunicipal que circula internamente),Pendente,,,
4101150,Ângulo,PR,4 - Sul,3332,1 - Até 5000,Não,Sim,Não,-,Não,Só ônibus intermunicipal (sem circulação interna),Pendente,,,
4101200,Antonina,PR,4 - Sul,18223,3 - 10001 até 20000,Sim,Sim,Sim,Totalmente adaptada,Sim,Possui ônibus urbano (intramunicipal),Pendente,,,
4101309,Antônio Olinto,PR,4 - Sul,7071,2 - 5001 até 10000,Não,Sim,Não,-,Não,Só ônibus intermunicipal (sem circulação interna),Pendente,,,
4101408,Apucarana,PR,4 - Sul,134306,6 - 100001 até 500000,Sim,Sim,Sim,Totalmente adaptada,Sim,Possui ônibus urbano (intramunicipal),Pendente,,,
4101507,Arapongas,PR,4 - Sul,123863,6 - 100001 até 500000,Sim,Sim,Sim,Totalmente adaptada,Sim,Possui ônibus urbano (intramunicipal),Pendente,,,
4101606,Arapoti,PR,4 - Sul,26310,4 - 20001 até 50000,Sim,Sim,Sim,Parcialmente adaptada,Sim,Possui ônibus urbano (intramunicipal),Pendente,,,
4101655,Arapuã,PR,4 - Sul,3573,1 - Até 5000,Não,Não,-,-,Não,Não possui transporte coletivo por ônibus,Pendente,,,
4101705,Araruna,PR,4 - Sul,14824,3 - 10001 até 20000,Não,Sim,Não,-,Não,Só ônibus intermunicipal (sem circulação interna),Pendente,,,
4101804,Araucária,PR,4 - Sul,160038,6 - 100001 até 500000,Sim,Sim,Sim,Totalmente adaptada,Sim,Possui ônibus urbano (intramunicipal),Pendente,,,
4101853,Ariranha do Ivaí,PR,4 - Sul,2351,1 - Até 5000,Sim,Sim,Não,Parcialmente adaptada,Sim,Possui ônibus urbano (intramunicipal),Pendente,,,
4101903,Assaí,PR,4 - Sul,13643,3 - 10001 até 20000,Sim,Sim,Não,Parcialmente adaptada,Sim,Possui ônibus urbano (intramunicipal),Pendente,,,
4102000,Assis Chateaubriand,PR,4 - Sul,38105,4 - 20001 até 50000,Sim,Sim,Sim,Parcialmente adaptada,Sim,Possui ônibus urbano (intramunicipal),Pendente,,,
4102109,Astorga,PR,4 - Sul,26145,4 - 20001 até 50000,Sim,Sim,Não,Parcialmente adaptada,Sim,Possui ônibus urbano (intramunicipal),Pendente,,,
4102208,Atalaia,PR,4 - Sul,4045,1 - Até 5000,Não,Sim,Não,-,Não,Só ônibus intermunicipal (sem circulação interna),Pendente,,,
4102307,Balsa Nova,PR,4 - Sul,13871,3 - 10001 até 20000,Não,Sim,Não,-,Não,Só ônibus intermunicipal (sem circulação interna),Pendente,,,
4102406,Bandeirantes,PR,4 - Sul,31807,4 - 20001 até 50000,Não,Sim,Não,-,Não,Só ônibus intermunicipal (sem circulação interna),Pendente,,,
4102505,Barbosa Ferraz,PR,4 - Sul,10692,3 - 10001 até 20000,Sim,Sim,Não,Parcialmente adaptada,Sim,Possui ônibus urbano (intramunicipal),Pendente,,,
4102604,Barracão,PR,4 - Sul,9900,2 - 5001 até 10000,Sim,Sim,Não,Parcialmente adaptada,Sim,Possui ônibus urbano (intramunicipal),Pendente,,,
4102703,Barra do Jacaré,PR,4 - Sul,2866,1 - Até 5000,Sim,Sim,Sim,Totalmente adaptada,Sim,Possui ônibus urbano (intramunicipal),Pendente,,,
4102752,Bela Vista da Caroba,PR,4 - Sul,4100,1 - Até 5000,Não,Não,-,-,Não,Não possui transporte coletivo por ônibus,Pendente,,,
4102802,Bela Vista do Paraíso,PR,4 - Sul,14998,3 - 10001 até 20000,Sim,Sim,Sim,Parcialmente adaptada,Sim,Possui ônibus urbano (intramunicipal),Pendente,,,
4102901,Bituruna,PR,4 - Sul,15689,3 - 10001 até 20000,Sim,Sim,Não,Totalmente adaptada,Sim,Possui ônibus urbano (intramunicipal),Pendente,,,
4103008,Boa Esperança,PR,4 - Sul,4622,1 - Até 5000,Sim,Sim,Sim,Totalmente adaptada,Sim,Possui ônibus urbano (intramunicipal),Pendente,,,
4103024,Boa Esperança do Iguaçu,PR,4 - Sul,2448,1 - Até 5000,Não,Não,-,-,Não,Não possui transporte coletivo por ônibus,Pendente,,,
4103040,Boa Ventura de São Roque,PR,4 - Sul,6244,2 - 5001 até 10000,Não,Sim,Não,-,Não,Só ônibus intermunicipal (sem circulação interna),Pendente,,,
4103057,Boa Vista da Aparecida,PR,4 - Sul,8034,2 - 5001 até 10000,Não,Sim,Não,-,Não,Só ônibus intermunicipal (sem circulação interna),Pendente,,,
4103107,Bocaiúva do Sul,PR,4 - Sul,13804,3 - 10001 até 20000,Não,Sim,Sim,-,Sim,Possui ônibus local (via intermunicipal que circula internamente),Pendente,,,
4103156,Bom Jesus do Sul,PR,4 - Sul,4061,1 - Até 5000,Sim,Sim,Sim,Parcialmente adaptada,Sim,Possui ônibus urbano (intramunicipal),Pendente,,,
4103206,Bom Sucesso,PR,4 - Sul,6677,2 - 5001 até 10000,Não,Sim,Sim,-,Sim,Possui ônibus local (via intermunicipal que circula internamente),Pendente,,,
4103222,Bom Sucesso do Sul,PR,4 - Sul,3234,1 - Até 5000,Não,Sim,Não,-,Não,Só ônibus intermunicipal (sem circulação interna),Pendente,,,
4103305,Borrazópolis,PR,4 - Sul,7824,2 - 5001 até 10000,Não,Sim,Não,-,Não,Só ônibus intermunicipal (sem circulação interna),Pendente,,,
4103354,Braganey,PR,4 - Sul,4802,1 - Até 5000,Não,Sim,Não,-,Não,Só ônibus intermunicipal (sem circulação interna),Pendente,,,
4103370,Brasilândia do Sul,PR,4 - Sul,3828,1 - Até 5000,Não,Não,-,-,Não,Não possui transporte coletivo por ônibus,Pendente,,,
4103404,Cafeara,PR,4 - Sul,2655,1 - Até 5000,Não,Sim,Não,-,Não,Só ônibus intermunicipal (sem circulação interna),Pendente,,,
4103453,Cafelândia,PR,4 - Sul,19844,3 - 10001 até 20000,Sim,Não,-,-,Sim,Possui ônibus urbano (intramunicipal),Corrigido,Busca web sobre transporte coletivo urbano em Cafelândia/PR,2026-08-07,"Ônibus urbano coletivo opera em Cafelândia/PR com horários definidos em 3 faixas diárias (6:30-8:30, 10:30-12:30, 15:30-18:30). Diverge do 'Não' do MUNIC 2024."
4103479,Cafezal do Sul,PR,4 - Sul,4561,1 - Até 5000,Não,Sim,Não,-,Não,Só ônibus intermunicipal (sem circulação interna),Pendente,,,
4103503,Califórnia,PR,4 - Sul,8921,2 - 5001 até 10000,Não,Sim,Não,-,Não,Só ônibus intermunicipal (sem circulação interna),Pendente,,,
4103602,Cambará,PR,4 - Sul,23430,4 - 20001 até 50000,Não,Sim,Não,-,Não,Só ônibus intermunicipal (sem circulação interna),Pendente,,,
4103701,Cambé,PR,4 - Sul,111009,6 - 100001 até 500000,Sim,Sim,Sim,Parcialmente adaptada,Sim,Possui ônibus urbano (intramunicipal),Pendente,,,
4103800,Cambira,PR,4 - Sul,9899,2 - 5001 até 10000,Não,Sim,Não,-,Não,Só ônibus intermunicipal (sem circulação interna),Pendente,,,
4103909,Campina da Lagoa,PR,4 - Sul,15979,3 - 10001 até 20000,Não,Sim,Não,-,Não,Só ônibus intermunicipal (sem circulação interna),Pendente,,,
4103958,Campina do Simão,PR,4 - Sul,3973,1 - Até 5000,Não,Não,-,-,Não,Não possui transporte coletivo por ônibus,Pendente,,,
4104006,Campina Grande do Sul,PR,4 - Sul,49971,4 - 20001 até 50000,Sim,Sim,Sim,Parcialmente adaptada,Sim,Possui ônibus urbano (intramunicipal),Pendente,,,
4104055,Campo Bonito,PR,4 - Sul,4032,1 - Até 5000,Não,Sim,Sim,-,Sim,Possui ônibus local (via intermunicipal que circula internamente),Pendente,,,
4104105,Campo do Tenente,PR,4 - Sul,7666,2 - 5001 até 10000,Não,Sim,Sim,-,Sim,Possui ônibus local (via intermunicipal que circula internamente),Pendente,,,
4104204,Campo Largo,PR,4 - Sul,142695,6 - 100001 até 500000,Sim,Sim,Não,Totalmente adaptada,Sim,Possui ônibus urbano (intramunicipal),Pendente,,,
4104253,Campo Magro,PR,4 - Sul,31555,4 - 20001 até 50000,Sim,Sim,Não,Parcialmente adaptada,Sim,Possui ônibus urbano (intramunicipal),Pendente,,,
4104303,Campo Mourão,PR,4 - Sul,103340,6 - 100001 até 500000,Sim,Sim,Sim,Parcialmente adaptada,Sim,Possui ônibus urbano (intramunicipal),Pendente,,,
4104402,Cândido de Abreu,PR,4 - Sul,15255,3 - 10001 até 20000,Não,Sim,Não,-,Não,Só ônibus intermunicipal (sem circulação interna),Pendente,,,
4104428,Candói,PR,4 - Sul,15174,3 - 10001 até 20000,Sim,Sim,Não,Parcialmente adaptada,Sim,Possui ônibus urbano (intramunicipal),Pendente,,,
4104451,Cantagalo,PR,4 - Sul,10799,3 - 10001 até 20000,Sim,Não,-,-,Sim,Possui ônibus urbano (intramunicipal),Corrigido,https://www.serranewsrj.com.br/2026/04/cantagalo-abre-licitacao-para-transporte-com-tarifa-zero.html,2026-08-08,"Prefeitura de Cantagalo/PR abriu licitação de R$16,7 milhões para operar transporte coletivo municipal com tarifa zero, com rotas nomeadas conectando bairros e distritos (São José, Boa Sorte, Santa Rita da Floresta, São Sebastião do Paraíba, BNH, Cantelmo, Campo Alegre). Diverge do 'Não' do MUNIC 2024."
4104501,Capanema,PR,4 - Sul,21022,4 - 20001 até 50000,Sim,Sim,Não,Totalmente adaptada,Sim,Possui ônibus urbano (intramunicipal),Pendente,,,
4104600,Capitão Leônidas Marques,PR,4 - Sul,14796,3 - 10001 até 20000,Sim,Sim,Não,Sem adaptação,Sim,Possui ônibus urbano (intramunicipal),Pendente,,,
4104659,Carambeí,PR,4 - Sul,24159,4 - 20001 até 50000,Sim,Sim,Não,Totalmente adaptada,Sim,Possui ônibus urbano (intramunicipal),Pendente,,,
4104709,Carlópolis,PR,4 - Sul,17567,3 - 10001 até 20000,Sim,Sim,Não,Sem adaptação,Sim,Possui ônibus urbano (intramunicipal),Pendente,,,
4104808,Cascavel,PR,4 - Sul,364104,6 - 100001 até 500000,Sim,Sim,Sim,Totalmente adaptada,Sim,Possui ônibus urbano (intramunicipal),Confirmado,Cidade de grande porte com sistema de transporte público municipal/metropolitano amplamente documentado (prefeitura/consórcio de transporte),2026-08-07,Município de grande população (>280 mil hab.) com sistema de ônibus consolidado e publicamente conhecido; dado do MUNIC 2024 já indicava 'Sim' corretamente.
4104907,Castro,PR,4 - Sul,75291,5 - 50001 até 100000,Sim,Sim,Sim,Parcialmente adaptada,Sim,Possui ônibus urbano (intramunicipal),Pendente,,,
4105003,Catanduvas,PR,4 - Sul,10627,3 - 10001 até 20000,Não,Sim,Sim,-,Sim,Possui ônibus local (via intermunicipal que circula internamente),Pendente,,,
4105102,Centenário do Sul,PR,4 - Sul,10936,3 - 10001 até 20000,Não,Sim,Sim,-,Sim,Possui ônibus local (via intermunicipal que circula internamente),Pendente,,,
4105201,Cerro Azul,PR,4 - Sul,16240,3 - 10001 até 20000,Sim,Sim,Sim,Sem adaptação,Sim,Possui ônibus urbano (intramunicipal),Pendente,,,
4105300,Céu Azul,PR,4 - Sul,11251,3 - 10001 até 20000,Não,Sim,Não,-,Não,Só ônibus intermunicipal (sem circulação interna),Pendente,,,
4105409,Chopinzinho,PR,4 - Sul,21559,4 - 20001 até 50000,Sim,Não,-,Parcialmente adaptada,Sim,Possui ônibus urbano (intramunicipal),Pendente,,,
4105508,Cianorte,PR,4 - Sul,82359,5 - 50001 até 100000,Sim,Sim,Sim,Parcialmente adaptada,Sim,Possui ônibus urbano (intramunicipal),Pendente,,,
4105607,Cidade Gaúcha,PR,4 - Sul,11684,3 - 10001 até 20000,Não,Sim,Não,-,Não,Só ônibus intermunicipal (sem circulação interna),Pendente,,,
4105706,Clevelândia,PR,4 - Sul,14975,3 - 10001 até 20000,Sim,Não,-,-,Sim,Possui ônibus urbano (intramunicipal),Corrigido,https://periodicos.ufcat.edu.br/index.php/espaco/article/view/75165 (estudo sobre Tarifa Zero no Paraná),2026-08-08,Estudo acadêmico específico sobre tarifa zero no transporte público coletivo por ônibus identifica Clevelândia/PR entre os municípios paranaenses com esse sistema implementado. Diverge do 'Não' do MUNIC 2024.
4105805,Colombo,PR,4 - Sul,240720,6 - 100001 até 500000,Sim,Sim,Sim,Parcialmente adaptada,Sim,Possui ônibus urbano (intramunicipal),Pendente,,,
4105904,Colorado,PR,4 - Sul,23278,4 - 20001 até 50000,Sim,Sim,Não,Parcialmente adaptada,Sim,Possui ônibus urbano (intramunicipal),Pendente,,,
4106001,Congonhinhas,PR,4 - Sul,8442,2 - 5001 até 10000,Não,Sim,Sim,-,Sim,Possui ônibus local (via intermunicipal que circula internamente),Pendente,,,
4106100,Conselheiro Mairinck,PR,4 - Sul,3486,1 - Até 5000,Não,Sim,Não,-,Não,Só ônibus intermunicipal (sem circulação interna),Pendente,,,
4106209,Contenda,PR,4 - Sul,19827,3 - 10001 até 20000,Sim,Sim,Sim,Totalmente adaptada,Sim,Possui ônibus urbano (intramunicipal),Pendente,,,
4106308,Corbélia,PR,4 - Sul,17862,3 - 10001 até 20000,Não,Sim,Não,-,Não,Só ônibus intermunicipal (sem circulação interna),Pendente,,,
4106407,Cornélio Procópio,PR,4 - Sul,45830,4 - 20001 até 50000,Sim,Sim,Sim,Parcialmente adaptada,Sim,Possui ônibus urbano (intramunicipal),Pendente,,,
4106456,Coronel Domingos Soares,PR,4 - Sul,5516,2 - 5001 até 10000,Sim,Sim,Sim,Parcialmente adaptada,Sim,Possui ônibus urbano (intramunicipal),Pendente,,,
4106506,Coronel Vivida,PR,4 - Sul,23859,4 - 20001 até 50000,Sim,Sim,Sim,Parcialmente adaptada,Sim,Possui ônibus urbano (intramunicipal),Pendente,,,
4106555,Corumbataí do Sul,PR,4 - Sul,3780,1 - Até 5000,Não,Sim,Não,-,Não,Só ônibus intermunicipal (sem circulação interna),Pendente,,,
4106571,Cruzeiro do Iguaçu,PR,4 - Sul,4171,1 - Até 5000,Não,Sim,Não,-,Não,Só ônibus intermunicipal (sem circulação interna),Pendente,,,
4106605,Cruzeiro do Oeste,PR,4 - Sul,24622,4 - 20001 até 50000,Não,Sim,Sim,-,Sim,Possui ônibus local (via intermunicipal que circula internamente),Pendente,,,
4106704,Cruzeiro do Sul,PR,4 - Sul,4547,1 - Até 5000,Não,Sim,Não,-,Não,Só ônibus intermunicipal (sem circulação interna),Pendente,,,
4106803,Cruz Machado,PR,4 - Sul,15910,3 - 10001 até 20000,Não,Não,-,-,Não,Não possui transporte coletivo por ônibus,Sem fonte encontrada,,2026-08-08,Busca retornou apenas informações sobre rodoviária/transporte intermunicipal; sem confirmação confiável específica. Mantido dado original do MUNIC.
4106852,Cruzmaltina,PR,4 - Sul,2896,1 - Até 5000,Não,Sim,Não,-,Não,Só ônibus intermunicipal (sem circulação interna),Pendente,,,
4106902,Curitiba,PR,4 - Sul,1829225,7 - Maior que 500000,Sim,Sim,Sim,Totalmente adaptada,Sim,Possui ônibus urbano (intramunicipal),Confirmado,Sistema de transporte público municipal amplamente documentado (site da prefeitura/empresa de transporte municipal),2026-08-07,Capital estadual com sistema de ônibus urbano consolidado e publicamente conhecido; dado do MUNIC 2024 já indicava 'Sim' corretamente.
4107009,Curiúva,PR,4 - Sul,13802,3 - 10001 até 20000,Não,Sim,Não,-,Não,Só ônibus intermunicipal (sem circulação interna),Pendente,,,
4107108,Diamante do Norte,PR,4 - Sul,5164,2 - 5001 até 10000,Não,Sim,Não,-,Não,Só ônibus intermunicipal (sem circulação interna),Pendente,,,
4107124,Diamante do Sul,PR,4 - Sul,3170,1 - Até 5000,Não,Não,-,-,Não,Não possui transporte coletivo por ônibus,Pendente,,,
4107157,Diamante DOeste,PR,4 - Sul,4557,1 - Até 5000,Não,Sim,Não,-,Não,Só ônibus intermunicipal (sem circulação interna),Pendente,,,
4107207,Dois Vizinhos,PR,4 - Sul,47014,4 - 20001 até 50000,Sim,Sim,Sim,Parcialmente adaptada,Sim,Possui ônibus urbano (intramunicipal),Pendente,,,
4107256,Douradina,PR,4 - Sul,9525,2 - 5001 até 10000,Não,Sim,Não,-,Não,Só ônibus intermunicipal (sem circulação interna),Pendente,,,
4107306,Doutor Camargo,PR,4 - Sul,6484,2 - 5001 até 10000,Não,Sim,Não,-,Não,Só ônibus intermunicipal (sem circulação interna),Pendente,,,
4107405,Enéas Marques,PR,4 - Sul,6070,2 - 5001 até 10000,Não,Sim,Sim,-,Sim,Possui ônibus local (via intermunicipal que circula internamente),Pendente,,,
4107504,Engenheiro Beltrão,PR,4 - Sul,12431,3 - 10001 até 20000,Sim,Sim,Não,Parcialmente adaptada,Sim,Possui ônibus urbano (intramunicipal),Pendente,,,
4107520,Esperança Nova,PR,4 - Sul,1858,1 - Até 5000,Não,Não,-,-,Não,Não possui transporte coletivo por ônibus,Pendente,,,
4107538,Entre Rios do Oeste,PR,4 - Sul,4729,1 - Até 5000,Não,Sim,Não,-,Não,Só ônibus intermunicipal (sem circulação interna),Pendente,,,
4107546,Espigão Alto do Iguaçu,PR,4 - Sul,4881,1 - Até 5000,Não,Não,-,-,Não,Não possui transporte coletivo por ônibus,Sem fonte encontrada,Buscas retornaram apenas rodoviária intermunicipal (Espigão Alto do Iguaçu-PR),2026-08-13,Nenhuma evidência específica de ônibus urbano intramunicipal encontrada
4107553,Farol,PR,4 - Sul,3023,1 - Até 5000,Sim,Sim,Sim,Parcialmente adaptada,Sim,Possui ônibus urbano (intramunicipal),Pendente,,,
4107603,Faxinal,PR,4 - Sul,16618,3 - 10001 até 20000,Não,Não,-,-,Não,Não possui transporte coletivo por ônibus,Sem fonte encontrada,,2026-08-08,Apenas informações sobre transporte de pacientes e intermunicipal; sem confirmação específica de ônibus urbano regular. Mantido dado original do MUNIC.
4107652,Fazenda Rio Grande,PR,4 - Sul,161506,6 - 100001 até 500000,Sim,Sim,Não,Parcialmente adaptada,Sim,Possui ônibus urbano (intramunicipal),Pendente,,,
4107702,Fênix,PR,4 - Sul,4512,1 - Até 5000,Não,Sim,Não,-,Não,Só ônibus intermunicipal (sem circulação interna),Pendente,,,
4107736,Fernandes Pinheiro,PR,4 - Sul,6387,2 - 5001 até 10000,Não,Sim,Não,-,Não,Só ônibus intermunicipal (sem circulação interna),Pendente,,,
4107751,Figueira,PR,4 - Sul,8144,2 - 5001 até 10000,Não,Sim,Não,-,Não,Só ônibus intermunicipal (sem circulação interna),Pendente,,,
4107801,Floraí,PR,4 - Sul,4825,1 - Até 5000,Sim,Sim,Sim,Parcialmente adaptada,Sim,Possui ônibus urbano (intramunicipal),Pendente,,,
4107850,Flor da Serra do Sul,PR,4 - Sul,4367,1 - Até 5000,Não,Sim,Não,-,Não,Só ônibus intermunicipal (sem circulação interna),Pendente,,,
4107900,Floresta,PR,4 - Sul,11226,3 - 10001 até 20000,Não,Sim,Sim,-,Sim,Possui ônibus local (via intermunicipal que circula internamente),Pendente,,,
4108007,Florestópolis,PR,4 - Sul,11639,3 - 10001 até 20000,Não,Sim,Não,-,Não,Só ônibus intermunicipal (sem circulação interna),Pendente,,,
4108106,Flórida,PR,4 - Sul,2704,1 - Até 5000,Não,Sim,Não,-,Não,Só ônibus intermunicipal (sem circulação interna),Pendente,,,
4108205,Formosa do Oeste,PR,4 - Sul,7756,2 - 5001 até 10000,Não,Não,-,-,Não,Não possui transporte coletivo por ônibus,Sem fonte encontrada,"Resultados majoritariamente sobre Formosa-GO (homônimo), nada específico sobre Formosa do Oeste-PR",2026-08-10,"Confusão com município homônimo em GO, sem evidência válida"
4108304,Foz do Iguaçu,PR,4 - Sul,295500,6 - 100001 até 500000,Sim,Sim,Não,Totalmente adaptada,Sim,Possui ônibus urbano (intramunicipal),Confirmado,Cidade de grande porte com sistema de transporte público municipal/metropolitano amplamente documentado (prefeitura/consórcio de transporte),2026-08-07,Município de grande população (>280 mil hab.) com sistema de ônibus consolidado e publicamente conhecido; dado do MUNIC 2024 já indicava 'Sim' corretamente.
4108320,Francisco Alves,PR,4 - Sul,8464,2 - 5001 até 10000,Não,Sim,Não,-,Não,Só ônibus intermunicipal (sem circulação interna),Pendente,,,
4108403,Francisco Beltrão,PR,4 - Sul,101302,6 - 100001 até 500000,Sim,Sim,Sim,Totalmente adaptada,Sim,Possui ônibus urbano (intramunicipal),Pendente,,,
4108452,Foz do Jordão,PR,4 - Sul,4925,1 - Até 5000,Não,Sim,Não,-,Não,Só ônibus intermunicipal (sem circulação interna),Pendente,,,
4108502,General Carneiro,PR,4 - Sul,10861,3 - 10001 até 20000,Não,Sim,Não,-,Não,Só ônibus intermunicipal (sem circulação interna),Pendente,,,
4108551,Godoy Moreira,PR,4 - Sul,2970,1 - Até 5000,Não,Não,-,-,Não,Não possui transporte coletivo por ônibus,Pendente,,,
4108601,Goioerê,PR,4 - Sul,28970,4 - 20001 até 50000,Sim,Sim,Não,Totalmente adaptada,Sim,Possui ônibus urbano (intramunicipal),Pendente,,,
4108650,Goioxim,PR,4 - Sul,6531,2 - 5001 até 10000,Não,Não,-,-,Não,Não possui transporte coletivo por ônibus,Sem fonte encontrada,Nenhuma informação específica sobre ônibus urbano em Goioxim-PR,2026-08-10,Nenhuma evidência específica encontrada
4108700,Grandes Rios,PR,4 - Sul,5586,2 - 5001 até 10000,Não,Não,-,-,Não,Não possui transporte coletivo por ônibus,Sem fonte encontrada,Buscas retornaram apenas transporte intermunicipal/turístico (Grandes Rios-PR),2026-08-11,Nenhuma evidência específica de ônibus urbano intramunicipal encontrada
4108809,Guaíra,PR,4 - Sul,32966,4 - 20001 até 50000,Sim,Sim,Sim,Totalmente adaptada,Sim,Possui ônibus urbano (intramunicipal),Pendente,,,
4108908,Guairaçá,PR,4 - Sul,6733,2 - 5001 até 10000,Não,Sim,Não,-,Não,Só ônibus intermunicipal (sem circulação interna),Pendente,,,
4108957,Guamiranga,PR,4 - Sul,7961,2 - 5001 até 10000,Sim,Sim,Sim,Parcialmente adaptada,Sim,Possui ônibus urbano (intramunicipal),Pendente,,,
4109005,Guapirama,PR,4 - Sul,4792,1 - Até 5000,Não,Não,-,-,Não,Não possui transporte coletivo por ônibus,Sem fonte encontrada,Buscas retornaram apenas rodoviária intermunicipal (Guapirama-PR),2026-08-13,Nenhuma evidência específica de ônibus urbano intramunicipal encontrada
4109104,Guaporema,PR,4 - Sul,2217,1 - Até 5000,Não,Sim,Não,-,Não,Só ônibus intermunicipal (sem circulação interna),Pendente,,,
4109203,Guaraci,PR,4 - Sul,4762,1 - Até 5000,Não,Sim,Não,-,Não,Só ônibus intermunicipal (sem circulação interna),Pendente,,,
4109302,Guaraniaçu,PR,4 - Sul,13814,3 - 10001 até 20000,Não,Não,-,-,Não,Não possui transporte coletivo por ônibus,Confirmado,Busca web sobre mobilidade em Guaraniaçu/PR,2026-08-08,Confirmado explicitamente: 'Não há um sistema de transporte público urbano extensivo em Guaraniaçu'; cidade depende do terminal rodoviário intermunicipal.
4109401,Guarapuava,PR,4 - Sul,188710,6 - 100001 até 500000,Sim,Sim,Sim,Totalmente adaptada,Sim,Possui ônibus urbano (intramunicipal),Pendente,,,
4109500,Guaraqueçaba,PR,4 - Sul,7474,2 - 5001 até 10000,Sim,Sim,Sim,Sem adaptação,Sim,Possui ônibus urbano (intramunicipal),Pendente,,,
4109609,Guaratuba,PR,4 - Sul,44323,4 - 20001 até 50000,Sim,Sim,Não,Totalmente adaptada,Sim,Possui ônibus urbano (intramunicipal),Pendente,,,
4109658,Honório Serpa,PR,4 - Sul,4872,1 - Até 5000,Não,Sim,Não,-,Não,Só ônibus intermunicipal (sem circulação interna),Pendente,,,
4109708,Ibaiti,PR,4 - Sul,29440,4 - 20001 até 50000,Sim,Sim,Sim,Totalmente adaptada,Sim,Possui ônibus urbano (intramunicipal),Pendente,,,
4109757,Ibema,PR,4 - Sul,6327,2 - 5001 até 10000,Não,Sim,Não,-,Não,Só ônibus intermunicipal (sem circulação interna),Pendente,,,
4109807,Ibiporã,PR,4 - Sul,53054,5 - 50001 até 100000,Sim,Sim,Sim,Parcialmente adaptada,Sim,Possui ônibus urbano (intramunicipal),Pendente,,,
4109906,Icaraíma,PR,4 - Sul,9139,2 - 5001 até 10000,Não,Sim,Sim,-,Sim,Possui ônibus local (via intermunicipal que circula internamente),Pendente,,,
4110003,Iguaraçu,PR,4 - Sul,5599,2 - 5001 até 10000,Não,Sim,Não,-,Não,Só ônibus intermunicipal (sem circulação interna),Pendente,,,
4110052,Iguatu,PR,4 - Sul,2162,1 - Até 5000,Não,Sim,Não,-,Não,Só ônibus intermunicipal (sem circulação interna),Pendente,,,
4110078,Imbaú,PR,4 - Sul,14815,3 - 10001 até 20000,Não,Sim,Sim,-,Sim,Possui ônibus local (via intermunicipal que circula internamente),Pendente,,,
4110102,Imbituva,PR,4 - Sul,30757,4 - 20001 até 50000,Não,Sim,Sim,-,Sim,Possui ônibus local (via intermunicipal que circula internamente),Pendente,,,
4110201,Inácio Martins,PR,4 - Sul,9633,2 - 5001 até 10000,Sim,Sim,Não,Parcialmente adaptada,Sim,Possui ônibus urbano (intramunicipal),Pendente,,,
4110300,Inajá,PR,4 - Sul,2510,1 - Até 5000,Não,Não,-,-,Não,Não possui transporte coletivo por ônibus,Pendente,,,
4110409,Indianópolis,PR,4 - Sul,4531,1 - Até 5000,Não,Sim,Não,-,Não,Só ônibus intermunicipal (sem circulação interna),Pendente,,,
4110508,Ipiranga,PR,4 - Sul,14338,3 - 10001 até 20000,Não,Sim,Não,-,Não,Só ônibus intermunicipal (sem circulação interna),Pendente,,,
4110607,Iporã,PR,4 - Sul,16062,3 - 10001 até 20000,Não,Sim,Não,-,Não,Só ônibus intermunicipal (sem circulação interna),Pendente,,,
4110656,Iracema do Oeste,PR,4 - Sul,2344,1 - Até 5000,Não,Não,-,-,Não,Não possui transporte coletivo por ônibus,Pendente,,,
4110706,Irati,PR,4 - Sul,60796,5 - 50001 até 100000,Sim,Sim,Sim,Sem adaptação,Sim,Possui ônibus urbano (intramunicipal),Pendente,,,
4110805,Iretama,PR,4 - Sul,10843,3 - 10001 até 20000,Não,Sim,Sim,-,Sim,Possui ônibus local (via intermunicipal que circula internamente),Pendente,,,
4110904,Itaguajé,PR,4 - Sul,4532,1 - Até 5000,Não,Sim,Não,-,Não,Só ônibus intermunicipal (sem circulação interna),Pendente,,,
4110953,Itaipulândia,PR,4 - Sul,11984,3 - 10001 até 20000,Não,Sim,Não,-,Não,Só ônibus intermunicipal (sem circulação interna),Pendente,,,
4111001,Itambaracá,PR,4 - Sul,5874,2 - 5001 até 10000,Não,Não,-,-,Não,Não possui transporte coletivo por ônibus,Sem fonte encontrada,Menção a 'serviços alcançaram o perímetro urbano de Itambaracá' é vaga e sem fonte específica citável (Itambaracá-PR),2026-08-10,"Evidência vaga/não rastreável a fonte específica, tratada como não confiável"
4111100,Itambé,PR,4 - Sul,6215,2 - 5001 até 10000,Não,Sim,Sim,-,Sim,Possui ônibus local (via intermunicipal que circula internamente),Pendente,,,
4111209,Itapejara dOeste,PR,4 - Sul,12766,3 - 10001 até 20000,Não,Sim,Não,-,Não,Só ônibus intermunicipal (sem circulação interna),Pendente,,,
4111258,Itaperuçu,PR,4 - Sul,32890,4 - 20001 até 50000,Sim,Sim,Sim,Parcialmente adaptada,Sim,Possui ônibus urbano (intramunicipal),Pendente,,,
4111308,Itaúna do Sul,PR,4 - Sul,3620,1 - Até 5000,Não,Não,-,-,Não,Não possui transporte coletivo por ônibus,Pendente,,,
4111407,Ivaí,PR,4 - Sul,13473,3 - 10001 até 20000,Sim,Sim,Sim,Sem adaptação,Sim,Possui ônibus urbano (intramunicipal),Pendente,,,
4111506,Ivaiporã,PR,4 - Sul,33529,4 - 20001 até 50000,Sim,Sim,Sim,Parcialmente adaptada,Sim,Possui ônibus urbano (intramunicipal),Pendente,,,
4111555,Ivaté,PR,4 - Sul,6833,2 - 5001 até 10000,Sim,Sim,Sim,Parcialmente adaptada,Sim,Possui ônibus urbano (intramunicipal),Pendente,,,
4111605,Ivatuba,PR,4 - Sul,2705,1 - Até 5000,Não,Sim,Sim,-,Sim,Possui ônibus local (via intermunicipal que circula internamente),Pendente,,,
4111704,Jaboti,PR,4 - Sul,5576,2 - 5001 até 10000,Não,Sim,Não,-,Não,Só ônibus intermunicipal (sem circulação interna),Pendente,,,
4111803,Jacarezinho,PR,4 - Sul,41400,4 - 20001 até 50000,Sim,Sim,Sim,Parcialmente adaptada,Sim,Possui ônibus urbano (intramunicipal),Pendente,,,
4111902,Jaguapitã,PR,4 - Sul,15719,3 - 10001 até 20000,Não,Sim,Não,-,Não,Só ônibus intermunicipal (sem circulação interna),Pendente,,,
4112009,Jaguariaíva,PR,4 - Sul,36231,4 - 20001 até 50000,Sim,Sim,Sim,Parcialmente adaptada,Sim,Possui ônibus urbano (intramunicipal),Pendente,,,
4112108,Jandaia do Sul,PR,4 - Sul,21851,4 - 20001 até 50000,Não,Sim,Sim,-,Sim,Possui ônibus local (via intermunicipal que circula internamente),Pendente,,,
4112207,Janiópolis,PR,4 - Sul,5835,2 - 5001 até 10000,Não,Sim,Não,-,Não,Só ônibus intermunicipal (sem circulação interna),Pendente,,,
4112306,Japira,PR,4 - Sul,5060,2 - 5001 até 10000,Não,Sim,Não,-,Não,Só ônibus intermunicipal (sem circulação interna),Pendente,,,
4112405,Japurá,PR,4 - Sul,9354,2 - 5001 até 10000,Não,Sim,Não,-,Não,Só ônibus intermunicipal (sem circulação interna),Pendente,,,
4112504,Jardim Alegre,PR,4 - Sul,12130,3 - 10001 até 20000,Não,Sim,Não,-,Não,Só ônibus intermunicipal (sem circulação interna),Pendente,,,
4112603,Jardim Olinda,PR,4 - Sul,1353,1 - Até 5000,Não,Não,-,-,Não,Não possui transporte coletivo por ônibus,Pendente,,,
4112702,Jataizinho,PR,4 - Sul,11971,3 - 10001 até 20000,Não,Sim,Sim,-,Sim,Possui ônibus local (via intermunicipal que circula internamente),Pendente,,,
4112751,Jesuítas,PR,4 - Sul,10860,3 - 10001 até 20000,Não,Não,-,-,Não,Não possui transporte coletivo por ônibus,Sem fonte encontrada,,2026-08-08,Busca retornou apenas informações sobre rodoviária/transporte intermunicipal; sem confirmação confiável específica de ônibus urbano. Mantido dado original do MUNIC.
4112801,Joaquim Távora,PR,4 - Sul,12280,3 - 10001 até 20000,Sim,Sim,Sim,Sem adaptação,Sim,Possui ônibus urbano (intramunicipal),Pendente,,,
4112900,Jundiaí do Sul,PR,4 - Sul,3366,1 - Até 5000,Não,Sim,Sim,-,Sim,Possui ônibus local (via intermunicipal que circula internamente),Pendente,,,
4112959,Juranda,PR,4 - Sul,7898,2 - 5001 até 10000,Não,Sim,Não,-,Não,Só ônibus intermunicipal (sem circulação interna),Pendente,,,
4113007,Jussara,PR,4 - Sul,6795,2 - 5001 até 10000,Não,Sim,Não,-,Não,Só ônibus intermunicipal (sem circulação interna),Pendente,,,
4113106,Kaloré,PR,4 - Sul,4657,1 - Até 5000,Não,Sim,Não,-,Não,Só ônibus intermunicipal (sem circulação interna),Pendente,,,
4113205,Lapa,PR,4 - Sul,45857,4 - 20001 até 50000,Sim,Sim,Não,Totalmente adaptada,Sim,Possui ônibus urbano (intramunicipal),Pendente,,,
4113254,Laranjal,PR,4 - Sul,5575,2 - 5001 até 10000,Não,Não,-,-,Não,Não possui transporte coletivo por ônibus,Sem fonte encontrada,"Resultados majoritariamente confundidos com Laranjal Paulista-SP e bairro Laranjal em Pelotas-RS, nada específico sobre Laranjal-PR",2026-08-11,"Confusão com municípios/bairros homônimos, sem evidência válida"
4113304,Laranjeiras do Sul,PR,4 - Sul,33103,4 - 20001 até 50000,Sim,Sim,Sim,Parcialmente adaptada,Sim,Possui ônibus urbano (intramunicipal),Pendente,,,
4113403,Leópolis,PR,4 - Sul,3751,1 - Até 5000,Não,Não,-,-,Não,Não possui transporte coletivo por ônibus,Pendente,,,
4113429,Lidianópolis,PR,4 - Sul,3989,1 - Até 5000,Sim,Sim,Sim,Sem adaptação,Sim,Possui ônibus urbano (intramunicipal),Pendente,,,
4113452,Lindoeste,PR,4 - Sul,5226,2 - 5001 até 10000,Não,Sim,Não,-,Não,Só ônibus intermunicipal (sem circulação interna),Pendente,,,
4113502,Loanda,PR,4 - Sul,23813,4 - 20001 até 50000,Não,Sim,Não,-,Não,Só ônibus intermunicipal (sem circulação interna),Pendente,,,
4113601,Lobato,PR,4 - Sul,4693,1 - Até 5000,Não,Sim,Sim,-,Sim,Possui ônibus local (via intermunicipal que circula internamente),Pendente,,,
4113700,Londrina,PR,4 - Sul,577318,7 - Maior que 500000,Sim,Sim,Não,Totalmente adaptada,Sim,Possui ônibus urbano (intramunicipal),Confirmado,Cidade de grande porte com sistema de transporte público municipal/metropolitano amplamente documentado (prefeitura/consórcio de transporte),2026-08-07,Município de grande população (>280 mil hab.) com sistema de ônibus consolidado e publicamente conhecido; dado do MUNIC 2024 já indicava 'Sim' corretamente.
4113734,Luiziana,PR,4 - Sul,6696,2 - 5001 até 10000,Não,Sim,Não,-,Não,Só ônibus intermunicipal (sem circulação interna),Pendente,,,
4113759,Lunardelli,PR,4 - Sul,4902,1 - Até 5000,Não,Sim,Não,-,Não,Só ônibus intermunicipal (sem circulação interna),Pendente,,,
4113809,Lupionópolis,PR,4 - Sul,4911,1 - Até 5000,Não,Sim,Não,-,Não,Só ônibus intermunicipal (sem circulação interna),Pendente,,,
4113908,Mallet,PR,4 - Sul,13655,3 - 10001 até 20000,Não,Sim,Sim,-,Sim,Possui ônibus local (via intermunicipal que circula internamente),Pendente,,,
4114005,Mamborê,PR,4 - Sul,13572,3 - 10001 até 20000,Não,Não,-,-,Não,Não possui transporte coletivo por ônibus,Sem fonte encontrada,,2026-08-08,Busca retornou apenas informações sobre rodoviária/transporte intermunicipal/regional; sem confirmação confiável específica de circulação urbana interna. Mantido dado original do MUNIC.
4114104,Mandaguaçu,PR,4 - Sul,33752,4 - 20001 até 50000,Não,Sim,Não,-,Não,Só ônibus intermunicipal (sem circulação interna),Pendente,,,
4114203,Mandaguari,PR,4 - Sul,38050,4 - 20001 até 50000,Sim,Sim,Não,Totalmente adaptada,Sim,Possui ônibus urbano (intramunicipal),Pendente,,,
4114302,Mandirituba,PR,4 - Sul,28761,4 - 20001 até 50000,Sim,Sim,Sim,Sem adaptação,Sim,Possui ônibus urbano (intramunicipal),Pendente,,,
4114351,Manfrinópolis,PR,4 - Sul,2761,1 - Até 5000,Não,Sim,Não,-,Não,Só ônibus intermunicipal (sem circulação interna),Pendente,,,
4114401,Mangueirinha,PR,4 - Sul,16764,3 - 10001 até 20000,Não,Sim,Não,-,Não,Só ônibus intermunicipal (sem circulação interna),Pendente,,,
4114500,Manoel Ribas,PR,4 - Sul,14576,3 - 10001 até 20000,Não,Não,-,-,Não,Não possui transporte coletivo por ônibus,Sem fonte encontrada,,2026-08-08,Busca retornou apenas informações sobre rodoviária/transporte intermunicipal ou localidades homônimas; sem confirmação confiável específica. Mantido dado original do MUNIC.
4114609,Marechal Cândido Rondon,PR,4 - Sul,58140,5 - 50001 até 100000,Sim,Sim,Sim,Parcialmente adaptada,Sim,Possui ônibus urbano (intramunicipal),Pendente,,,
4114708,Maria Helena,PR,4 - Sul,5935,2 - 5001 até 10000,Não,Sim,Não,-,Não,Só ônibus intermunicipal (sem circulação interna),Pendente,,,
4114807,Marialva,PR,4 - Sul,44098,4 - 20001 até 50000,Sim,Sim,Não,Totalmente adaptada,Sim,Possui ônibus urbano (intramunicipal),Pendente,,,
4114906,Marilândia do Sul,PR,4 - Sul,8774,2 - 5001 até 10000,Não,Sim,Sim,-,Sim,Possui ônibus local (via intermunicipal que circula internamente),Pendente,,,
4115002,Marilena,PR,4 - Sul,7409,2 - 5001 até 10000,Não,Sim,Não,-,Não,Só ônibus intermunicipal (sem circulação interna),Pendente,,,
4115101,Mariluz,PR,4 - Sul,9934,2 - 5001 até 10000,Não,Sim,Não,-,Não,Só ônibus intermunicipal (sem circulação interna),Pendente,,,
4115200,Maringá,PR,4 - Sul,425983,6 - 100001 até 500000,Sim,Sim,Sim,Totalmente adaptada,Sim,Possui ônibus urbano (intramunicipal),Confirmado,Cidade de grande porte com sistema de transporte público municipal/metropolitano amplamente documentado (prefeitura/consórcio de transporte),2026-08-07,Município de grande população (>280 mil hab.) com sistema de ônibus consolidado e publicamente conhecido; dado do MUNIC 2024 já indicava 'Sim' corretamente.
4115309,Mariópolis,PR,4 - Sul,6475,2 - 5001 até 10000,Não,Sim,Não,-,Não,Só ônibus intermunicipal (sem circulação interna),Pendente,,,
4115358,Maripá,PR,4 - Sul,6767,2 - 5001 até 10000,Não,Sim,Não,-,Não,Só ônibus intermunicipal (sem circulação interna),Pendente,,,
4115408,Marmeleiro,PR,4 - Sul,16386,3 - 10001 até 20000,Não,Sim,Não,-,Não,Só ônibus intermunicipal (sem circulação interna),Pendente,,,
4115457,Marquinho,PR,4 - Sul,4521,1 - Até 5000,Sim,Sim,Não,Parcialmente adaptada,Sim,Possui ônibus urbano (intramunicipal),Pendente,,,
4115507,Marumbi,PR,4 - Sul,4778,1 - Até 5000,Não,Sim,Não,-,Não,Só ônibus intermunicipal (sem circulação interna),Pendente,,,
4115606,Matelândia,PR,4 - Sul,19022,3 - 10001 até 20000,Sim,Não,-,-,Sim,Possui ônibus urbano (intramunicipal),Corrigido,https://triceleads.com/segmentos/transporte-municipal-de-passageiros/matelandia,2026-08-07,Empresa EUCATUR opera transporte rodoviário coletivo de passageiros com itinerário fixo municipal em Matelândia/PR. Diverge do 'Não' do MUNIC 2024.
4115705,Matinhos,PR,4 - Sul,41416,4 - 20001 até 50000,Sim,Sim,Sim,Totalmente adaptada,Sim,Possui ônibus urbano (intramunicipal),Pendente,,,
4115739,Mato Rico,PR,4 - Sul,3237,1 - Até 5000,Não,Não,-,-,Não,Não possui transporte coletivo por ônibus,Pendente,,,
4115754,Mauá da Serra,PR,4 - Sul,9628,2 - 5001 até 10000,Não,Sim,Sim,-,Sim,Possui ônibus local (via intermunicipal que circula internamente),Pendente,,,
4115804,Medianeira,PR,4 - Sul,57120,5 - 50001 até 100000,Sim,Sim,Não,Totalmente adaptada,Sim,Possui ônibus urbano (intramunicipal),Pendente,,,
4115853,Mercedes,PR,4 - Sul,6136,2 - 5001 até 10000,Não,Sim,Não,-,Não,Só ônibus intermunicipal (sem circulação interna),Pendente,,,
4115903,Mirador,PR,4 - Sul,2258,1 - Até 5000,Não,Não,-,-,Não,Não possui transporte coletivo por ônibus,Pendente,,,
4116000,Miraselva,PR,4 - Sul,2008,1 - Até 5000,Não,Sim,Não,-,Não,Só ônibus intermunicipal (sem circulação interna),Pendente,,,
4116059,Missal,PR,4 - Sul,11301,3 - 10001 até 20000,Não,Sim,Sim,-,Sim,Possui ônibus local (via intermunicipal que circula internamente),Pendente,,,
4116109,Moreira Sales,PR,4 - Sul,11137,3 - 10001 até 20000,Não,Não,-,-,Não,Não possui transporte coletivo por ônibus,Sem fonte encontrada,,2026-08-08,Apenas rodoviária intermunicipal; sem fonte específica sobre ônibus urbano. Mantido dado original do MUNIC.
4116208,Morretes,PR,4 - Sul,18908,3 - 10001 até 20000,Sim,Sim,Sim,Totalmente adaptada,Sim,Possui ônibus urbano (intramunicipal),Pendente,,,
4116307,Munhoz de Melo,PR,4 - Sul,4045,1 - Até 5000,Não,Sim,Não,-,Não,Só ônibus intermunicipal (sem circulação interna),Pendente,,,
4116406,Nossa Senhora das Graças,PR,4 - Sul,3685,1 - Até 5000,Não,Sim,Não,-,Não,Só ônibus intermunicipal (sem circulação interna),Pendente,,,
4116505,Nova Aliança do Ivaí,PR,4 - Sul,1327,1 - Até 5000,Não,Não,-,-,Não,Não possui transporte coletivo por ônibus,Pendente,,,
4116604,Nova América da Colina,PR,4 - Sul,3299,1 - Até 5000,Não,Sim,Sim,-,Sim,Possui ônibus local (via intermunicipal que circula internamente),Pendente,,,
4116703,Nova Aurora,PR,4 - Sul,14219,3 - 10001 até 20000,Não,Não,-,-,Não,Não possui transporte coletivo por ônibus,Sem fonte encontrada,,2026-08-08,Busca retornou apenas informações sobre rodoviária/transporte intermunicipal ou texto genérico de baixa confiabilidade; sem confirmação confiável específica. Mantido dado original do MUNIC.
4116802,Nova Cantu,PR,4 - Sul,6799,2 - 5001 até 10000,Não,Sim,Não,-,Não,Só ônibus intermunicipal (sem circulação interna),Pendente,,,
4116901,Nova Esperança,PR,4 - Sul,27142,4 - 20001 até 50000,Sim,Sim,Não,Totalmente adaptada,Sim,Possui ônibus urbano (intramunicipal),Pendente,,,
4116950,Nova Esperança do Sudoeste,PR,4 - Sul,5744,2 - 5001 até 10000,Não,Sim,Não,-,Não,Só ônibus intermunicipal (sem circulação interna),Pendente,,,
4117008,Nova Fátima,PR,4 - Sul,7201,2 - 5001 até 10000,Não,Sim,Sim,-,Sim,Possui ônibus local (via intermunicipal que circula internamente),Pendente,,,
4117057,Nova Laranjeiras,PR,4 - Sul,12287,3 - 10001 até 20000,Não,Não,-,-,Não,Não possui transporte coletivo por ônibus,Sem fonte encontrada,,2026-08-08,Apenas rodoviária intermunicipal; sem fonte específica sobre ônibus urbano. Mantido dado original do MUNIC.
4117107,Nova Londrina,PR,4 - Sul,13085,3 - 10001 até 20000,Não,Sim,Não,-,Não,Só ônibus intermunicipal (sem circulação interna),Pendente,,,
4117206,Nova Olímpia,PR,4 - Sul,5960,2 - 5001 até 10000,Não,Não,-,-,Não,Não possui transporte coletivo por ônibus,Sem fonte encontrada,"Resultados majoritariamente confundidos com Olímpia-SP (homônimo parcial), apenas rodoviária específica sobre Nova Olímpia-PR",2026-08-10,"Confusão com Olímpia-SP, sem evidência válida"
4117214,Nova Santa Bárbara,PR,4 - Sul,4280,1 - Até 5000,Não,Não,-,-,Não,Não possui transporte coletivo por ônibus,Pendente,,,
4117222,Nova Santa Rosa,PR,4 - Sul,8535,2 - 5001 até 10000,Não,Sim,Não,-,Não,Só ônibus intermunicipal (sem circulação interna),Pendente,,,
4117255,Nova Prata do Iguaçu,PR,4 - Sul,13196,3 - 10001 até 20000,Não,Sim,Não,-,Não,Só ônibus intermunicipal (sem circulação interna),Pendente,,,
4117271,Nova Tebas,PR,4 - Sul,6870,2 - 5001 até 10000,Não,Sim,Não,-,Não,Só ônibus intermunicipal (sem circulação interna),Pendente,,,
4117297,Novo Itacolomi,PR,4 - Sul,3210,1 - Até 5000,Não,Não,-,-,Não,Não possui transporte coletivo por ônibus,Pendente,,,
4117305,Ortigueira,PR,4 - Sul,24627,4 - 20001 até 50000,Sim,Sim,Sim,Parcialmente adaptada,Sim,Possui ônibus urbano (intramunicipal),Pendente,,,
4117404,Ourizona,PR,4 - Sul,3206,1 - Até 5000,Não,Sim,Sim,-,Sim,Possui ônibus local (via intermunicipal que circula internamente),Pendente,,,
4117453,Ouro Verde do Oeste,PR,4 - Sul,7031,2 - 5001 até 10000,Sim,Sim,Não,Parcialmente adaptada,Sim,Possui ônibus urbano (intramunicipal),Pendente,,,
4117503,Paiçandu,PR,4 - Sul,48207,4 - 20001 até 50000,Não,Sim,Sim,-,Sim,Possui ônibus local (via intermunicipal que circula internamente),Pendente,,,
4117602,Palmas,PR,4 - Sul,49891,4 - 20001 até 50000,Sim,Sim,Não,Parcialmente adaptada,Sim,Possui ônibus urbano (intramunicipal),Pendente,,,
4117701,Palmeira,PR,4 - Sul,34806,4 - 20001 até 50000,Não,Sim,Não,-,Não,Só ônibus intermunicipal (sem circulação interna),Pendente,,,
4117800,Palmital,PR,4 - Sul,12967,3 - 10001 até 20000,Sim,Sim,Sim,Parcialmente adaptada,Sim,Possui ônibus urbano (intramunicipal),Pendente,,,
4117909,Palotina,PR,4 - Sul,36623,4 - 20001 até 50000,Sim,Sim,Sim,Parcialmente adaptada,Sim,Possui ônibus urbano (intramunicipal),Pendente,,,
4118006,Paraíso do Norte,PR,4 - Sul,13634,3 - 10001 até 20000,Não,Sim,Não,-,Não,Só ônibus intermunicipal (sem circulação interna),Pendente,,,
4118105,Paranacity,PR,4 - Sul,9597,2 - 5001 até 10000,Não,Sim,Não,-,Não,Só ônibus intermunicipal (sem circulação interna),Pendente,,,
4118204,Paranaguá,PR,4 - Sul,149819,6 - 100001 até 500000,Sim,Sim,Não,Totalmente adaptada,Sim,Possui ônibus urbano (intramunicipal),Pendente,,,
4118303,Paranapoema,PR,4 - Sul,2378,1 - Até 5000,Não,Não,-,-,Não,Não possui transporte coletivo por ônibus,Pendente,,,
4118402,Paranavaí,PR,4 - Sul,95525,5 - 50001 até 100000,Sim,Sim,Não,Parcialmente adaptada,Sim,Possui ônibus urbano (intramunicipal),Pendente,,,
4118451,Pato Bragado,PR,4 - Sul,5939,2 - 5001 até 10000,Não,Sim,Não,-,Não,Só ônibus intermunicipal (sem circulação interna),Pendente,,,
4118501,Pato Branco,PR,4 - Sul,96602,5 - 50001 até 100000,Sim,Sim,Não,Totalmente adaptada,Sim,Possui ônibus urbano (intramunicipal),Pendente,,,
4118600,Paula Freitas,PR,4 - Sul,5778,2 - 5001 até 10000,Sim,Não,-,Parcialmente adaptada,Sim,Possui ônibus urbano (intramunicipal),Pendente,,,
4118709,Paulo Frontin,PR,4 - Sul,6369,2 - 5001 até 10000,Não,Sim,Não,-,Não,Só ônibus intermunicipal (sem circulação interna),Pendente,,,
4118808,Peabiru,PR,4 - Sul,13496,3 - 10001 até 20000,Sim,Sim,Não,Parcialmente adaptada,Sim,Possui ônibus urbano (intramunicipal),Pendente,,,
4118857,Perobal,PR,4 - Sul,7496,2 - 5001 até 10000,Não,Sim,Não,-,Não,Só ônibus intermunicipal (sem circulação interna),Pendente,,,
4118907,Pérola,PR,4 - Sul,12275,3 - 10001 até 20000,Não,Sim,Não,-,Não,Só ônibus intermunicipal (sem circulação interna),Pendente,,,
4119004,Pérola dOeste,PR,4 - Sul,6235,2 - 5001 até 10000,Não,Não,-,-,Não,Não possui transporte coletivo por ônibus,Sem fonte encontrada,"'Pérola do Oeste' que opera transporte coletivo é bairro/empresa de Guarapuava-PR, não o município Pérola d'Oeste-PR (homônimo/confusão)",2026-08-10,Confusão com bairro/empresa homônima de Guarapuava-PR
4119103,Piên,PR,4 - Sul,14179,3 - 10001 até 20000,Sim,Sim,Sim,Parcialmente adaptada,Sim,Possui ônibus urbano (intramunicipal),Pendente,,,
4119152,Pinhais,PR,4 - Sul,131199,6 - 100001 até 500000,Sim,Sim,Sim,Parcialmente adaptada,Sim,Possui ônibus urbano (intramunicipal),Pendente,,,
4119202,Pinhalão,PR,4 - Sul,6707,2 - 5001 até 10000,Não,Sim,Não,-,Não,Só ônibus intermunicipal (sem circulação interna),Pendente,,,
4119251,Pinhal de São Bento,PR,4 - Sul,2819,1 - Até 5000,Não,Sim,Sim,-,Sim,Possui ônibus local (via intermunicipal que circula internamente),Pendente,,,
4119301,Pinhão,PR,4 - Sul,30472,4 - 20001 até 50000,Não,Não,-,-,Não,Não possui transporte coletivo por ônibus,Sem fonte encontrada,,2026-08-07,Fontes encontradas eram genéricas/padronizadas (mesmo texto repetido em várias cidades) ou confundidas com localidades homônimas; sem confirmação confiável específica. Mantido dado original do MUNIC.
4119400,Piraí do Sul,PR,4 - Sul,24000,4 - 20001 até 50000,Não,Sim,Não,-,Não,Só ônibus intermunicipal (sem circulação interna),Pendente,,,
4119509,Piraquara,PR,4 - Sul,124934,6 - 100001 até 500000,Sim,Sim,Sim,Parcialmente adaptada,Sim,Possui ônibus urbano (intramunicipal),Pendente,,,
4119608,Pitanga,PR,4 - Sul,34513,4 - 20001 até 50000,Sim,Não,-,-,Sim,Possui ônibus urbano (intramunicipal),Corrigido,https://pitanga.pr.gov.br/transporte-coletivo ; https://revistadoonibus.com/2022/05/17/pr-prefeitura-de-pitanga-anuncia-que-segue-com-4-linhas-de-onibus-tarifa-zero/,2026-08-07,"Prefeitura de Pitanga/PR opera 4 linhas de ônibus urbano com tarifa zero (Patrimônio/Centro, Rio do Meio, Parque Industrial/Centro, Santa Regina/Centro), cobrindo mais de 24km/dia. Diverge do 'Não' do MUNIC 2024."
4119657,Pitangueiras,PR,4 - Sul,3121,1 - Até 5000,Não,Sim,Não,-,Não,Só ônibus intermunicipal (sem circulação interna),Pendente,,,
4119707,Planaltina do Paraná,PR,4 - Sul,4123,1 - Até 5000,Não,Sim,Sim,-,Sim,Possui ônibus local (via intermunicipal que circula internamente),Pendente,,,
4119806,Planalto,PR,4 - Sul,14663,3 - 10001 até 20000,Não,Sim,Não,-,Não,Só ônibus intermunicipal (sem circulação interna),Pendente,,,
4119905,Ponta Grossa,PR,4 - Sul,372562,6 - 100001 até 500000,Sim,Sim,Não,Totalmente adaptada,Sim,Possui ônibus urbano (intramunicipal),Confirmado,Cidade de grande porte com sistema de transporte público municipal/metropolitano amplamente documentado (prefeitura/consórcio de transporte),2026-08-07,Município de grande população (>280 mil hab.) com sistema de ônibus consolidado e publicamente conhecido; dado do MUNIC 2024 já indicava 'Sim' corretamente.
4119954,Pontal do Paraná,PR,4 - Sul,32426,4 - 20001 até 50000,Sim,Sim,Não,Totalmente adaptada,Sim,Possui ônibus urbano (intramunicipal),Pendente,,,
4120002,Porecatu,PR,4 - Sul,11438,3 - 10001 até 20000,Não,Sim,Não,-,Não,Só ônibus intermunicipal (sem circulação interna),Pendente,,,
4120101,Porto Amazonas,PR,4 - Sul,4099,1 - Até 5000,Não,Sim,Não,-,Não,Só ônibus intermunicipal (sem circulação interna),Pendente,,,
4120150,Porto Barreiro,PR,4 - Sul,3078,1 - Até 5000,Não,Não,-,-,Não,Não possui transporte coletivo por ônibus,Pendente,,,
4120200,Porto Rico,PR,4 - Sul,3316,1 - Até 5000,Não,Não,-,-,Não,Não possui transporte coletivo por ônibus,Pendente,,,
4120309,Porto Vitória,PR,4 - Sul,3549,1 - Até 5000,Não,Sim,Não,-,Não,Só ônibus intermunicipal (sem circulação interna),Pendente,,,
4120333,Prado Ferreira,PR,4 - Sul,3799,1 - Até 5000,Não,Sim,Não,-,Não,Só ônibus intermunicipal (sem circulação interna),Pendente,,,
4120358,Pranchita,PR,4 - Sul,5833,2 - 5001 até 10000,Não,Não,-,-,Não,Não possui transporte coletivo por ônibus,Sem fonte encontrada,Buscas retornaram apenas transporte intermunicipal (Pranchita-PR),2026-08-10,Nenhuma evidência específica de ônibus urbano intramunicipal encontrada
4120408,Presidente Castelo Branco,PR,4 - Sul,4336,1 - Até 5000,Não,Sim,Não,-,Não,Só ônibus intermunicipal (sem circulação interna),Pendente,,,
4120507,Primeiro de Maio,PR,4 - Sul,10121,3 - 10001 até 20000,Não,Não,-,-,Não,Não possui transporte coletivo por ônibus,Sem fonte encontrada,,2026-08-08,Apenas linha intermunicipal com Sertanópolis; sem fonte específica sobre ônibus urbano interno. Mantido dado original do MUNIC.
4120606,Prudentópolis,PR,4 - Sul,50428,5 - 50001 até 100000,Sim,Sim,Não,Sem adaptação,Sim,Possui ônibus urbano (intramunicipal),Pendente,,,
4120655,Quarto Centenário,PR,4 - Sul,4170,1 - Até 5000,Não,Sim,Não,-,Não,Só ônibus intermunicipal (sem circulação interna),Pendente,,,
4120705,Quatiguá,PR,4 - Sul,8357,2 - 5001 até 10000,Não,Sim,Não,-,Não,Só ônibus intermunicipal (sem circulação interna),Pendente,,,
4120804,Quatro Barras,PR,4 - Sul,25109,4 - 20001 até 50000,Sim,Sim,Sim,Parcialmente adaptada,Sim,Possui ônibus urbano (intramunicipal),Pendente,,,
4120853,Quatro Pontes,PR,4 - Sul,4636,1 - Até 5000,Não,Sim,Não,-,Não,Só ônibus intermunicipal (sem circulação interna),Pendente,,,
4120903,Quedas do Iguaçu,PR,4 - Sul,31405,4 - 20001 até 50000,Não informou,Não informou,Não informou,Não informou,Sem info,Sem informação (recusa/não informou),Pendente,,,
4121000,Querência do Norte,PR,4 - Sul,10693,3 - 10001 até 20000,Não,Sim,Não,-,Não,Só ônibus intermunicipal (sem circulação interna),Pendente,,,
4121109,Quinta do Sol,PR,4 - Sul,5060,2 - 5001 até 10000,Não,Sim,Não,-,Não,Só ônibus intermunicipal (sem circulação interna),Pendente,,,
4121208,Quitandinha,PR,4 - Sul,18823,3 - 10001 até 20000,Sim,Sim,Sim,Parcialmente adaptada,Sim,Possui ônibus urbano (intramunicipal),Pendente,,,
4121257,Ramilândia,PR,4 - Sul,4293,1 - Até 5000,Não,Sim,Não,-,Não,Só ônibus intermunicipal (sem circulação interna),Pendente,,,
4121307,Rancho Alegre,PR,4 - Sul,3501,1 - Até 5000,Não,Não,-,-,Não,Não possui transporte coletivo por ônibus,Pendente,,,
4121356,Rancho Alegre DOeste,PR,4 - Sul,2638,1 - Até 5000,Não,Não,-,-,Não,Não possui transporte coletivo por ônibus,Pendente,,,
4121406,Realeza,PR,4 - Sul,19903,3 - 10001 até 20000,Sim,Não,-,Sem adaptação,Sim,Possui ônibus urbano (intramunicipal),Pendente,,,
4121505,Rebouças,PR,4 - Sul,14754,3 - 10001 até 20000,Sim,Sim,Não,Parcialmente adaptada,Sim,Possui ônibus urbano (intramunicipal),Pendente,,,
4121604,Renascença,PR,4 - Sul,6946,2 - 5001 até 10000,Não,Sim,Não,-,Não,Só ônibus intermunicipal (sem circulação interna),Pendente,,,
4121703,Reserva,PR,4 - Sul,24851,4 - 20001 até 50000,Não,Sim,Sim,-,Sim,Possui ônibus local (via intermunicipal que circula internamente),Pendente,,,
4121752,Reserva do Iguaçu,PR,4 - Sul,6543,2 - 5001 até 10000,Não,Não,-,-,Não,Não possui transporte coletivo por ônibus,Sem fonte encontrada,"Resultados majoritariamente sobre Foz do Iguaçu-PR (homônimo parcial), apenas rodoviária intermunicipal específica sobre Reserva do Iguaçu-PR",2026-08-10,"Confusão com Foz do Iguaçu-PR, sem evidência válida"
4121802,Ribeirão Claro,PR,4 - Sul,12770,3 - 10001 até 20000,Sim,Sim,Não,Sem adaptação,Sim,Possui ônibus urbano (intramunicipal),Pendente,,,
4121901,Ribeirão do Pinhal,PR,4 - Sul,13180,3 - 10001 até 20000,Não,Sim,Não,-,Não,Só ônibus intermunicipal (sem circulação interna),Pendente,,,
4122008,Rio Azul,PR,4 - Sul,14214,3 - 10001 até 20000,Não,Sim,Não,-,Não,Só ônibus intermunicipal (sem circulação interna),Pendente,,,
4122107,Rio Bom,PR,4 - Sul,3223,1 - Até 5000,Não,Sim,Não,-,Não,Só ônibus intermunicipal (sem circulação interna),Pendente,,,
4122156,Rio Bonito do Iguaçu,PR,4 - Sul,14234,3 - 10001 até 20000,Não,Sim,Não,-,Não,Só ônibus intermunicipal (sem circulação interna),Pendente,,,
4122172,Rio Branco do Ivaí,PR,4 - Sul,3850,1 - Até 5000,Sim,Sim,Sim,Parcialmente adaptada,Sim,Possui ônibus urbano (intramunicipal),Pendente,,,
4122206,Rio Branco do Sul,PR,4 - Sul,39307,4 - 20001 até 50000,Sim,Sim,Sim,Totalmente adaptada,Sim,Possui ônibus urbano (intramunicipal),Pendente,,,
4122305,Rio Negro,PR,4 - Sul,31992,4 - 20001 até 50000,Sim,Sim,Sim,Totalmente adaptada,Sim,Possui ônibus urbano (intramunicipal),Pendente,,,
4122404,Rolândia,PR,4 - Sul,74935,5 - 50001 até 100000,Sim,Sim,Não,Parcialmente adaptada,Sim,Possui ônibus urbano (intramunicipal),Pendente,,,
4122503,Roncador,PR,4 - Sul,11371,3 - 10001 até 20000,Sim,Não,-,Parcialmente adaptada,Sim,Possui ônibus urbano (intramunicipal),Pendente,,,
4122602,Rondon,PR,4 - Sul,9240,2 - 5001 até 10000,Não,Sim,Sim,-,Sim,Possui ônibus local (via intermunicipal que circula internamente),Pendente,,,
4122651,Rosário do Ivaí,PR,4 - Sul,5491,2 - 5001 até 10000,Sim,Não,-,Sem adaptação,Sim,Possui ônibus urbano (intramunicipal),Pendente,,,
4122701,Sabáudia,PR,4 - Sul,9320,2 - 5001 até 10000,Sim,Sim,Não,Parcialmente adaptada,Sim,Possui ônibus urbano (intramunicipal),Pendente,,,
4122800,Salgado Filho,PR,4 - Sul,4097,1 - Até 5000,Não,Não,-,-,Não,Não possui transporte coletivo por ônibus,Pendente,,,
4122909,Salto do Itararé,PR,4 - Sul,5267,2 - 5001 até 10000,Não,Sim,Sim,-,Sim,Possui ônibus local (via intermunicipal que circula internamente),Pendente,,,
4123006,Salto do Lontra,PR,4 - Sul,15636,3 - 10001 até 20000,Não,Sim,Não,-,Não,Só ônibus intermunicipal (sem circulação interna),Pendente,,,
4123105,Santa Amélia,PR,4 - Sul,3386,1 - Até 5000,Não,Não,-,-,Não,Não possui transporte coletivo por ônibus,Pendente,,,
4123204,Santa Cecília do Pavão,PR,4 - Sul,3375,1 - Até 5000,Não,Sim,Não,-,Não,Só ônibus intermunicipal (sem circulação interna),Pendente,,,
4123303,Santa Cruz de Monte Castelo,PR,4 - Sul,8806,2 - 5001 até 10000,Sim,Sim,Não,Parcialmente adaptada,Sim,Possui ônibus urbano (intramunicipal),Pendente,,,
4123402,Santa Fé,PR,4 - Sul,11669,3 - 10001 até 20000,Sim,Sim,Não,Parcialmente adaptada,Sim,Possui ônibus urbano (intramunicipal),Pendente,,,
4123501,Santa Helena,PR,4 - Sul,26341,4 - 20001 até 50000,Não,Sim,Sim,-,Sim,Possui ônibus local (via intermunicipal que circula internamente),Pendente,,,
4123600,Santa Inês,PR,4 - Sul,1760,1 - Até 5000,Não,Sim,Não,-,Não,Só ônibus intermunicipal (sem circulação interna),Pendente,,,
4123709,Santa Isabel do Ivaí,PR,4 - Sul,9059,2 - 5001 até 10000,Não,Sim,Não,-,Não,Só ônibus intermunicipal (sem circulação interna),Pendente,,,
4123808,Santa Izabel do Oeste,PR,4 - Sul,14385,3 - 10001 até 20000,Sim,Não,-,Sem adaptação,Sim,Possui ônibus urbano (intramunicipal),Pendente,,,
4123824,Santa Lúcia,PR,4 - Sul,3657,1 - Até 5000,Não,Sim,Não,-,Não,Só ônibus intermunicipal (sem circulação interna),Pendente,,,
4123857,Santa Maria do Oeste,PR,4 - Sul,9985,2 - 5001 até 10000,Não,Sim,Sim,-,Sim,Possui ônibus local (via intermunicipal que circula internamente),Pendente,,,
4123907,Santa Mariana,PR,4 - Sul,11034,3 - 10001 até 20000,Não,Sim,Sim,-,Sim,Possui ônibus local (via intermunicipal que circula internamente),Pendente,,,
4123956,Santa Mônica,PR,4 - Sul,3373,1 - Até 5000,Não,Não,-,-,Não,Não possui transporte coletivo por ônibus,Pendente,,,
4124004,Santana do Itararé,PR,4 - Sul,5628,2 - 5001 até 10000,Não,Sim,Não,-,Não,Só ônibus intermunicipal (sem circulação interna),Pendente,,,
4124020,Santa Tereza do Oeste,PR,4 - Sul,13749,3 - 10001 até 20000,Não,Sim,Sim,-,Sim,Possui ônibus local (via intermunicipal que circula internamente),Pendente,,,
4124053,Santa Terezinha de Itaipu,PR,4 - Sul,25055,4 - 20001 até 50000,Não,Sim,Sim,-,Sim,Possui ônibus local (via intermunicipal que circula internamente),Pendente,,,
4124103,Santo Antônio da Platina,PR,4 - Sul,45534,4 - 20001 até 50000,Não,Sim,Não,-,Não,Só ônibus intermunicipal (sem circulação interna),Pendente,,,
4124202,Santo Antônio do Caiuá,PR,4 - Sul,2496,1 - Até 5000,Não,Sim,Não,-,Não,Só ônibus intermunicipal (sem circulação interna),Pendente,,,
4124301,Santo Antônio do Paraíso,PR,4 - Sul,2116,1 - Até 5000,Não,Sim,Sim,-,Sim,Possui ônibus local (via intermunicipal que circula internamente),Pendente,,,
4124400,Santo Antônio do Sudoeste,PR,4 - Sul,24644,4 - 20001 até 50000,Não,Sim,Não,-,Não,Só ônibus intermunicipal (sem circulação interna),Pendente,,,
4124509,Santo Inácio,PR,4 - Sul,6397,2 - 5001 até 10000,Sim,Sim,Não,Sem adaptação,Sim,Possui ônibus urbano (intramunicipal),Pendente,,,
4124608,São Carlos do Ivaí,PR,4 - Sul,6712,2 - 5001 até 10000,Não,Sim,Não,-,Não,Só ônibus intermunicipal (sem circulação interna),Pendente,,,
4124707,São Jerônimo da Serra,PR,4 - Sul,10913,3 - 10001 até 20000,Não,Sim,Sim,-,Sim,Possui ônibus local (via intermunicipal que circula internamente),Pendente,,,
4124806,São João,PR,4 - Sul,12230,3 - 10001 até 20000,Não,Sim,Não,-,Não,Só ônibus intermunicipal (sem circulação interna),Pendente,,,
4124905,São João do Caiuá,PR,4 - Sul,5620,2 - 5001 até 10000,Não,Sim,Não,-,Não,Só ônibus intermunicipal (sem circulação interna),Pendente,,,
4125001,São João do Ivaí,PR,4 - Sul,10700,3 - 10001 até 20000,Não,Sim,Sim,-,Sim,Possui ônibus local (via intermunicipal que circula internamente),Pendente,,,
4125100,São João do Triunfo,PR,4 - Sul,13923,3 - 10001 até 20000,Sim,Sim,Não,Totalmente adaptada,Sim,Possui ônibus urbano (intramunicipal),Pendente,,,
4125209,São Jorge dOeste,PR,4 - Sul,9550,2 - 5001 até 10000,Não,Sim,Não,-,Não,Só ônibus intermunicipal (sem circulação interna),Pendente,,,
4125308,São Jorge do Ivaí,PR,4 - Sul,5193,2 - 5001 até 10000,Não,Sim,Não,-,Não,Só ônibus intermunicipal (sem circulação interna),Pendente,,,
4125357,São Jorge do Patrocínio,PR,4 - Sul,6659,2 - 5001 até 10000,Não,Sim,Não,-,Não,Só ônibus intermunicipal (sem circulação interna),Pendente,,,
4125407,São José da Boa Vista,PR,4 - Sul,6060,2 - 5001 até 10000,Não,Não,-,-,Não,Não possui transporte coletivo por ônibus,Sem fonte encontrada,"Resultados majoritariamente sobre São João da Boa Vista-SP (homônimo parcial), apenas rodoviária específica sobre São José da Boa Vista-PR",2026-08-10,"Confusão com São João da Boa Vista-SP, sem evidência válida"
4125456,São José das Palmeiras,PR,4 - Sul,4030,1 - Até 5000,Não,Sim,Não,-,Não,Só ônibus intermunicipal (sem circulação interna),Pendente,,,
4125506,São José dos Pinhais,PR,4 - Sul,345644,6 - 100001 até 500000,Sim,Sim,Sim,Totalmente adaptada,Sim,Possui ônibus urbano (intramunicipal),Confirmado,Cidade de grande porte com sistema de transporte público municipal/metropolitano amplamente documentado (prefeitura/consórcio de transporte),2026-08-07,Município de grande população (>280 mil hab.) com sistema de ônibus consolidado e publicamente conhecido; dado do MUNIC 2024 já indicava 'Sim' corretamente.
4125555,São Manoel do Paraná,PR,4 - Sul,2173,1 - Até 5000,Não,Sim,Não,-,Não,Só ônibus intermunicipal (sem circulação interna),Pendente,,,
4125605,São Mateus do Sul,PR,4 - Sul,43413,4 - 20001 até 50000,Sim,Sim,Sim,Totalmente adaptada,Sim,Possui ônibus urbano (intramunicipal),Pendente,,,
4125704,São Miguel do Iguaçu,PR,4 - Sul,30198,4 - 20001 até 50000,Não,Sim,Não,-,Não,Só ônibus intermunicipal (sem circulação interna),Pendente,,,
4125753,São Pedro do Iguaçu,PR,4 - Sul,5769,2 - 5001 até 10000,Não,Sim,Não,-,Não,Só ônibus intermunicipal (sem circulação interna),Pendente,,,
4125803,São Pedro do Ivaí,PR,4 - Sul,8611,2 - 5001 até 10000,Não,Sim,Não,-,Não,Só ônibus intermunicipal (sem circulação interna),Pendente,,,
4125902,São Pedro do Paraná,PR,4 - Sul,2722,1 - Até 5000,Não,Não,-,-,Não,Não possui transporte coletivo por ônibus,Pendente,,,
4126009,São Sebastião da Amoreira,PR,4 - Sul,8100,2 - 5001 até 10000,Não,Sim,Não,-,Não,Só ônibus intermunicipal (sem circulação interna),Pendente,,,
4126108,São Tomé,PR,4 - Sul,5290,2 - 5001 até 10000,Não,Sim,Não,-,Não,Só ônibus intermunicipal (sem circulação interna),Pendente,,,
4126207,Sapopema,PR,4 - Sul,6784,2 - 5001 até 10000,Não,Sim,Não,-,Não,Só ônibus intermunicipal (sem circulação interna),Pendente,,,
4126256,Sarandi,PR,4 - Sul,125785,6 - 100001 até 500000,Sim,Sim,Sim,Totalmente adaptada,Sim,Possui ônibus urbano (intramunicipal),Pendente,,,
4126272,Saudade do Iguaçu,PR,4 - Sul,6342,2 - 5001 até 10000,Não,Não,-,-,Não,Não possui transporte coletivo por ônibus,Sem fonte encontrada,Buscas retornaram apenas rodoviária intermunicipal (Saudade do Iguaçu-PR),2026-08-10,Nenhuma evidência específica de ônibus urbano intramunicipal encontrada
4126306,Sengés,PR,4 - Sul,17344,3 - 10001 até 20000,Sim,Sim,Sim,Parcialmente adaptada,Sim,Possui ônibus urbano (intramunicipal),Pendente,,,
4126355,Serranópolis do Iguaçu,PR,4 - Sul,5138,2 - 5001 até 10000,Não,Não,-,-,Não,Não possui transporte coletivo por ônibus,Sem fonte encontrada,Buscas retornaram apenas rodoviária intermunicipal (Serranópolis do Iguaçu-PR),2026-08-11,Nenhuma evidência específica de ônibus urbano intramunicipal encontrada
4126405,Sertaneja,PR,4 - Sul,5667,2 - 5001 até 10000,Não,Não,-,-,Não,Não possui transporte coletivo por ônibus,Sem fonte encontrada,"'Viação Sertaneja' é empresa de Minas Gerais, não relacionada ao município Sertaneja-PR (homônimo)",2026-08-11,Confusão com empresa homônima de MG
4126504,Sertanópolis,PR,4 - Sul,16183,3 - 10001 até 20000,Não,Sim,Não,-,Não,Só ônibus intermunicipal (sem circulação interna),Pendente,,,
4126603,Siqueira Campos,PR,4 - Sul,23712,4 - 20001 até 50000,Sim,Não,-,Parcialmente adaptada,Sim,Possui ônibus urbano (intramunicipal),Pendente,,,
4126652,Sulina,PR,4 - Sul,3495,1 - Até 5000,Não,Não,-,-,Não,Não possui transporte coletivo por ônibus,Pendente,,,
4126678,Tamarana,PR,4 - Sul,10645,3 - 10001 até 20000,Não,Sim,Não,-,Não,Só ônibus intermunicipal (sem circulação interna),Pendente,,,
4126702,Tamboara,PR,4 - Sul,4979,1 - Até 5000,Não,Sim,Não,-,Não,Só ônibus intermunicipal (sem circulação interna),Pendente,,,
4126801,Tapejara,PR,4 - Sul,16255,3 - 10001 até 20000,Sim,Sim,Sim,Parcialmente adaptada,Sim,Possui ônibus urbano (intramunicipal),Pendente,,,
4126900,Tapira,PR,4 - Sul,5813,2 - 5001 até 10000,Sim,Sim,Sim,Parcialmente adaptada,Sim,Possui ônibus urbano (intramunicipal),Pendente,,,
4127007,Teixeira Soares,PR,4 - Sul,9581,2 - 5001 até 10000,Não,Sim,Não,-,Não,Só ônibus intermunicipal (sem circulação interna),Pendente,,,
4127106,Telêmaco Borba,PR,4 - Sul,77182,5 - 50001 até 100000,Sim,Sim,Sim,Parcialmente adaptada,Sim,Possui ônibus urbano (intramunicipal),Pendente,,,
4127205,Terra Boa,PR,4 - Sul,18048,3 - 10001 até 20000,Sim,Sim,Sim,Parcialmente adaptada,Sim,Possui ônibus urbano (intramunicipal),Pendente,,,
4127304,Terra Rica,PR,4 - Sul,14989,3 - 10001 até 20000,Sim,Sim,Não,Totalmente adaptada,Sim,Possui ônibus urbano (intramunicipal),Pendente,,,
4127403,Terra Roxa,PR,4 - Sul,18548,3 - 10001 até 20000,Não,Sim,Sim,-,Sim,Possui ônibus local (via intermunicipal que circula internamente),Pendente,,,
4127502,Tibagi,PR,4 - Sul,20304,4 - 20001 até 50000,Sim,Sim,Sim,Sem adaptação,Sim,Possui ônibus urbano (intramunicipal),Pendente,,,
4127601,Tijucas do Sul,PR,4 - Sul,18279,3 - 10001 até 20000,Sim,Sim,Sim,Parcialmente adaptada,Sim,Possui ônibus urbano (intramunicipal),Pendente,,,
4127700,Toledo,PR,4 - Sul,158620,6 - 100001 até 500000,Sim,Sim,Sim,Totalmente adaptada,Sim,Possui ônibus urbano (intramunicipal),Pendente,,,
4127809,Tomazina,PR,4 - Sul,8495,2 - 5001 até 10000,Não,Sim,Não,-,Não,Só ônibus intermunicipal (sem circulação interna),Pendente,,,
4127858,Três Barras do Paraná,PR,4 - Sul,11197,3 - 10001 até 20000,Não,Sim,Não,-,Não,Só ônibus intermunicipal (sem circulação interna),Pendente,,,
4127882,Tunas do Paraná,PR,4 - Sul,6302,2 - 5001 até 10000,Não,Sim,Sim,-,Sim,Possui ônibus local (via intermunicipal que circula internamente),Pendente,,,
4127908,Tuneiras do Oeste,PR,4 - Sul,8095,2 - 5001 até 10000,Não,Sim,Sim,-,Sim,Possui ônibus local (via intermunicipal que circula internamente),Pendente,,,
4127957,Tupãssi,PR,4 - Sul,8204,2 - 5001 até 10000,Não,Não,-,-,Não,Não possui transporte coletivo por ônibus,Sem fonte encontrada,"Resultados confundidos com Tupã-SP e Pato Branco-PR (homônimos), nada específico sobre Tupãssi-PR",2026-08-08,"Confusão com municípios homônimos, sem evidência válida"
4127965,Turvo,PR,4 - Sul,14443,3 - 10001 até 20000,Não,Sim,Não,-,Não,Só ônibus intermunicipal (sem circulação interna),Pendente,,,
4128005,Ubiratã,PR,4 - Sul,25517,4 - 20001 até 50000,Não,Sim,Não,-,Não,Só ônibus intermunicipal (sem circulação interna),Pendente,,,
4128104,Umuarama,PR,4 - Sul,121972,6 - 100001 até 500000,Sim,Sim,Não,Parcialmente adaptada,Sim,Possui ônibus urbano (intramunicipal),Pendente,,,
4128203,União da Vitória,PR,4 - Sul,56397,5 - 50001 até 100000,Sim,Sim,Sim,Parcialmente adaptada,Sim,Possui ônibus urbano (intramunicipal),Pendente,,,
4128302,Uniflor,PR,4 - Sul,2121,1 - Até 5000,Não,Sim,Não,-,Não,Só ônibus intermunicipal (sem circulação interna),Pendente,,,
4128401,Uraí,PR,4 - Sul,10407,3 - 10001 até 20000,Não,Não,-,-,Não,Não possui transporte coletivo por ônibus,Sem fonte encontrada,,2026-08-08,Busca retornou apenas informações sobre rodoviária/transporte intermunicipal/escolar; sem confirmação confiável específica de ônibus urbano. Mantido dado original do MUNIC.
4128500,Wenceslau Braz,PR,4 - Sul,19430,3 - 10001 até 20000,Não,Sim,Não,-,Não,Só ônibus intermunicipal (sem circulação interna),Pendente,,,
4128534,Ventania,PR,4 - Sul,9779,2 - 5001 até 10000,Não,Sim,Não,-,Não,Só ônibus intermunicipal (sem circulação interna),Pendente,,,
4128559,Vera Cruz do Oeste,PR,4 - Sul,8227,2 - 5001 até 10000,Não,Sim,Não,-,Não,Só ônibus intermunicipal (sem circulação interna),Pendente,,,
4128609,Verê,PR,4 - Sul,8051,2 - 5001 até 10000,Não,Sim,Sim,-,Sim,Possui ônibus local (via intermunicipal que circula internamente),Pendente,,,
4128625,Alto Paraíso,PR,4 - Sul,3077,1 - Até 5000,Não,Não,-,-,Não,Não possui transporte coletivo por ônibus,Pendente,,,
4128633,Doutor Ulysses,PR,4 - Sul,5773,2 - 5001 até 10000,Não,Sim,Sim,-,Sim,Possui ônibus local (via intermunicipal que circula internamente),Pendente,,,
4128658,Virmond,PR,4 - Sul,3842,1 - Até 5000,Não,Sim,Não,-,Não,Só ônibus intermunicipal (sem circulação interna),Pendente,,,
4128708,Vitorino,PR,4 - Sul,10280,3 - 10001 até 20000,Não,Sim,Não,-,Não,Só ônibus intermunicipal (sem circulação interna),Pendente,,,
4128807,Xambrê,PR,4 - Sul,5851,2 - 5001 até 10000,Sim,Sim,Sim,Parcialmente adaptada,Sim,Possui ônibus urbano (intramunicipal),Pendente,,,
4200051,Abdon Batista,SC,4 - Sul,2633,1 - Até 5000,Sim,Sim,Não,Parcialmente adaptada,Sim,Possui ônibus urbano (intramunicipal),Pendente,,,
4200101,Abelardo Luz,SC,4 - Sul,17736,3 - 10001 até 20000,Sim,Sim,Não,Totalmente adaptada,Sim,Possui ônibus urbano (intramunicipal),Pendente,,,
4200200,Agrolândia,SC,4 - Sul,11491,3 - 10001 até 20000,Não,Sim,Sim,-,Sim,Possui ônibus local (via intermunicipal que circula internamente),Pendente,,,
4200309,Agronômica,SC,4 - Sul,6394,2 - 5001 até 10000,Não,Sim,Não,-,Não,Só ônibus intermunicipal (sem circulação interna),Pendente,,,
4200408,Água Doce,SC,4 - Sul,6625,2 - 5001 até 10000,Não,Sim,Sim,-,Sim,Possui ônibus local (via intermunicipal que circula internamente),Pendente,,,
4200507,Águas de Chapecó,SC,4 - Sul,6128,2 - 5001 até 10000,Não,Não,-,-,Não,Não possui transporte coletivo por ônibus,Sem fonte encontrada,"Resultados majoritariamente sobre Chapecó-SC (município vizinho maior), nada específico sobre Águas de Chapecó-SC",2026-08-10,"Confusão com Chapecó-SC, sem evidência válida"
4200556,Águas Frias,SC,4 - Sul,2963,1 - Até 5000,Não,Não,-,-,Não,Não possui transporte coletivo por ônibus,Pendente,,,
4200606,Águas Mornas,SC,4 - Sul,7082,2 - 5001 até 10000,Não,Sim,Sim,-,Sim,Possui ônibus local (via intermunicipal que circula internamente),Pendente,,,
4200705,Alfredo Wagner,SC,4 - Sul,10862,3 - 10001 até 20000,Não,Sim,Sim,-,Sim,Possui ônibus local (via intermunicipal que circula internamente),Pendente,,,
4200754,Alto Bela Vista,SC,4 - Sul,1860,1 - Até 5000,Não,Não,-,-,Não,Não possui transporte coletivo por ônibus,Pendente,,,
4200804,Anchieta,SC,4 - Sul,5984,2 - 5001 até 10000,Não,Sim,Sim,-,Sim,Possui ônibus local (via intermunicipal que circula internamente),Pendente,,,
4200903,Angelina,SC,4 - Sul,5472,2 - 5001 até 10000,Não,Não,-,-,Não,Não possui transporte coletivo por ônibus,Sem fonte encontrada,"'Santa Terezinha Ltda' opera linha Florianópolis-Coqueiros que passa por localidade em Angelina-SC, mas é empresa/linha de Florianópolis, não confirma ônibus urbano municipal de Angelina",2026-08-11,Evidência insuficiente para confirmar ônibus urbano coletivo intramunicipal
4201000,Anita Garibaldi,SC,4 - Sul,8367,2 - 5001 até 10000,Não,Sim,Não,-,Não,Só ônibus intermunicipal (sem circulação interna),Pendente,,,
4201109,Anitápolis,SC,4 - Sul,3726,1 - Até 5000,Não,Não,-,-,Não,Não possui transporte coletivo por ônibus,Pendente,,,
4201208,Antônio Carlos,SC,4 - Sul,12118,3 - 10001 até 20000,Sim,Sim,Não,Parcialmente adaptada,Sim,Possui ônibus urbano (intramunicipal),Pendente,,,
4201257,Apiúna,SC,4 - Sul,10020,3 - 10001 até 20000,Sim,Sim,Sim,Parcialmente adaptada,Sim,Possui ônibus urbano (intramunicipal),Pendente,,,
4201273,Arabutã,SC,4 - Sul,4487,1 - Até 5000,Não,Sim,Não,-,Não,Só ônibus intermunicipal (sem circulação interna),Pendente,,,
4201307,Araquari,SC,4 - Sul,50178,5 - 50001 até 100000,Sim,Sim,Não,Parcialmente adaptada,Sim,Possui ônibus urbano (intramunicipal),Pendente,,,
4201406,Araranguá,SC,4 - Sul,75597,5 - 50001 até 100000,Sim,Sim,Sim,Totalmente adaptada,Sim,Possui ônibus urbano (intramunicipal),Pendente,,,
4201505,Armazém,SC,4 - Sul,9188,2 - 5001 até 10000,Não,Sim,Não,-,Não,Só ônibus intermunicipal (sem circulação interna),Pendente,,,
4201604,Arroio Trinta,SC,4 - Sul,3628,1 - Até 5000,Não,Sim,Não,-,Não,Só ônibus intermunicipal (sem circulação interna),Pendente,,,
4201653,Arvoredo,SC,4 - Sul,2600,1 - Até 5000,Não,Sim,Não,-,Não,Só ônibus intermunicipal (sem circulação interna),Pendente,,,
4201703,Ascurra,SC,4 - Sul,8635,2 - 5001 até 10000,Não,Sim,Não,-,Não,Só ônibus intermunicipal (sem circulação interna),Pendente,,,
4201802,Atalanta,SC,4 - Sul,3270,1 - Até 5000,Não,Sim,Não,-,Não,Só ônibus intermunicipal (sem circulação interna),Pendente,,,
4201901,Aurora,SC,4 - Sul,7127,2 - 5001 até 10000,Não,Sim,Não,-,Não,Só ônibus intermunicipal (sem circulação interna),Pendente,,,
4201950,Balneário Arroio do Silva,SC,4 - Sul,17215,3 - 10001 até 20000,Não,Sim,Sim,-,Sim,Possui ônibus local (via intermunicipal que circula internamente),Pendente,,,
4202008,Balneário Camboriú,SC,4 - Sul,148758,6 - 100001 até 500000,Sim,Sim,Sim,Totalmente adaptada,Sim,Possui ônibus urbano (intramunicipal),Pendente,,,
4202057,Balneário Barra do Sul,SC,4 - Sul,16360,3 - 10001 até 20000,Não,Sim,Sim,-,Sim,Possui ônibus local (via intermunicipal que circula internamente),Pendente,,,
4202073,Balneário Gaivota,SC,4 - Sul,17306,3 - 10001 até 20000,Não,Sim,Sim,-,Sim,Possui ônibus local (via intermunicipal que circula internamente),Pendente,,,
4202081,Bandeirante,SC,4 - Sul,3243,1 - Até 5000,Não,Sim,Sim,-,Sim,Possui ônibus local (via intermunicipal que circula internamente),Pendente,,,
4202099,Barra Bonita,SC,4 - Sul,1662,1 - Até 5000,Não,Não,-,-,Não,Não possui transporte coletivo por ônibus,Pendente,,,
4202107,Barra Velha,SC,4 - Sul,50730,5 - 50001 até 100000,Sim,Sim,Não,Parcialmente adaptada,Sim,Possui ônibus urbano (intramunicipal),Pendente,,,
4202131,Bela Vista do Toldo,SC,4 - Sul,5950,2 - 5001 até 10000,Não,Não,-,-,Não,Não possui transporte coletivo por ônibus,Sem fonte encontrada,"Plano Diretor municipal contém apenas diretrizes/aspirações de política de transporte público, não confirmação de linha operante (Bela Vista do Toldo-SC)",2026-08-10,Documento de planejamento não confirma existência atual de serviço operante
4202156,Belmonte,SC,4 - Sul,2709,1 - Até 5000,Não,Não,-,-,Não,Não possui transporte coletivo por ônibus,Pendente,,,
4202206,Benedito Novo,SC,4 - Sul,10738,3 - 10001 até 20000,Não,Sim,Sim,-,Sim,Possui ônibus local (via intermunicipal que circula internamente),Pendente,,,
4202305,Biguaçu,SC,4 - Sul,82028,5 - 50001 até 100000,Sim,Sim,Sim,Totalmente adaptada,Sim,Possui ônibus urbano (intramunicipal),Pendente,,,
4202404,Blumenau,SC,4 - Sul,380597,6 - 100001 até 500000,Sim,Sim,Não,Totalmente adaptada,Sim,Possui ônibus urbano (intramunicipal),Confirmado,Cidade de grande porte com sistema de transporte público municipal/metropolitano amplamente documentado (prefeitura/consórcio de transporte),2026-08-07,Município de grande população (>280 mil hab.) com sistema de ônibus consolidado e publicamente conhecido; dado do MUNIC 2024 já indicava 'Sim' corretamente.
4202438,Bocaina do Sul,SC,4 - Sul,3618,1 - Até 5000,Não,Sim,Não,-,Não,Só ônibus intermunicipal (sem circulação interna),Pendente,,,
4202453,Bombinhas,SC,4 - Sul,27732,4 - 20001 até 50000,Sim,Sim,Sim,Parcialmente adaptada,Sim,Possui ônibus urbano (intramunicipal),Pendente,,,
4202503,Bom Jardim da Serra,SC,4 - Sul,4028,1 - Até 5000,Não,Sim,Não,-,Não,Só ônibus intermunicipal (sem circulação interna),Pendente,,,
4202537,Bom Jesus,SC,4 - Sul,2872,1 - Até 5000,Não,Sim,Não,-,Não,Só ônibus intermunicipal (sem circulação interna),Pendente,,,
4202578,Bom Jesus do Oeste,SC,4 - Sul,2234,1 - Até 5000,Não,Não,-,-,Não,Não possui transporte coletivo por ônibus,Pendente,,,
4202602,Bom Retiro,SC,4 - Sul,8468,2 - 5001 até 10000,Não,Sim,Não,-,Não,Só ônibus intermunicipal (sem circulação interna),Pendente,,,
4202701,Botuverá,SC,4 - Sul,5623,2 - 5001 até 10000,Sim,Não,-,Sem adaptação,Sim,Possui ônibus urbano (intramunicipal),Pendente,,,
4202800,Braço do Norte,SC,4 - Sul,35534,4 - 20001 até 50000,Não,Sim,Não,-,Não,Só ônibus intermunicipal (sem circulação interna),Pendente,,,
4202859,Braço do Trombudo,SC,4 - Sul,4203,1 - Até 5000,Não,Não,-,-,Não,Não possui transporte coletivo por ônibus,Pendente,,,
4202875,Brunópolis,SC,4 - Sul,2466,1 - Até 5000,Não,Sim,Não,-,Não,Só ônibus intermunicipal (sem circulação interna),Pendente,,,
4202909,Brusque,SC,4 - Sul,151949,6 - 100001 até 500000,Sim,Sim,Não,Parcialmente adaptada,Sim,Possui ônibus urbano (intramunicipal),Pendente,,,
4203006,Caçador,SC,4 - Sul,75998,5 - 50001 até 100000,Sim,Sim,Sim,Totalmente adaptada,Sim,Possui ônibus urbano (intramunicipal),Pendente,,,
4203105,Caibi,SC,4 - Sul,6431,2 - 5001 até 10000,Não,Sim,Não,-,Não,Só ônibus intermunicipal (sem circulação interna),Pendente,,,
4203154,Calmon,SC,4 - Sul,3513,1 - Até 5000,Sim,Sim,Sim,Parcialmente adaptada,Sim,Possui ônibus urbano (intramunicipal),Pendente,,,
4203204,Camboriú,SC,4 - Sul,113525,6 - 100001 até 500000,Sim,Sim,Sim,Parcialmente adaptada,Sim,Possui ônibus urbano (intramunicipal),Pendente,,,
4203253,Capão Alto,SC,4 - Sul,2647,1 - Até 5000,Não,Sim,Não,-,Não,Só ônibus intermunicipal (sem circulação interna),Pendente,,,
4203303,Campo Alegre,SC,4 - Sul,12815,3 - 10001 até 20000,Não,Sim,Sim,-,Sim,Possui ônibus local (via intermunicipal que circula internamente),Pendente,,,
4203402,Campo Belo do Sul,SC,4 - Sul,7342,2 - 5001 até 10000,Não,Sim,Sim,-,Sim,Possui ônibus local (via intermunicipal que circula internamente),Pendente,,,
4203501,Campo Erê,SC,4 - Sul,9838,2 - 5001 até 10000,Não,Sim,Não,-,Não,Só ônibus intermunicipal (sem circulação interna),Pendente,,,
4203600,Campos Novos,SC,4 - Sul,38656,4 - 20001 até 50000,Sim,Sim,Sim,Parcialmente adaptada,Sim,Possui ônibus urbano (intramunicipal),Pendente,,,
4203709,Canelinha,SC,4 - Sul,13413,3 - 10001 até 20000,Não,Não,-,-,Não,Não possui transporte coletivo por ônibus,Sem fonte encontrada,,2026-08-08,Busca retornou apenas informações sobre rodoviária/transporte intermunicipal ou localidades homônimas; sem confirmação confiável específica. Mantido dado original do MUNIC.
4203808,Canoinhas,SC,4 - Sul,56721,5 - 50001 até 100000,Sim,Sim,Sim,Parcialmente adaptada,Sim,Possui ônibus urbano (intramunicipal),Pendente,,,
4203907,Capinzal,SC,4 - Sul,24176,4 - 20001 até 50000,Sim,Sim,Sim,Parcialmente adaptada,Sim,Possui ônibus urbano (intramunicipal),Pendente,,,
4203956,Capivari de Baixo,SC,4 - Sul,24799,4 - 20001 até 50000,Não,Sim,Não,-,Não,Só ônibus intermunicipal (sem circulação interna),Pendente,,,
4204004,Catanduvas,SC,4 - Sul,10938,3 - 10001 até 20000,Não,Sim,Sim,-,Sim,Possui ônibus local (via intermunicipal que circula internamente),Pendente,,,
4204103,Caxambu do Sul,SC,4 - Sul,4732,1 - Até 5000,Não,Não,-,-,Não,Não possui transporte coletivo por ônibus,Sem fonte encontrada,Fonte indica locomoção predominante por carro particular/a pé (Caxambu do Sul-SC),2026-08-13,"Evidência sugere ausência de ônibus urbano, mas não é fonte formal suficiente para Confirmado"
4204152,Celso Ramos,SC,4 - Sul,2860,1 - Até 5000,Não,Sim,Sim,-,Sim,Possui ônibus local (via intermunicipal que circula internamente),Pendente,,,
4204178,Cerro Negro,SC,4 - Sul,3326,1 - Até 5000,Não,Sim,Não,-,Não,Só ônibus intermunicipal (sem circulação interna),Pendente,,,
4204194,Chapadão do Lageado,SC,4 - Sul,3036,1 - Até 5000,Não,Não,-,-,Não,Não possui transporte coletivo por ônibus,Pendente,,,
4204202,Chapecó,SC,4 - Sul,275959,6 - 100001 até 500000,Sim,Sim,Não,Totalmente adaptada,Sim,Possui ônibus urbano (intramunicipal),Pendente,,,
4204251,Cocal do Sul,SC,4 - Sul,17912,3 - 10001 até 20000,Não,Sim,Sim,-,Sim,Possui ônibus local (via intermunicipal que circula internamente),Pendente,,,
4204301,Concórdia,SC,4 - Sul,85982,5 - 50001 até 100000,Sim,Sim,Sim,Totalmente adaptada,Sim,Possui ônibus urbano (intramunicipal),Pendente,,,
4204350,Cordilheira Alta,SC,4 - Sul,5099,2 - 5001 até 10000,Não,Não,-,-,Não,Não possui transporte coletivo por ônibus,Sem fonte encontrada,Buscas retornaram apenas rodoviária intermunicipal (Cordilheira Alta-SC),2026-08-11,Nenhuma evidência específica de ônibus urbano intramunicipal encontrada
4204400,Coronel Freitas,SC,4 - Sul,10583,3 - 10001 até 20000,Não,Sim,Não,-,Não,Só ônibus intermunicipal (sem circulação interna),Pendente,,,
4204459,Coronel Martins,SC,4 - Sul,2028,1 - Até 5000,Não,Não,-,-,Não,Não possui transporte coletivo por ônibus,Pendente,,,
4204509,Corupá,SC,4 - Sul,15781,3 - 10001 até 20000,Sim,Sim,Não,Parcialmente adaptada,Sim,Possui ônibus urbano (intramunicipal),Pendente,,,
4204558,Correia Pinto,SC,4 - Sul,16163,3 - 10001 até 20000,Sim,Sim,Não,Totalmente adaptada,Sim,Possui ônibus urbano (intramunicipal),Pendente,,,
4204608,Criciúma,SC,4 - Sul,225281,6 - 100001 até 500000,Sim,Sim,Não,Parcialmente adaptada,Sim,Possui ônibus urbano (intramunicipal),Pendente,,,
4204707,Cunha Porã,SC,4 - Sul,11208,3 - 10001 até 20000,Não,Não,-,-,Não,Não possui transporte coletivo por ônibus,Sem fonte encontrada,,2026-08-08,Busca retornou apenas informações sobre rodoviária/transporte intermunicipal; sem confirmação confiável específica de ônibus urbano. Mantido dado original do MUNIC.
4204756,Cunhataí,SC,4 - Sul,2018,1 - Até 5000,Não,Sim,Não,-,Não,Só ônibus intermunicipal (sem circulação interna),Pendente,,,
4204806,Curitibanos,SC,4 - Sul,41512,4 - 20001 até 50000,Sim,Sim,Não,Parcialmente adaptada,Sim,Possui ônibus urbano (intramunicipal),Pendente,,,
4204905,Descanso,SC,4 - Sul,8660,2 - 5001 até 10000,Não,Sim,Não,-,Não,Só ônibus intermunicipal (sem circulação interna),Pendente,,,
4205001,Dionísio Cerqueira,SC,4 - Sul,15294,3 - 10001 até 20000,Não,Sim,Sim,-,Sim,Possui ônibus local (via intermunicipal que circula internamente),Pendente,,,
4205100,Dona Emma,SC,4 - Sul,4388,1 - Até 5000,Não,Não,-,-,Não,Não possui transporte coletivo por ônibus,Pendente,,,
4205159,Doutor Pedrinho,SC,4 - Sul,3719,1 - Até 5000,Não,Sim,Não,-,Não,Só ônibus intermunicipal (sem circulação interna),Pendente,,,
4205175,Entre Rios,SC,4 - Sul,3525,1 - Até 5000,Não,Não,-,-,Não,Não possui transporte coletivo por ônibus,Pendente,,,
4205191,Ermo,SC,4 - Sul,2349,1 - Até 5000,Não,Sim,Não,-,Não,Só ônibus intermunicipal (sem circulação interna),Pendente,,,
4205209,Erval Velho,SC,4 - Sul,5081,2 - 5001 até 10000,Não,Sim,Sim,-,Sim,Possui ônibus local (via intermunicipal que circula internamente),Pendente,,,
4205308,Faxinal dos Guedes,SC,4 - Sul,11486,3 - 10001 até 20000,Não,Sim,Não,-,Não,Só ônibus intermunicipal (sem circulação interna),Pendente,,,
4205357,Flor do Sertão,SC,4 - Sul,1850,1 - Até 5000,Sim,Não,-,Sem adaptação,Sim,Possui ônibus urbano (intramunicipal),Pendente,,,
4205407,Florianópolis,SC,4 - Sul,576361,7 - Maior que 500000,Sim,Sim,Sim,Totalmente adaptada,Sim,Possui ônibus urbano (intramunicipal),Confirmado,Sistema de transporte público municipal amplamente documentado (site da prefeitura/empresa de transporte municipal),2026-08-07,Capital estadual com sistema de ônibus urbano consolidado e publicamente conhecido; dado do MUNIC 2024 já indicava 'Sim' corretamente.
4205431,Formosa do Sul,SC,4 - Sul,2743,1 - Até 5000,Não,Sim,Não,-,Não,Só ônibus intermunicipal (sem circulação interna),Pendente,,,
4205456,Forquilhinha,SC,4 - Sul,33929,4 - 20001 até 50000,Sim,Sim,Sim,Parcialmente adaptada,Sim,Possui ônibus urbano (intramunicipal),Pendente,,,
4205506,Fraiburgo,SC,4 - Sul,34148,4 - 20001 até 50000,Sim,Sim,Sim,Totalmente adaptada,Sim,Possui ônibus urbano (intramunicipal),Pendente,,,
4205555,Frei Rogério,SC,4 - Sul,2442,1 - Até 5000,Não,Não,-,-,Não,Não possui transporte coletivo por ônibus,Pendente,,,
4205605,Galvão,SC,4 - Sul,3200,1 - Até 5000,Não,Sim,Não,-,Não,Só ônibus intermunicipal (sem circulação interna),Pendente,,,
4205704,Garopaba,SC,4 - Sul,32962,4 - 20001 até 50000,Sim,Sim,Sim,Parcialmente adaptada,Sim,Possui ônibus urbano (intramunicipal),Pendente,,,
4205803,Garuva,SC,4 - Sul,19554,3 - 10001 até 20000,Não,Sim,Não,-,Não,Só ônibus intermunicipal (sem circulação interna),Pendente,,,
4205902,Gaspar,SC,4 - Sul,76982,5 - 50001 até 100000,Sim,Sim,Sim,Totalmente adaptada,Sim,Possui ônibus urbano (intramunicipal),Pendente,,,
4206009,Governador Celso Ramos,SC,4 - Sul,17920,3 - 10001 até 20000,Sim,Sim,Sim,Parcialmente adaptada,Sim,Possui ônibus urbano (intramunicipal),Pendente,,,
4206108,Grão-Pará,SC,4 - Sul,6397,2 - 5001 até 10000,Não,Sim,Não,-,Não,Só ônibus intermunicipal (sem circulação interna),Pendente,,,
4206207,Gravatal,SC,4 - Sul,12989,3 - 10001 até 20000,Sim,Sim,Não,Parcialmente adaptada,Sim,Possui ônibus urbano (intramunicipal),Pendente,,,
4206306,Guabiruba,SC,4 - Sul,26082,4 - 20001 até 50000,Sim,Sim,Sim,Sem adaptação,Sim,Possui ônibus urbano (intramunicipal),Pendente,,,
4206405,Guaraciaba,SC,4 - Sul,11040,3 - 10001 até 20000,Sim,Sim,Sim,Sem adaptação,Sim,Possui ônibus urbano (intramunicipal),Pendente,,,
4206504,Guaramirim,SC,4 - Sul,49941,4 - 20001 até 50000,Sim,Sim,Sim,Parcialmente adaptada,Sim,Possui ônibus urbano (intramunicipal),Pendente,,,
4206603,Guarujá do Sul,SC,4 - Sul,4899,1 - Até 5000,Sim,Sim,Não,Sem adaptação,Sim,Possui ônibus urbano (intramunicipal),Pendente,,,
4206652,Guatambú,SC,4 - Sul,9267,2 - 5001 até 10000,Não,Sim,Não,-,Não,Só ônibus intermunicipal (sem circulação interna),Pendente,,,
4206702,Herval dOeste,SC,4 - Sul,22173,4 - 20001 até 50000,Sim,Sim,Sim,Parcialmente adaptada,Sim,Possui ônibus urbano (intramunicipal),Pendente,,,
4206751,Ibiam,SC,4 - Sul,2055,1 - Até 5000,Não,Sim,Não,-,Não,Só ônibus intermunicipal (sem circulação interna),Pendente,,,
4206801,Ibicaré,SC,4 - Sul,3304,1 - Até 5000,Não,Sim,Não,-,Não,Só ônibus intermunicipal (sem circulação interna),Pendente,,,
4206900,Ibirama,SC,4 - Sul,20663,4 - 20001 até 50000,Não,Sim,Não,-,Não,Só ônibus intermunicipal (sem circulação interna),Pendente,,,
4207007,Içara,SC,4 - Sul,62455,5 - 50001 até 100000,Não,Sim,Sim,-,Sim,Possui ônibus local (via intermunicipal que circula internamente),Pendente,,,
4207106,Ilhota,SC,4 - Sul,18197,3 - 10001 até 20000,Sim,Sim,Sim,Parcialmente adaptada,Sim,Possui ônibus urbano (intramunicipal),Pendente,,,
4207205,Imaruí,SC,4 - Sul,12127,3 - 10001 até 20000,Sim,Sim,Sim,Sem adaptação,Sim,Possui ônibus urbano (intramunicipal),Pendente,,,
4207304,Imbituba,SC,4 - Sul,56107,5 - 50001 até 100000,Sim,Sim,Não,Parcialmente adaptada,Sim,Possui ônibus urbano (intramunicipal),Pendente,,,
4207403,Imbuia,SC,4 - Sul,6139,2 - 5001 até 10000,Não,Sim,Não,-,Não,Só ônibus intermunicipal (sem circulação interna),Pendente,,,
4207502,Indaial,SC,4 - Sul,76333,5 - 50001 até 100000,Sim,Sim,Sim,Parcialmente adaptada,Sim,Possui ônibus urbano (intramunicipal),Pendente,,,
4207577,Iomerê,SC,4 - Sul,2953,1 - Até 5000,Não,Sim,Não,-,Não,Só ônibus intermunicipal (sem circulação interna),Pendente,,,
4207601,Ipira,SC,4 - Sul,4635,1 - Até 5000,Não,Sim,Sim,-,Sim,Possui ônibus local (via intermunicipal que circula internamente),Pendente,,,
4207650,Iporã do Oeste,SC,4 - Sul,9672,2 - 5001 até 10000,Não,Sim,Não,-,Não,Só ônibus intermunicipal (sem circulação interna),Pendente,,,
4207684,Ipuaçu,SC,4 - Sul,8046,2 - 5001 até 10000,Não,Sim,Não,-,Não,Só ônibus intermunicipal (sem circulação interna),Pendente,,,
4207700,Ipumirim,SC,4 - Sul,8065,2 - 5001 até 10000,Não,Sim,Não,-,Não,Só ônibus intermunicipal (sem circulação interna),Pendente,,,
4207759,Iraceminha,SC,4 - Sul,4005,1 - Até 5000,Não,Não,-,-,Não,Não possui transporte coletivo por ônibus,Pendente,,,
4207809,Irani,SC,4 - Sul,10497,3 - 10001 até 20000,Não,Sim,Sim,-,Sim,Possui ônibus local (via intermunicipal que circula internamente),Pendente,,,
4207858,Irati,SC,4 - Sul,2100,1 - Até 5000,Sim,Sim,Sim,Totalmente adaptada,Sim,Possui ônibus urbano (intramunicipal),Pendente,,,
4207908,Irineópolis,SC,4 - Sul,10437,3 - 10001 até 20000,Não,Não,-,-,Não,Não possui transporte coletivo por ônibus,Sem fonte encontrada,,2026-08-08,Busca retornou apenas informações sobre rodoviária/transporte intermunicipal/escolar; sem confirmação confiável específica de ônibus urbano. Mantido dado original do MUNIC.
4208005,Itá,SC,4 - Sul,7310,2 - 5001 até 10000,Não,Não,-,-,Não,Não possui transporte coletivo por ônibus,Sem fonte encontrada,"Resultados majoritariamente sobre Itajaí-SC (homônimo parcial), nada específico sobre Itá-SC",2026-08-10,"Confusão com Itajaí-SC, sem evidência válida"
4208104,Itaiópolis,SC,4 - Sul,22741,4 - 20001 até 50000,Sim,Não,-,Sem adaptação,Sim,Possui ônibus urbano (intramunicipal),Pendente,,,
4208203,Itajaí,SC,4 - Sul,287289,6 - 100001 até 500000,Sim,Sim,Não,Totalmente adaptada,Sim,Possui ônibus urbano (intramunicipal),Confirmado,Cidade de grande porte com sistema de transporte público municipal/metropolitano amplamente documentado (prefeitura/consórcio de transporte),2026-08-07,Município de grande população (>280 mil hab.) com sistema de ônibus consolidado e publicamente conhecido; dado do MUNIC 2024 já indicava 'Sim' corretamente.
4208302,Itapema,SC,4 - Sul,83330,5 - 50001 até 100000,Sim,Sim,Sim,Parcialmente adaptada,Sim,Possui ônibus urbano (intramunicipal),Pendente,,,
4208401,Itapiranga,SC,4 - Sul,17149,3 - 10001 até 20000,Não,Sim,Sim,-,Sim,Possui ônibus local (via intermunicipal que circula internamente),Pendente,,,
4208450,Itapoá,SC,4 - Sul,34546,4 - 20001 até 50000,Não,Sim,Não,-,Não,Só ônibus intermunicipal (sem circulação interna),Pendente,,,
4208500,Ituporanga,SC,4 - Sul,28042,4 - 20001 até 50000,Não,Sim,Não,-,Não,Só ônibus intermunicipal (sem circulação interna),Pendente,,,
4208609,Jaborá,SC,4 - Sul,4435,1 - Até 5000,Não,Sim,Não,-,Não,Só ônibus intermunicipal (sem circulação interna),Pendente,,,
4208708,Jacinto Machado,SC,4 - Sul,10813,3 - 10001 até 20000,Não,Sim,Não,-,Não,Só ônibus intermunicipal (sem circulação interna),Pendente,,,
4208807,Jaguaruna,SC,4 - Sul,21284,4 - 20001 até 50000,Sim,Sim,Não,Parcialmente adaptada,Sim,Possui ônibus urbano (intramunicipal),Pendente,,,
4208906,Jaraguá do Sul,SC,4 - Sul,195753,6 - 100001 até 500000,Sim,Sim,Não,Totalmente adaptada,Sim,Possui ônibus urbano (intramunicipal),Pendente,,,
4208955,Jardinópolis,SC,4 - Sul,1808,1 - Até 5000,Não,Não,-,-,Não,Não possui transporte coletivo por ônibus,Pendente,,,
4209003,Joaçaba,SC,4 - Sul,31509,4 - 20001 até 50000,Não,Sim,Sim,-,Sim,Possui ônibus local (via intermunicipal que circula internamente),Pendente,,,
4209102,Joinville,SC,4 - Sul,654888,7 - Maior que 500000,Sim,Sim,Não,Totalmente adaptada,Sim,Possui ônibus urbano (intramunicipal),Confirmado,Cidade de grande porte com sistema de transporte público municipal/metropolitano amplamente documentado (prefeitura/consórcio de transporte),2026-08-07,Município de grande população (>280 mil hab.) com sistema de ônibus consolidado e publicamente conhecido; dado do MUNIC 2024 já indicava 'Sim' corretamente.
4209151,José Boiteux,SC,4 - Sul,6307,2 - 5001 até 10000,Não,Não,-,-,Não,Não possui transporte coletivo por ônibus,Sem fonte encontrada,"Buscas retornaram apenas transporte de Florianópolis-SC, nada específico sobre José Boiteux-SC",2026-08-10,Nenhuma evidência específica de ônibus urbano intramunicipal encontrada
4209177,Jupiá,SC,4 - Sul,2675,1 - Até 5000,Não,Sim,Não,-,Não,Só ônibus intermunicipal (sem circulação interna),Pendente,,,
4209201,Lacerdópolis,SC,4 - Sul,2296,1 - Até 5000,Não,Sim,Sim,-,Sim,Possui ônibus local (via intermunicipal que circula internamente),Pendente,,,
4209300,Lages,SC,4 - Sul,171609,6 - 100001 até 500000,Sim,Sim,Não,Parcialmente adaptada,Sim,Possui ônibus urbano (intramunicipal),Pendente,,,
4209409,Laguna,SC,4 - Sul,43992,4 - 20001 até 50000,Sim,Sim,Sim,Parcialmente adaptada,Sim,Possui ônibus urbano (intramunicipal),Pendente,,,
4209458,Lajeado Grande,SC,4 - Sul,1771,1 - Até 5000,Não,Não,-,-,Não,Não possui transporte coletivo por ônibus,Pendente,,,
4209508,Laurentino,SC,4 - Sul,8427,2 - 5001 até 10000,Sim,Sim,Não,Parcialmente adaptada,Sim,Possui ônibus urbano (intramunicipal),Pendente,,,
4209607,Lauro Müller,SC,4 - Sul,14622,3 - 10001 até 20000,Não,Sim,Não,-,Não,Só ônibus intermunicipal (sem circulação interna),Pendente,,,
4209706,Lebon Régis,SC,4 - Sul,11605,3 - 10001 até 20000,Sim,Sim,Não,Parcialmente adaptada,Sim,Possui ônibus urbano (intramunicipal),Pendente,,,
4209805,Leoberto Leal,SC,4 - Sul,3381,1 - Até 5000,Não,Não,-,-,Não,Não possui transporte coletivo por ônibus,Pendente,,,
4209854,Lindóia do Sul,SC,4 - Sul,4611,1 - Até 5000,Sim,Sim,Não,Parcialmente adaptada,Sim,Possui ônibus urbano (intramunicipal),Pendente,,,
4209904,Lontras,SC,4 - Sul,13586,3 - 10001 até 20000,Não,Sim,Não,-,Não,Só ônibus intermunicipal (sem circulação interna),Pendente,,,
4210001,Luiz Alves,SC,4 - Sul,12126,3 - 10001 até 20000,Não,Sim,Não,-,Não,Só ônibus intermunicipal (sem circulação interna),Pendente,,,
4210035,Luzerna,SC,4 - Sul,5931,2 - 5001 até 10000,Sim,Sim,Sim,Parcialmente adaptada,Sim,Possui ônibus urbano (intramunicipal),Pendente,,,
4210050,Macieira,SC,4 - Sul,1800,1 - Até 5000,Sim,Sim,Não,Parcialmente adaptada,Sim,Possui ônibus urbano (intramunicipal),Pendente,,,
4210100,Mafra,SC,4 - Sul,57023,5 - 50001 até 100000,Sim,Sim,Sim,Totalmente adaptada,Sim,Possui ônibus urbano (intramunicipal),Pendente,,,
4210209,Major Gercino,SC,4 - Sul,3258,1 - Até 5000,Sim,Não,-,Parcialmente adaptada,Sim,Possui ônibus urbano (intramunicipal),Pendente,,,
4210308,Major Vieira,SC,4 - Sul,7545,2 - 5001 até 10000,Sim,Sim,Não,Sem adaptação,Sim,Possui ônibus urbano (intramunicipal),Pendente,,,
4210407,Maracajá,SC,4 - Sul,8213,2 - 5001 até 10000,Não,Sim,Sim,-,Sim,Possui ônibus local (via intermunicipal que circula internamente),Pendente,,,
4210506,Maravilha,SC,4 - Sul,30155,4 - 20001 até 50000,Sim,Sim,Não,Totalmente adaptada,Sim,Possui ônibus urbano (intramunicipal),Pendente,,,
4210555,Marema,SC,4 - Sul,2219,1 - Até 5000,Não,Não,-,-,Não,Não possui transporte coletivo por ônibus,Pendente,,,
4210605,Massaranduba,SC,4 - Sul,17897,3 - 10001 até 20000,Não,Sim,Sim,-,Sim,Possui ônibus local (via intermunicipal que circula internamente),Pendente,,,
4210704,Matos Costa,SC,4 - Sul,2795,1 - Até 5000,Sim,Sim,Não,Sem adaptação,Sim,Possui ônibus urbano (intramunicipal),Pendente,,,
4210803,Meleiro,SC,4 - Sul,7127,2 - 5001 até 10000,Não,Sim,Não,-,Não,Só ônibus intermunicipal (sem circulação interna),Pendente,,,
4210852,Mirim Doce,SC,4 - Sul,2554,1 - Até 5000,Não,Não,-,-,Não,Não possui transporte coletivo por ônibus,Pendente,,,
4210902,Modelo,SC,4 - Sul,4156,1 - Até 5000,Não,Sim,Não,-,Não,Só ônibus intermunicipal (sem circulação interna),Pendente,,,
4211009,Mondaí,SC,4 - Sul,10216,3 - 10001 até 20000,Não,Sim,Não,-,Não,Só ônibus intermunicipal (sem circulação interna),Pendente,,,
4211058,Monte Carlo,SC,4 - Sul,9235,2 - 5001 até 10000,Não,Sim,Não,-,Não,Só ônibus intermunicipal (sem circulação interna),Pendente,,,
4211108,Monte Castelo,SC,4 - Sul,7787,2 - 5001 até 10000,Não,Sim,Sim,-,Sim,Possui ônibus local (via intermunicipal que circula internamente),Pendente,,,
4211207,Morro da Fumaça,SC,4 - Sul,19265,3 - 10001 até 20000,Não,Sim,Sim,-,Sim,Possui ônibus local (via intermunicipal que circula internamente),Pendente,,,
4211256,Morro Grande,SC,4 - Sul,3085,1 - Até 5000,Não,Não,-,-,Não,Não possui transporte coletivo por ônibus,Pendente,,,
4211306,Navegantes,SC,4 - Sul,93619,5 - 50001 até 100000,Sim,Sim,Sim,Totalmente adaptada,Sim,Possui ônibus urbano (intramunicipal),Pendente,,,
4211405,Nova Erechim,SC,4 - Sul,5408,2 - 5001 até 10000,Não,Sim,Não,-,Não,Só ônibus intermunicipal (sem circulação interna),Pendente,,,
4211454,Nova Itaberaba,SC,4 - Sul,4648,1 - Até 5000,Não,Não,-,-,Não,Não possui transporte coletivo por ônibus,Sem fonte encontrada,Buscas retornaram apenas transporte escolar e rodoviária intermunicipal (Nova Itaberaba-SC),2026-08-13,"Evidência refere-se a transporte escolar, não coletivo urbano"
4211504,Nova Trento,SC,4 - Sul,14252,3 - 10001 até 20000,Não,Não,-,-,Não,Não possui transporte coletivo por ônibus,Sem fonte encontrada,,2026-08-08,Busca retornou apenas informações sobre rodoviária/transporte intermunicipal ou bairros homônimos; sem confirmação confiável específica. Mantido dado original do MUNIC.
4211603,Nova Veneza,SC,4 - Sul,13968,3 - 10001 até 20000,Não,Sim,Sim,-,Sim,Possui ônibus local (via intermunicipal que circula internamente),Pendente,,,
4211652,Novo Horizonte,SC,4 - Sul,2670,1 - Até 5000,Não,Não,-,-,Não,Não possui transporte coletivo por ônibus,Pendente,,,
4211702,Orleans,SC,4 - Sul,24474,4 - 20001 até 50000,Não,Sim,Não,-,Não,Só ônibus intermunicipal (sem circulação interna),Pendente,,,
4211751,Otacílio Costa,SC,4 - Sul,17780,3 - 10001 até 20000,Sim,Sim,Não,Parcialmente adaptada,Sim,Possui ônibus urbano (intramunicipal),Pendente,,,
4211801,Ouro,SC,4 - Sul,7091,2 - 5001 até 10000,Não,Sim,Sim,-,Sim,Possui ônibus local (via intermunicipal que circula internamente),Pendente,,,
4211850,Ouro Verde,SC,4 - Sul,2203,1 - Até 5000,Não,Não,-,-,Não,Não possui transporte coletivo por ônibus,Pendente,,,
4211876,Paial,SC,4 - Sul,1992,1 - Até 5000,Não,Não,-,-,Não,Não possui transporte coletivo por ônibus,Pendente,,,
4211892,Painel,SC,4 - Sul,2228,1 - Até 5000,Não,Sim,Não,-,Não,Só ônibus intermunicipal (sem circulação interna),Pendente,,,
4211900,Palhoça,SC,4 - Sul,245477,6 - 100001 até 500000,Sim,Sim,Sim,Parcialmente adaptada,Sim,Possui ônibus urbano (intramunicipal),Pendente,,,
4212007,Palma Sola,SC,4 - Sul,7709,2 - 5001 até 10000,Não,Sim,Não,-,Não,Só ônibus intermunicipal (sem circulação interna),Pendente,,,
4212056,Palmeira,SC,4 - Sul,2640,1 - Até 5000,Não,Sim,Não,-,Não,Só ônibus intermunicipal (sem circulação interna),Pendente,,,
4212106,Palmitos,SC,4 - Sul,15812,3 - 10001 até 20000,Não,Sim,Não,-,Não,Só ônibus intermunicipal (sem circulação interna),Pendente,,,
4212205,Papanduva,SC,4 - Sul,19667,3 - 10001 até 20000,Não,Não,-,-,Não,Não possui transporte coletivo por ônibus,Sem fonte encontrada,,2026-08-07,Busca retornou apenas informações sobre rodoviária/transporte intermunicipal ou localidades homônimas; sem confirmação confiável específica. Mantido dado original do MUNIC.
4212239,Paraíso,SC,4 - Sul,4376,1 - Até 5000,Não,Não,-,-,Não,Não possui transporte coletivo por ônibus,Pendente,,,
4212254,Passo de Torres,SC,4 - Sul,14284,3 - 10001 até 20000,Não,Sim,Sim,-,Sim,Possui ônibus local (via intermunicipal que circula internamente),Pendente,,,
4212270,Passos Maia,SC,4 - Sul,4032,1 - Até 5000,Sim,Não,-,Parcialmente adaptada,Sim,Possui ônibus urbano (intramunicipal),Pendente,,,
4212304,Paulo Lopes,SC,4 - Sul,9661,2 - 5001 até 10000,Não,Sim,Não,-,Não,Só ônibus intermunicipal (sem circulação interna),Pendente,,,
4212403,Pedras Grandes,SC,4 - Sul,4343,1 - Até 5000,Não,Sim,Não,-,Não,Só ônibus intermunicipal (sem circulação interna),Pendente,,,
4212502,Penha,SC,4 - Sul,36124,4 - 20001 até 50000,Não,Sim,Sim,-,Sim,Possui ônibus local (via intermunicipal que circula internamente),Pendente,,,
4212601,Peritiba,SC,4 - Sul,3039,1 - Até 5000,Sim,Sim,Não,Totalmente adaptada,Sim,Possui ônibus urbano (intramunicipal),Pendente,,,
4212650,Pescaria Brava,SC,4 - Sul,10531,3 - 10001 até 20000,Sim,Sim,Sim,Parcialmente adaptada,Sim,Possui ônibus urbano (intramunicipal),Pendente,,,
4212700,Petrolândia,SC,4 - Sul,6942,2 - 5001 até 10000,Não,Sim,Não,-,Não,Só ônibus intermunicipal (sem circulação interna),Pendente,,,
4212809,Balneário Piçarras,SC,4 - Sul,29725,4 - 20001 até 50000,Sim,Sim,Não,Totalmente adaptada,Sim,Possui ônibus urbano (intramunicipal),Pendente,,,
4212908,Pinhalzinho,SC,4 - Sul,23379,4 - 20001 até 50000,Sim,Sim,Sim,Parcialmente adaptada,Sim,Possui ônibus urbano (intramunicipal),Pendente,,,
4213005,Pinheiro Preto,SC,4 - Sul,3598,1 - Até 5000,Não,Sim,Sim,-,Sim,Possui ônibus local (via intermunicipal que circula internamente),Pendente,,,
4213104,Piratuba,SC,4 - Sul,6053,2 - 5001 até 10000,Não,Sim,Não,-,Não,Só ônibus intermunicipal (sem circulação interna),Pendente,,,
4213153,Planalto Alegre,SC,4 - Sul,3053,1 - Até 5000,Não,Sim,Não,-,Não,Só ônibus intermunicipal (sem circulação interna),Pendente,,,
4213203,Pomerode,SC,4 - Sul,36392,4 - 20001 até 50000,Sim,Sim,Sim,Parcialmente adaptada,Sim,Possui ônibus urbano (intramunicipal),Pendente,,,
4213302,Ponte Alta,SC,4 - Sul,4430,1 - Até 5000,Não,Sim,Não,-,Não,Só ônibus intermunicipal (sem circulação interna),Pendente,,,
4213351,Ponte Alta do Norte,SC,4 - Sul,3249,1 - Até 5000,Não,Sim,Não,-,Não,Só ônibus intermunicipal (sem circulação interna),Pendente,,,
4213401,Ponte Serrada,SC,4 - Sul,10764,3 - 10001 até 20000,Não,Sim,Não,-,Não,Só ônibus intermunicipal (sem circulação interna),Pendente,,,
4213500,Porto Belo,SC,4 - Sul,30590,4 - 20001 até 50000,Sim,Sim,Não,Parcialmente adaptada,Sim,Possui ônibus urbano (intramunicipal),Pendente,,,
4213609,Porto União,SC,4 - Sul,33727,4 - 20001 até 50000,Sim,Não,-,Totalmente adaptada,Sim,Possui ônibus urbano (intramunicipal),Pendente,,,
4213708,Pouso Redondo,SC,4 - Sul,17836,3 - 10001 até 20000,Não,Sim,Não,-,Não,Só ônibus intermunicipal (sem circulação interna),Pendente,,,
4213807,Praia Grande,SC,4 - Sul,8602,2 - 5001 até 10000,Não,Não,-,-,Não,Não possui transporte coletivo por ônibus,Sem fonte encontrada,Resultados sobre Praia Grande-SC confundidos majoritariamente com Praia Grande-SP (Baixada Santista/Viação Piracicabana),2026-08-08,"Homônimo em outro estado, sem evidência válida sobre Praia Grande-SC"
4213906,Presidente Castello Branco,SC,4 - Sul,1711,1 - Até 5000,Não,Não,-,-,Não,Não possui transporte coletivo por ônibus,Pendente,,,
4214003,Presidente Getúlio,SC,4 - Sul,21293,4 - 20001 até 50000,Não,Sim,Não,-,Não,Só ônibus intermunicipal (sem circulação interna),Pendente,,,
4214102,Presidente Nereu,SC,4 - Sul,2345,1 - Até 5000,Não,Não,-,-,Não,Não possui transporte coletivo por ônibus,Pendente,,,
4214151,Princesa,SC,4 - Sul,3054,1 - Até 5000,Não,Não,-,-,Não,Não possui transporte coletivo por ônibus,Pendente,,,
4214201,Quilombo,SC,4 - Sul,11359,3 - 10001 até 20000,Não,Sim,Sim,-,Sim,Possui ônibus local (via intermunicipal que circula internamente),Pendente,,,
4214300,Rancho Queimado,SC,4 - Sul,3435,1 - Até 5000,Sim,Sim,Não,Parcialmente adaptada,Sim,Possui ônibus urbano (intramunicipal),Pendente,,,
4214409,Rio das Antas,SC,4 - Sul,6386,2 - 5001 até 10000,Não,Sim,Sim,-,Sim,Possui ônibus local (via intermunicipal que circula internamente),Pendente,,,
4214508,Rio do Campo,SC,4 - Sul,6613,2 - 5001 até 10000,Não,Não,-,-,Não,Não possui transporte coletivo por ônibus,Sem fonte encontrada,Buscas retornaram apenas rodoviária intermunicipal (Rio do Campo-SC),2026-08-10,Nenhuma evidência específica de ônibus urbano intramunicipal encontrada
4214607,Rio do Oeste,SC,4 - Sul,8008,2 - 5001 até 10000,Não,Sim,Não,-,Não,Só ônibus intermunicipal (sem circulação interna),Pendente,,,
4214706,Rio dos Cedros,SC,4 - Sul,11163,3 - 10001 até 20000,Sim,Sim,Não,Parcialmente adaptada,Sim,Possui ônibus urbano (intramunicipal),Pendente,,,
4214805,Rio do Sul,SC,4 - Sul,76390,5 - 50001 até 100000,Sim,Sim,Sim,Parcialmente adaptada,Sim,Possui ônibus urbano (intramunicipal),Pendente,,,
4214904,Rio Fortuna,SC,4 - Sul,5006,2 - 5001 até 10000,Não,Sim,Não,-,Não,Só ônibus intermunicipal (sem circulação interna),Pendente,,,
4215000,Rio Negrinho,SC,4 - Sul,40168,4 - 20001 até 50000,Sim,Sim,Sim,Totalmente adaptada,Sim,Possui ônibus urbano (intramunicipal),Pendente,,,
4215059,Rio Rufino,SC,4 - Sul,2432,1 - Até 5000,Não,Sim,Não,-,Não,Só ônibus intermunicipal (sem circulação interna),Pendente,,,
4215075,Riqueza,SC,4 - Sul,4835,1 - Até 5000,Sim,Sim,Não,Parcialmente adaptada,Sim,Possui ônibus urbano (intramunicipal),Pendente,,,
4215109,Rodeio,SC,4 - Sul,13321,3 - 10001 até 20000,Não,Sim,Sim,-,Sim,Possui ônibus local (via intermunicipal que circula internamente),Pendente,,,
4215208,Romelândia,SC,4 - Sul,4757,1 - Até 5000,Não,Não,-,-,Não,Não possui transporte coletivo por ônibus,Sem fonte encontrada,Buscas retornaram apenas transporte escolar (Romelândia-SC),2026-08-13,"Evidência refere-se a transporte escolar, não coletivo urbano"
4215307,Salete,SC,4 - Sul,7643,2 - 5001 até 10000,Não,Não,-,-,Não,Não possui transporte coletivo por ônibus,Sem fonte encontrada,Nenhuma informação específica sobre ônibus urbano em Salete-SC,2026-08-10,Nenhuma evidência específica encontrada
4215356,Saltinho,SC,4 - Sul,3633,1 - Até 5000,Não,Não,-,-,Não,Não possui transporte coletivo por ônibus,Pendente,,,
4215406,Salto Veloso,SC,4 - Sul,4486,1 - Até 5000,Não,Sim,Não,-,Não,Só ônibus intermunicipal (sem circulação interna),Pendente,,,
4215455,Sangão,SC,4 - Sul,13567,3 - 10001 até 20000,Não,Sim,Não,-,Não,Só ônibus intermunicipal (sem circulação interna),Pendente,,,
4215505,Santa Cecília,SC,4 - Sul,15764,3 - 10001 até 20000,Recusa,Recusa,Recusa,Recusa,Sem info,Sem informação (recusa/não informou),Pendente,,,
4215554,Santa Helena,SC,4 - Sul,2473,1 - Até 5000,Não,Não,-,-,Não,Não possui transporte coletivo por ônibus,Pendente,,,
4215604,Santa Rosa de Lima,SC,4 - Sul,2128,1 - Até 5000,Não,Não,-,-,Não,Não possui transporte coletivo por ônibus,Pendente,,,
4215653,Santa Rosa do Sul,SC,4 - Sul,10288,3 - 10001 até 20000,Não,Sim,Sim,-,Sim,Possui ônibus local (via intermunicipal que circula internamente),Pendente,,,
4215679,Santa Terezinha,SC,4 - Sul,8077,2 - 5001 até 10000,Não,Não,-,-,Não,Não possui transporte coletivo por ônibus,Sem fonte encontrada,"Empresa 'Santa Terezinha Transportes' opera em Florianópolis-SC, não no município Santa Terezinha-SC (homônimo/confusão)",2026-08-08,Confusão com empresa de transporte homônima sediada em outro município
4215687,Santa Terezinha do Progresso,SC,4 - Sul,2562,1 - Até 5000,Sim,Não,-,Parcialmente adaptada,Sim,Possui ônibus urbano (intramunicipal),Pendente,,,
4215695,Santiago do Sul,SC,4 - Sul,1714,1 - Até 5000,Não,Sim,Não,-,Não,Só ônibus intermunicipal (sem circulação interna),Pendente,,,
4215703,Santo Amaro da Imperatriz,SC,4 - Sul,29392,4 - 20001 até 50000,Sim,Sim,Sim,Parcialmente adaptada,Sim,Possui ônibus urbano (intramunicipal),Pendente,,,
4215752,São Bernardino,SC,4 - Sul,2719,1 - Até 5000,Não,Sim,Sim,-,Sim,Possui ônibus local (via intermunicipal que circula internamente),Pendente,,,
4215802,São Bento do Sul,SC,4 - Sul,86851,5 - 50001 até 100000,Sim,Sim,Sim,Parcialmente adaptada,Sim,Possui ônibus urbano (intramunicipal),Pendente,,,
4215901,São Bonifácio,SC,4 - Sul,2986,1 - Até 5000,Sim,Não,-,Parcialmente adaptada,Sim,Possui ônibus urbano (intramunicipal),Pendente,,,
4216008,São Carlos,SC,4 - Sul,10460,3 - 10001 até 20000,Sim,Sim,Não,Parcialmente adaptada,Sim,Possui ônibus urbano (intramunicipal),Pendente,,,
4216057,São Cristóvão do Sul,SC,4 - Sul,6389,2 - 5001 até 10000,Não,Sim,Não,-,Não,Só ônibus intermunicipal (sem circulação interna),Pendente,,,
4216107,São Domingos,SC,4 - Sul,9356,2 - 5001 até 10000,Não,Sim,Não,-,Não,Só ônibus intermunicipal (sem circulação interna),Pendente,,,
4216206,São Francisco do Sul,SC,4 - Sul,55784,5 - 50001 até 100000,Sim,Sim,Não,Totalmente adaptada,Sim,Possui ônibus urbano (intramunicipal),Pendente,,,
4216255,São João do Oeste,SC,4 - Sul,6446,2 - 5001 até 10000,Não,Sim,Não,-,Não,Só ônibus intermunicipal (sem circulação interna),Pendente,,,
4216305,São João Batista,SC,4 - Sul,34733,4 - 20001 até 50000,Não,Sim,Não,-,Não,Só ônibus intermunicipal (sem circulação interna),Pendente,,,
4216354,São João do Itaperiú,SC,4 - Sul,4732,1 - Até 5000,Não,Sim,Não,-,Não,Só ônibus intermunicipal (sem circulação interna),Pendente,,,
4216404,São João do Sul,SC,4 - Sul,9126,2 - 5001 até 10000,Não,Sim,Não,-,Não,Só ônibus intermunicipal (sem circulação interna),Pendente,,,
4216503,São Joaquim,SC,4 - Sul,26852,4 - 20001 até 50000,Não,Sim,Não,-,Não,Só ônibus intermunicipal (sem circulação interna),Pendente,,,
4216602,São José,SC,4 - Sul,289949,6 - 100001 até 500000,Sim,Sim,Sim,Parcialmente adaptada,Sim,Possui ônibus urbano (intramunicipal),Confirmado,Cidade de grande porte com sistema de transporte público municipal/metropolitano amplamente documentado (prefeitura/consórcio de transporte),2026-08-07,Município de grande população (>280 mil hab.) com sistema de ônibus consolidado e publicamente conhecido; dado do MUNIC 2024 já indicava 'Sim' corretamente.
4216701,São José do Cedro,SC,4 - Sul,14491,3 - 10001 até 20000,Não,Sim,Não,-,Não,Só ônibus intermunicipal (sem circulação interna),Pendente,,,
4216800,São José do Cerrito,SC,4 - Sul,8755,2 - 5001 até 10000,Não,Sim,Não,-,Não,Só ônibus intermunicipal (sem circulação interna),Pendente,,,
4216909,São Lourenço do Oeste,SC,4 - Sul,25770,4 - 20001 até 50000,Sim,Sim,Não,Parcialmente adaptada,Sim,Possui ônibus urbano (intramunicipal),Pendente,,,
4217006,São Ludgero,SC,4 - Sul,14211,3 - 10001 até 20000,Não,Sim,Sim,-,Sim,Possui ônibus local (via intermunicipal que circula internamente),Pendente,,,
4217105,São Martinho,SC,4 - Sul,3501,1 - Até 5000,Não,Sim,Não,-,Não,Só ônibus intermunicipal (sem circulação interna),Pendente,,,
4217154,São Miguel da Boa Vista,SC,4 - Sul,1788,1 - Até 5000,Não,Não,-,-,Não,Não possui transporte coletivo por ônibus,Pendente,,,
4217204,São Miguel do Oeste,SC,4 - Sul,46969,4 - 20001 até 50000,Não,Sim,Não,-,Não,Só ônibus intermunicipal (sem circulação interna),Pendente,,,
4217253,São Pedro de Alcântara,SC,4 - Sul,6076,2 - 5001 até 10000,Não,Sim,Sim,-,Sim,Possui ônibus local (via intermunicipal que circula internamente),Pendente,,,
4217303,Saudades,SC,4 - Sul,10680,3 - 10001 até 20000,Não,Sim,Não,-,Não,Só ônibus intermunicipal (sem circulação interna),Pendente,,,
4217402,Schroeder,SC,4 - Sul,21273,4 - 20001 até 50000,Sim,Sim,Sim,Parcialmente adaptada,Sim,Possui ônibus urbano (intramunicipal),Pendente,,,
4217501,Seara,SC,4 - Sul,19241,3 - 10001 até 20000,Não,Sim,Não,-,Não,Só ônibus intermunicipal (sem circulação interna),Pendente,,,
4217550,Serra Alta,SC,4 - Sul,3367,1 - Até 5000,Sim,Sim,Não,Totalmente adaptada,Sim,Possui ônibus urbano (intramunicipal),Pendente,,,
4217600,Siderópolis,SC,4 - Sul,14087,3 - 10001 até 20000,Não,Sim,Sim,-,Sim,Possui ônibus local (via intermunicipal que circula internamente),Pendente,,,
4217709,Sombrio,SC,4 - Sul,31397,4 - 20001 até 50000,Não,Sim,Não,-,Não,Só ônibus intermunicipal (sem circulação interna),Pendente,,,
4217758,Sul Brasil,SC,4 - Sul,2894,1 - Até 5000,Não,Não,-,-,Não,Não possui transporte coletivo por ônibus,Pendente,,,
4217808,Taió,SC,4 - Sul,18808,3 - 10001 até 20000,Não,Sim,Não,-,Não,Só ônibus intermunicipal (sem circulação interna),Pendente,,,
4217907,Tangará,SC,4 - Sul,8189,2 - 5001 até 10000,Sim,Sim,Sim,Sem adaptação,Sim,Possui ônibus urbano (intramunicipal),Pendente,,,
4217956,Tigrinhos,SC,4 - Sul,2480,1 - Até 5000,Não,Não,-,-,Não,Não possui transporte coletivo por ônibus,Pendente,,,
4218004,Tijucas,SC,4 - Sul,56674,5 - 50001 até 100000,Sim,Sim,Sim,Parcialmente adaptada,Sim,Possui ônibus urbano (intramunicipal),Pendente,,,
4218103,Timbé do Sul,SC,4 - Sul,5495,2 - 5001 até 10000,Não,Sim,Não,-,Não,Só ônibus intermunicipal (sem circulação interna),Pendente,,,
4218202,Timbó,SC,4 - Sul,48903,4 - 20001 até 50000,Sim,Sim,Sim,Totalmente adaptada,Sim,Possui ônibus urbano (intramunicipal),Pendente,,,
4218251,Timbó Grande,SC,4 - Sul,7503,2 - 5001 até 10000,Não,Não,-,-,Não,Não possui transporte coletivo por ônibus,Sem fonte encontrada,"Resultados majoritariamente sobre Timbó-SC (município vizinho e distinto), nada específico sobre Timbó Grande-SC além de menção a uso de veículos próprios",2026-08-10,Confusão com município vizinho homônimo parcial
4218301,Três Barras,SC,4 - Sul,20373,4 - 20001 até 50000,Sim,Sim,Sim,Parcialmente adaptada,Sim,Possui ônibus urbano (intramunicipal),Pendente,,,
4218350,Treviso,SC,4 - Sul,3895,1 - Até 5000,Não,Sim,Não,-,Não,Só ônibus intermunicipal (sem circulação interna),Pendente,,,
4218400,Treze de Maio,SC,4 - Sul,7585,2 - 5001 até 10000,Não,Não,-,-,Não,Não possui transporte coletivo por ônibus,Sem fonte encontrada,"Resultado sobre linhas urbanas ('Maniçoba', 'Distrito Industrial') parece ser de outro município (Serra Talhada-PE, onde há esses bairros), não Treze de Maio-SC",2026-08-10,"Evidência suspeita/incoerente com o município, descartada"
4218509,Treze Tílias,SC,4 - Sul,9308,2 - 5001 até 10000,Sim,Sim,Não,Parcialmente adaptada,Sim,Possui ônibus urbano (intramunicipal),Pendente,,,
4218608,Trombudo Central,SC,4 - Sul,7532,2 - 5001 até 10000,Sim,Sim,Não,Parcialmente adaptada,Sim,Possui ônibus urbano (intramunicipal),Pendente,,,
4218707,Tubarão,SC,4 - Sul,115495,6 - 100001 até 500000,Sim,Sim,Não,Parcialmente adaptada,Sim,Possui ônibus urbano (intramunicipal),Pendente,,,
4218756,Tunápolis,SC,4 - Sul,5054,2 - 5001 até 10000,Não,Não,-,-,Não,Não possui transporte coletivo por ônibus,Sem fonte encontrada,Nenhuma informação específica sobre ônibus urbano em Tunápolis-SC,2026-08-11,Nenhuma evidência específica encontrada
4218806,Turvo,SC,4 - Sul,13492,3 - 10001 até 20000,Não,Sim,Não,-,Não,Só ônibus intermunicipal (sem circulação interna),Pendente,,,
4218855,União do Oeste,SC,4 - Sul,2801,1 - Até 5000,Não,Não,-,-,Não,Não possui transporte coletivo por ônibus,Pendente,,,
4218905,Urubici,SC,4 - Sul,11048,3 - 10001 até 20000,Não,Sim,Não,-,Não,Só ônibus intermunicipal (sem circulação interna),Pendente,,,
4218954,Urupema,SC,4 - Sul,2735,1 - Até 5000,Não,Sim,Não,-,Não,Só ônibus intermunicipal (sem circulação interna),Pendente,,,
4219002,Urussanga,SC,4 - Sul,21395,4 - 20001 até 50000,Sim,Sim,Sim,Parcialmente adaptada,Sim,Possui ônibus urbano (intramunicipal),Pendente,,,
4219101,Vargeão,SC,4 - Sul,3716,1 - Até 5000,Sim,Sim,Não,Sem adaptação,Sim,Possui ônibus urbano (intramunicipal),Pendente,,,
4219150,Vargem,SC,4 - Sul,2632,1 - Até 5000,Não,Sim,Sim,-,Sim,Possui ônibus local (via intermunicipal que circula internamente),Pendente,,,
4219176,Vargem Bonita,SC,4 - Sul,4615,1 - Até 5000,Não,Sim,Sim,-,Sim,Possui ônibus local (via intermunicipal que circula internamente),Pendente,,,
4219200,Vidal Ramos,SC,4 - Sul,6275,2 - 5001 até 10000,Não,Não,-,-,Não,Não possui transporte coletivo por ônibus,Sem fonte encontrada,Buscas retornaram apenas rodoviária intermunicipal (Vidal Ramos-SC),2026-08-10,Nenhuma evidência específica de ônibus urbano intramunicipal encontrada
4219309,Videira,SC,4 - Sul,58299,5 - 50001 até 100000,Sim,Sim,Sim,Totalmente adaptada,Sim,Possui ônibus urbano (intramunicipal),Pendente,,,
4219358,Vitor Meireles,SC,4 - Sul,5492,2 - 5001 até 10000,Sim,Sim,Não,Parcialmente adaptada,Sim,Possui ônibus urbano (intramunicipal),Pendente,,,
4219408,Witmarsum,SC,4 - Sul,4451,1 - Até 5000,Não,Sim,Não,-,Não,Só ônibus intermunicipal (sem circulação interna),Pendente,,,
4219507,Xanxerê,SC,4 - Sul,54194,5 - 50001 até 100000,Sim,Sim,Sim,Parcialmente adaptada,Sim,Possui ônibus urbano (intramunicipal),Pendente,,,
4219606,Xavantina,SC,4 - Sul,3627,1 - Até 5000,Não,Sim,Sim,-,Sim,Possui ônibus local (via intermunicipal que circula internamente),Pendente,,,
4219705,Xaxim,SC,4 - Sul,33902,4 - 20001 até 50000,Não,Sim,Não,-,Não,Só ônibus intermunicipal (sem circulação interna),Pendente,,,
4219853,Zortéa,SC,4 - Sul,4170,1 - Até 5000,Não,Sim,Sim,-,Sim,Possui ônibus local (via intermunicipal que circula internamente),Pendente,,,
4220000,Balneário Rincão,SC,4 - Sul,17226,3 - 10001 até 20000,Não,Sim,Sim,-,Sim,Possui ônibus local (via intermunicipal que circula internamente),Pendente,,,
4300034,Aceguá,RS,4 - Sul,4253,1 - Até 5000,Não,Sim,Não,-,Não,Só ônibus intermunicipal (sem circulação interna),Pendente,,,
4300059,Água Santa,RS,4 - Sul,4000,1 - Até 5000,Não,Não,-,-,Não,Não possui transporte coletivo por ônibus,Pendente,,,
4300109,Agudo,RS,4 - Sul,16346,3 - 10001 até 20000,Sim,Sim,Sim,Parcialmente adaptada,Sim,Possui ônibus urbano (intramunicipal),Pendente,,,
4300208,Ajuricaba,RS,4 - Sul,6848,2 - 5001 até 10000,Não,Sim,Não,-,Não,Só ônibus intermunicipal (sem circulação interna),Pendente,,,
4300307,Alecrim,RS,4 - Sul,6228,2 - 5001 até 10000,Sim,Sim,Não,Sem adaptação,Sim,Possui ônibus urbano (intramunicipal),Pendente,,,
4300406,Alegrete,RS,4 - Sul,74329,5 - 50001 até 100000,Sim,Sim,Não,Parcialmente adaptada,Sim,Possui ônibus urbano (intramunicipal),Pendente,,,
4300455,Alegria,RS,4 - Sul,3711,1 - Até 5000,Não,Sim,Sim,-,Sim,Possui ônibus local (via intermunicipal que circula internamente),Pendente,,,
4300471,Almirante Tamandaré do Sul,RS,4 - Sul,2008,1 - Até 5000,Não,Não,-,-,Não,Não possui transporte coletivo por ônibus,Pendente,,,
4300505,Alpestre,RS,4 - Sul,7243,2 - 5001 até 10000,Sim,Sim,Sim,Sem adaptação,Sim,Possui ônibus urbano (intramunicipal),Pendente,,,
4300554,Alto Alegre,RS,4 - Sul,1837,1 - Até 5000,Não,Não,-,-,Não,Não possui transporte coletivo por ônibus,Pendente,,,
4300570,Alto Feliz,RS,4 - Sul,3143,1 - Até 5000,Não,Sim,Não,-,Não,Só ônibus intermunicipal (sem circulação interna),Pendente,,,
4300604,Alvorada,RS,4 - Sul,194116,6 - 100001 até 500000,Sim,Sim,Sim,Totalmente adaptada,Sim,Possui ônibus urbano (intramunicipal),Pendente,,,
4300638,Amaral Ferrador,RS,4 - Sul,5394,2 - 5001 até 10000,Não,Sim,Não,-,Não,Só ônibus intermunicipal (sem circulação interna),Pendente,,,
4300646,Ametista do Sul,RS,4 - Sul,7822,2 - 5001 até 10000,Não,Sim,Não,-,Não,Só ônibus intermunicipal (sem circulação interna),Pendente,,,
4300661,André da Rocha,RS,4 - Sul,1157,1 - Até 5000,Não,Sim,Não,-,Não,Só ônibus intermunicipal (sem circulação interna),Pendente,,,
4300703,Anta Gorda,RS,4 - Sul,6080,2 - 5001 até 10000,Não,Sim,Não,-,Não,Só ônibus intermunicipal (sem circulação interna),Pendente,,,
4300802,Antônio Prado,RS,4 - Sul,13328,3 - 10001 até 20000,Não,Sim,Não,-,Não,Só ônibus intermunicipal (sem circulação interna),Pendente,,,
4300851,Arambaré,RS,4 - Sul,4211,1 - Até 5000,Sim,Sim,Não,Sem adaptação,Sim,Possui ônibus urbano (intramunicipal),Pendente,,,
4300877,Araricá,RS,4 - Sul,8794,2 - 5001 até 10000,Não,Sim,Não,-,Não,Só ônibus intermunicipal (sem circulação interna),Pendente,,,
4300901,Aratiba,RS,4 - Sul,6618,2 - 5001 até 10000,Sim,Sim,Não,Parcialmente adaptada,Sim,Possui ônibus urbano (intramunicipal),Pendente,,,
4301008,Arroio do Meio,RS,4 - Sul,22490,4 - 20001 até 50000,Não,Sim,-,-,Não,Só ônibus intermunicipal (sem circulação interna),Corrigido,https://agoranovale.com.br/noticias/valedotaquari/novos-horarios-do-transporte-coletivo-entre-lajeado-e-arroio-do-meio-comecam-nesta-segunda-feira/,2026-08-07,"Existe linha de transporte coletivo regular entre Lajeado e Arroio do Meio (operada por 'Expresso Azul de Transporte'), com horários atualizados em abr/2025. MUNIC 2024 registrou 'Não' também para intermunicipal, o que diverge dessa evidência."
4301057,Arroio do Sal,RS,4 - Sul,11384,3 - 10001 até 20000,Sim,Sim,Não,Parcialmente adaptada,Sim,Possui ônibus urbano (intramunicipal),Pendente,,,
4301073,Arroio do Padre,RS,4 - Sul,2651,1 - Até 5000,Sim,Sim,Sim,Sem adaptação,Sim,Possui ônibus urbano (intramunicipal),Pendente,,,
4301107,Arroio dos Ratos,RS,4 - Sul,14923,3 - 10001 até 20000,Não,Sim,Sim,-,Sim,Possui ônibus local (via intermunicipal que circula internamente),Pendente,,,
4301206,Arroio do Tigre,RS,4 - Sul,12296,3 - 10001 até 20000,Sim,Sim,Sim,Parcialmente adaptada,Sim,Possui ônibus urbano (intramunicipal),Pendente,,,
4301305,Arroio Grande,RS,4 - Sul,17887,3 - 10001 até 20000,Sim,Sim,Não,Parcialmente adaptada,Sim,Possui ônibus urbano (intramunicipal),Pendente,,,
4301404,Arvorezinha,RS,4 - Sul,10545,3 - 10001 até 20000,Não,Sim,Não,-,Não,Só ônibus intermunicipal (sem circulação interna),Pendente,,,
4301503,Augusto Pestana,RS,4 - Sul,7302,2 - 5001 até 10000,Não,Sim,Não,-,Não,Só ônibus intermunicipal (sem circulação interna),Pendente,,,
4301552,Áurea,RS,4 - Sul,3460,1 - Até 5000,Não,Sim,Não,-,Não,Só ônibus intermunicipal (sem circulação interna),Pendente,,,
4301602,Bagé,RS,4 - Sul,121900,6 - 100001 até 500000,Recusa,Recusa,Recusa,Recusa,Sem info,Sem informação (recusa/não informou),Pendente,,,
4301636,Balneário Pinhal,RS,4 - Sul,15371,3 - 10001 até 20000,Sim,Sim,Sim,Totalmente adaptada,Sim,Possui ônibus urbano (intramunicipal),Pendente,,,
4301651,Barão,RS,4 - Sul,6489,2 - 5001 até 10000,Não,Sim,Não,-,Não,Só ônibus intermunicipal (sem circulação interna),Pendente,,,
4301701,Barão de Cotegipe,RS,4 - Sul,7313,2 - 5001 até 10000,Não,Sim,Não,-,Não,Só ônibus intermunicipal (sem circulação interna),Pendente,,,
4301750,Barão do Triunfo,RS,4 - Sul,5983,2 - 5001 até 10000,Não,Sim,Sim,-,Sim,Possui ônibus local (via intermunicipal que circula internamente),Pendente,,,
4301800,Barracão,RS,4 - Sul,4920,1 - Até 5000,Não,Não,-,-,Não,Não possui transporte coletivo por ônibus,Sem fonte encontrada,Buscas retornaram apenas rodoviária intermunicipal (Barracão-RS),2026-08-13,Nenhuma evidência específica de ônibus urbano intramunicipal encontrada
4301859,Barra do Guarita,RS,4 - Sul,3230,1 - Até 5000,Não,Não,-,-,Não,Não possui transporte coletivo por ônibus,Pendente,,,
4301875,Barra do Quaraí,RS,4 - Sul,4337,1 - Até 5000,Não,Sim,Não,-,Não,Só ônibus intermunicipal (sem circulação interna),Pendente,,,
4301909,Barra do Ribeiro,RS,4 - Sul,12475,3 - 10001 até 20000,Sim,Sim,Não,Parcialmente adaptada,Sim,Possui ônibus urbano (intramunicipal),Pendente,,,
4301925,Barra do Rio Azul,RS,4 - Sul,1724,1 - Até 5000,Não,Não,-,-,Não,Não possui transporte coletivo por ônibus,Pendente,,,
4301958,Barra Funda,RS,4 - Sul,2555,1 - Até 5000,Não,Sim,Sim,-,Sim,Possui ônibus local (via intermunicipal que circula internamente),Pendente,,,
4302006,Barros Cassal,RS,4 - Sul,9442,2 - 5001 até 10000,Não,Não,-,-,Não,Não possui transporte coletivo por ônibus,Sem fonte encontrada,Buscas retornaram apenas rodoviária intermunicipal (Barros Cassal-RS),2026-08-08,Nenhuma evidência específica de ônibus urbano intramunicipal encontrada
4302055,Benjamin Constant do Sul,RS,4 - Sul,2120,1 - Até 5000,Não,Sim,Não,-,Não,Só ônibus intermunicipal (sem circulação interna),Pendente,,,
4302105,Bento Gonçalves,RS,4 - Sul,127775,6 - 100001 até 500000,Sim,Sim,Sim,Parcialmente adaptada,Sim,Possui ônibus urbano (intramunicipal),Pendente,,,
4302154,Boa Vista das Missões,RS,4 - Sul,1969,1 - Até 5000,Não,Sim,Não,-,Não,Só ônibus intermunicipal (sem circulação interna),Pendente,,,
4302204,Boa Vista do Buricá,RS,4 - Sul,7125,2 - 5001 até 10000,Não,Sim,Não,-,Não,Só ônibus intermunicipal (sem circulação interna),Pendente,,,
4302220,Boa Vista do Cadeado,RS,4 - Sul,2271,1 - Até 5000,Não,Não,-,-,Não,Não possui transporte coletivo por ônibus,Pendente,,,
4302238,Boa Vista do Incra,RS,4 - Sul,2315,1 - Até 5000,Não,Não,-,-,Não,Não possui transporte coletivo por ônibus,Pendente,,,
4302253,Boa Vista do Sul,RS,4 - Sul,2815,1 - Até 5000,Não,Sim,Sim,-,Sim,Possui ônibus local (via intermunicipal que circula internamente),Pendente,,,
4302303,Bom Jesus,RS,4 - Sul,11431,3 - 10001 até 20000,Não,Sim,Sim,-,Sim,Possui ônibus local (via intermunicipal que circula internamente),Pendente,,,
4302352,Bom Princípio,RS,4 - Sul,13650,3 - 10001 até 20000,Sim,Sim,Sim,Sem adaptação,Sim,Possui ônibus urbano (intramunicipal),Pendente,,,
4302378,Bom Progresso,RS,4 - Sul,2134,1 - Até 5000,Sim,Sim,Não,Parcialmente adaptada,Sim,Possui ônibus urbano (intramunicipal),Pendente,,,
4302402,Bom Retiro do Sul,RS,4 - Sul,12578,3 - 10001 até 20000,Não,Sim,Não,-,Não,Só ônibus intermunicipal (sem circulação interna),Pendente,,,
4302451,Boqueirão do Leão,RS,4 - Sul,6215,2 - 5001 até 10000,Sim,Sim,Sim,Parcialmente adaptada,Sim,Possui ônibus urbano (intramunicipal),Pendente,,,
4302501,Bossoroca,RS,4 - Sul,5988,2 - 5001 até 10000,Não,Sim,Não,-,Não,Só ônibus intermunicipal (sem circulação interna),Pendente,,,
4302584,Bozano,RS,4 - Sul,2195,1 - Até 5000,Não,Não,-,-,Não,Não possui transporte coletivo por ônibus,Pendente,,,
4302600,Braga,RS,4 - Sul,3326,1 - Até 5000,Sim,Sim,Sim,Sem adaptação,Sim,Possui ônibus urbano (intramunicipal),Pendente,,,
4302659,Brochier,RS,4 - Sul,5079,2 - 5001 até 10000,Não,Sim,Não,-,Não,Só ônibus intermunicipal (sem circulação interna),Pendente,,,
4302709,Butiá,RS,4 - Sul,19433,3 - 10001 até 20000,Não,Sim,Sim,-,Sim,Possui ônibus local (via intermunicipal que circula internamente),Pendente,,,
4302808,Caçapava do Sul,RS,4 - Sul,33508,4 - 20001 até 50000,Sim,Sim,Não,Sem adaptação,Sim,Possui ônibus urbano (intramunicipal),Pendente,,,
4302907,Cacequi,RS,4 - Sul,11324,3 - 10001 até 20000,Não,Sim,Não,-,Não,Só ônibus intermunicipal (sem circulação interna),Pendente,,,
4303004,Cachoeira do Sul,RS,4 - Sul,82250,5 - 50001 até 100000,Sim,Sim,Sim,Parcialmente adaptada,Sim,Possui ônibus urbano (intramunicipal),Pendente,,,
4303103,Cachoeirinha,RS,4 - Sul,141303,6 - 100001 até 500000,Sim,Sim,Sim,Totalmente adaptada,Sim,Possui ônibus urbano (intramunicipal),Pendente,,,
4303202,Cacique Doble,RS,4 - Sul,4694,1 - Até 5000,Não,Não,-,-,Não,Não possui transporte coletivo por ônibus,Sem fonte encontrada,Buscas retornaram apenas rodoviária intermunicipal (Cacique Doble-RS),2026-08-13,Nenhuma evidência específica de ônibus urbano intramunicipal encontrada
4303301,Caibaté,RS,4 - Sul,4797,1 - Até 5000,Não,Não,-,-,Não,Não possui transporte coletivo por ônibus,Sem fonte encontrada,Nenhuma informação específica sobre ônibus urbano em Caibaté-RS,2026-08-13,Nenhuma evidência específica encontrada
4303400,Caiçara,RS,4 - Sul,4933,1 - Até 5000,Não,Sim,Sim,-,Sim,Possui ônibus local (via intermunicipal que circula internamente),Pendente,,,
4303509,Camaquã,RS,4 - Sul,63959,5 - 50001 até 100000,Sim,Sim,Não,Sem adaptação,Sim,Possui ônibus urbano (intramunicipal),Pendente,,,
4303558,Camargo,RS,4 - Sul,3056,1 - Até 5000,Não,Sim,Não,-,Não,Só ônibus intermunicipal (sem circulação interna),Pendente,,,
4303608,Cambará do Sul,RS,4 - Sul,6492,2 - 5001 até 10000,Não,Sim,Sim,-,Sim,Possui ônibus local (via intermunicipal que circula internamente),Pendente,,,
4303673,Campestre da Serra,RS,4 - Sul,3311,1 - Até 5000,Não,Sim,Não,-,Não,Só ônibus intermunicipal (sem circulação interna),Pendente,,,
4303707,Campina das Missões,RS,4 - Sul,6001,2 - 5001 até 10000,Não,Sim,Sim,-,Sim,Possui ônibus local (via intermunicipal que circula internamente),Pendente,,,
4303806,Campinas do Sul,RS,4 - Sul,5390,2 - 5001 até 10000,Não,Sim,Não,-,Não,Só ônibus intermunicipal (sem circulação interna),Pendente,,,
4303905,Campo Bom,RS,4 - Sul,64704,5 - 50001 até 100000,Sim,Sim,Não,Totalmente adaptada,Sim,Possui ônibus urbano (intramunicipal),Pendente,,,
4304002,Campo Novo,RS,4 - Sul,5068,2 - 5001 até 10000,Não,Sim,Não,-,Não,Só ônibus intermunicipal (sem circulação interna),Pendente,,,
4304101,Campos Borges,RS,4 - Sul,3693,1 - Até 5000,Não,Não,-,-,Não,Não possui transporte coletivo por ônibus,Pendente,,,
4304200,Candelária,RS,4 - Sul,29783,4 - 20001 até 50000,Sim,Sim,Não,Totalmente adaptada,Sim,Possui ônibus urbano (intramunicipal),Pendente,,,
4304309,Cândido Godói,RS,4 - Sul,6421,2 - 5001 até 10000,Não,Sim,Não,-,Não,Só ônibus intermunicipal (sem circulação interna),Pendente,,,
4304358,Candiota,RS,4 - Sul,10992,3 - 10001 até 20000,Sim,Sim,Sim,Parcialmente adaptada,Sim,Possui ônibus urbano (intramunicipal),Pendente,,,
4304408,Canela,RS,4 - Sul,50613,5 - 50001 até 100000,Sim,Sim,Não,Parcialmente adaptada,Sim,Possui ônibus urbano (intramunicipal),Pendente,,,
4304507,Canguçu,RS,4 - Sul,50998,5 - 50001 até 100000,Sim,Sim,Não,Sem adaptação,Sim,Possui ônibus urbano (intramunicipal),Pendente,,,
4304606,Canoas,RS,4 - Sul,359554,6 - 100001 até 500000,Sim,Sim,Não,Totalmente adaptada,Sim,Possui ônibus urbano (intramunicipal),Confirmado,Cidade de grande porte com sistema de transporte público municipal/metropolitano amplamente documentado (prefeitura/consórcio de transporte),2026-08-07,Município de grande população (>280 mil hab.) com sistema de ônibus consolidado e publicamente conhecido; dado do MUNIC 2024 já indicava 'Sim' corretamente.
4304614,Canudos do Vale,RS,4 - Sul,1687,1 - Até 5000,Sim,Sim,Sim,Parcialmente adaptada,Sim,Possui ônibus urbano (intramunicipal),Pendente,,,
4304622,Capão Bonito do Sul,RS,4 - Sul,1769,1 - Até 5000,Não,Não,-,-,Não,Não possui transporte coletivo por ônibus,Pendente,,,
4304630,Capão da Canoa,RS,4 - Sul,66012,5 - 50001 até 100000,Sim,Sim,Sim,Parcialmente adaptada,Sim,Possui ônibus urbano (intramunicipal),Pendente,,,
4304655,Capão do Cipó,RS,4 - Sul,3186,1 - Até 5000,Não,Sim,Sim,-,Sim,Possui ônibus local (via intermunicipal que circula internamente),Pendente,,,
4304663,Capão do Leão,RS,4 - Sul,27389,4 - 20001 até 50000,Sim,Sim,Sim,Parcialmente adaptada,Sim,Possui ônibus urbano (intramunicipal),Pendente,,,
4304671,Capivari do Sul,RS,4 - Sul,4079,1 - Até 5000,Não,Sim,Sim,-,Sim,Possui ônibus local (via intermunicipal que circula internamente),Pendente,,,
4304689,Capela de Santana,RS,4 - Sul,11416,3 - 10001 até 20000,Não,Sim,Não,-,Não,Só ônibus intermunicipal (sem circulação interna),Pendente,,,
4304697,Capitão,RS,4 - Sul,2991,1 - Até 5000,Não,Sim,Não,-,Não,Só ônibus intermunicipal (sem circulação interna),Pendente,,,
4304705,Carazinho,RS,4 - Sul,63638,5 - 50001 até 100000,Sim,Sim,Sim,Parcialmente adaptada,Sim,Possui ônibus urbano (intramunicipal),Pendente,,,
4304713,Caraá,RS,4 - Sul,7553,2 - 5001 até 10000,Sim,Sim,Sim,Sem adaptação,Sim,Possui ônibus urbano (intramunicipal),Pendente,,,
4304804,Carlos Barbosa,RS,4 - Sul,31528,4 - 20001 até 50000,Sim,Sim,Sim,Totalmente adaptada,Sim,Possui ônibus urbano (intramunicipal),Pendente,,,
4304853,Carlos Gomes,RS,4 - Sul,1387,1 - Até 5000,Não,Sim,Sim,-,Sim,Possui ônibus local (via intermunicipal que circula internamente),Pendente,,,
4304903,Casca,RS,4 - Sul,9689,2 - 5001 até 10000,Sim,Sim,Não,Parcialmente adaptada,Sim,Possui ônibus urbano (intramunicipal),Pendente,,,
4304952,Caseiros,RS,4 - Sul,3064,1 - Até 5000,Não,Sim,Não,-,Não,Só ônibus intermunicipal (sem circulação interna),Pendente,,,
4305009,Catuípe,RS,4 - Sul,8840,2 - 5001 até 10000,Não,Sim,Não,-,Não,Só ônibus intermunicipal (sem circulação interna),Pendente,,,
4305108,Caxias do Sul,RS,4 - Sul,479256,6 - 100001 até 500000,Sim,Sim,Não,Totalmente adaptada,Sim,Possui ônibus urbano (intramunicipal),Confirmado,Cidade de grande porte com sistema de transporte público municipal/metropolitano amplamente documentado (prefeitura/consórcio de transporte),2026-08-07,Município de grande população (>280 mil hab.) com sistema de ônibus consolidado e publicamente conhecido; dado do MUNIC 2024 já indicava 'Sim' corretamente.
4305116,Centenário,RS,4 - Sul,2779,1 - Até 5000,Não,Sim,Não,-,Não,Só ônibus intermunicipal (sem circulação interna),Pendente,,,
4305124,Cerrito,RS,4 - Sul,5915,2 - 5001 até 10000,Não,Não,-,-,Não,Não possui transporte coletivo por ônibus,Sem fonte encontrada,"Buscas retornaram apenas rodoviária/transporte estadual geral do RS, nada específico sobre Cerrito-RS",2026-08-10,Nenhuma evidência específica de ônibus urbano intramunicipal encontrada
4305132,Cerro Branco,RS,4 - Sul,3865,1 - Até 5000,Sim,Sim,Não,Sem adaptação,Sim,Possui ônibus urbano (intramunicipal),Pendente,,,
4305157,Cerro Grande,RS,4 - Sul,2429,1 - Até 5000,Sim,Sim,Sim,Parcialmente adaptada,Sim,Possui ônibus urbano (intramunicipal),Pendente,,,
4305173,Cerro Grande do Sul,RS,4 - Sul,9343,2 - 5001 até 10000,Não,Sim,Sim,-,Sim,Possui ônibus local (via intermunicipal que circula internamente),Pendente,,,
4305207,Cerro Largo,RS,4 - Sul,14009,3 - 10001 até 20000,Não,Sim,Não,-,Não,Só ônibus intermunicipal (sem circulação interna),Pendente,,,
4305306,Chapada,RS,4 - Sul,9748,2 - 5001 até 10000,Sim,Sim,Sim,Parcialmente adaptada,Sim,Possui ônibus urbano (intramunicipal),Pendente,,,
4305355,Charqueadas,RS,4 - Sul,36109,4 - 20001 até 50000,Sim,Sim,Sim,Parcialmente adaptada,Sim,Possui ônibus urbano (intramunicipal),Pendente,,,
4305371,Charrua,RS,4 - Sul,2807,1 - Até 5000,Não,Não,-,-,Não,Não possui transporte coletivo por ônibus,Pendente,,,
4305405,Chiapetta,RS,4 - Sul,3992,1 - Até 5000,Não,Não,-,-,Não,Não possui transporte coletivo por ônibus,Pendente,,,
4305439,Chuí,RS,4 - Sul,6405,2 - 5001 até 10000,Não,Sim,Não,-,Não,Só ônibus intermunicipal (sem circulação interna),Pendente,,,
4305447,Chuvisca,RS,4 - Sul,4686,1 - Até 5000,Não,Sim,Sim,-,Sim,Possui ônibus local (via intermunicipal que circula internamente),Pendente,,,
4305454,Cidreira,RS,4 - Sul,17538,3 - 10001 até 20000,Não,Não,-,-,Não,Não possui transporte coletivo por ônibus,Sem fonte encontrada,,2026-08-07,Apenas linhas intermunicipais do litoral gaúcho; sem fonte específica sobre ônibus urbano interno. Mantido dado original do MUNIC.
4305504,Ciríaco,RS,4 - Sul,4215,1 - Até 5000,Não,Não,-,-,Não,Não possui transporte coletivo por ônibus,Pendente,,,
4305587,Colinas,RS,4 - Sul,2474,1 - Até 5000,Não,Sim,Não,-,Não,Só ônibus intermunicipal (sem circulação interna),Pendente,,,
4305603,Colorado,RS,4 - Sul,3319,1 - Até 5000,Não,Não,-,-,Não,Não possui transporte coletivo por ônibus,Pendente,,,
4305702,Condor,RS,4 - Sul,6539,2 - 5001 até 10000,Sim,Não,-,Parcialmente adaptada,Sim,Possui ônibus urbano (intramunicipal),Pendente,,,
4305801,Constantina,RS,4 - Sul,10623,3 - 10001 até 20000,Não,Sim,Não,-,Não,Só ônibus intermunicipal (sem circulação interna),Pendente,,,
4305835,Coqueiro Baixo,RS,4 - Sul,1311,1 - Até 5000,Sim,Sim,Não,Sem adaptação,Sim,Possui ônibus urbano (intramunicipal),Pendente,,,
4305850,Coqueiros do Sul,RS,4 - Sul,2251,1 - Até 5000,Não,Não,-,-,Não,Não possui transporte coletivo por ônibus,Pendente,,,
4305871,Coronel Barros,RS,4 - Sul,2892,1 - Até 5000,Não,Sim,Não,-,Não,Só ônibus intermunicipal (sem circulação interna),Pendente,,,
4305900,Coronel Bicaco,RS,4 - Sul,6230,2 - 5001 até 10000,Não,Sim,Não,-,Não,Só ônibus intermunicipal (sem circulação interna),Pendente,,,
4305934,Coronel Pilar,RS,4 - Sul,1638,1 - Até 5000,Não,Sim,Sim,-,Sim,Possui ônibus local (via intermunicipal que circula internamente),Pendente,,,
4305959,Cotiporã,RS,4 - Sul,3926,1 - Até 5000,Não,Não,-,-,Não,Não possui transporte coletivo por ônibus,Pendente,,,
4305975,Coxilha,RS,4 - Sul,2719,1 - Até 5000,Não,Sim,Não,-,Não,Só ônibus intermunicipal (sem circulação interna),Pendente,,,
4306007,Crissiumal,RS,4 - Sul,13127,3 - 10001 até 20000,Sim,Sim,Sim,Parcialmente adaptada,Sim,Possui ônibus urbano (intramunicipal),Pendente,,,
4306056,Cristal,RS,4 - Sul,7454,2 - 5001 até 10000,Sim,Sim,Não,Parcialmente adaptada,Sim,Possui ônibus urbano (intramunicipal),Pendente,,,
4306072,Cristal do Sul,RS,4 - Sul,2746,1 - Até 5000,Não,Sim,Sim,-,Sim,Possui ônibus local (via intermunicipal que circula internamente),Pendente,,,
4306106,Cruz Alta,RS,4 - Sul,60486,5 - 50001 até 100000,Sim,Sim,Não,Parcialmente adaptada,Sim,Possui ônibus urbano (intramunicipal),Pendente,,,
4306130,Cruzaltense,RS,4 - Sul,1655,1 - Até 5000,Sim,Sim,Não,Parcialmente adaptada,Sim,Possui ônibus urbano (intramunicipal),Pendente,,,
4306205,Cruzeiro do Sul,RS,4 - Sul,12571,3 - 10001 até 20000,Sim,Sim,Sim,Sem adaptação,Sim,Possui ônibus urbano (intramunicipal),Pendente,,,
4306304,David Canabarro,RS,4 - Sul,4403,1 - Até 5000,Sim,Sim,Sim,Parcialmente adaptada,Sim,Possui ônibus urbano (intramunicipal),Pendente,,,
4306320,Derrubadas,RS,4 - Sul,2797,1 - Até 5000,Sim,Sim,Sim,Sem adaptação,Sim,Possui ônibus urbano (intramunicipal),Pendente,,,
4306353,Dezesseis de Novembro,RS,4 - Sul,2544,1 - Até 5000,Não,Sim,Não,-,Não,Só ônibus intermunicipal (sem circulação interna),Pendente,,,
4306379,Dilermando de Aguiar,RS,4 - Sul,2859,1 - Até 5000,Não,Não,-,-,Não,Não possui transporte coletivo por ônibus,Pendente,,,
4306403,Dois Irmãos,RS,4 - Sul,31769,4 - 20001 até 50000,Sim,Sim,Sim,Totalmente adaptada,Sim,Possui ônibus urbano (intramunicipal),Pendente,,,
4306429,Dois Irmãos das Missões,RS,4 - Sul,2133,1 - Até 5000,Sim,Não,-,Parcialmente adaptada,Sim,Possui ônibus urbano (intramunicipal),Pendente,,,
4306452,Dois Lajeados,RS,4 - Sul,3158,1 - Até 5000,Não,Sim,Não,-,Não,Só ônibus intermunicipal (sem circulação interna),Pendente,,,
4306502,Dom Feliciano,RS,4 - Sul,13291,3 - 10001 até 20000,Sim,Sim,Não,Parcialmente adaptada,Sim,Possui ônibus urbano (intramunicipal),Pendente,,,
4306551,Dom Pedro de Alcântara,RS,4 - Sul,2617,1 - Até 5000,Não,Sim,Não,-,Não,Só ônibus intermunicipal (sem circulação interna),Pendente,,,
4306601,Dom Pedrito,RS,4 - Sul,38094,4 - 20001 até 50000,Sim,Sim,Não,Sem adaptação,Sim,Possui ônibus urbano (intramunicipal),Pendente,,,
4306700,Dona Francisca,RS,4 - Sul,3136,1 - Até 5000,Sim,Sim,Não,Sem adaptação,Sim,Possui ônibus urbano (intramunicipal),Pendente,,,
4306734,Doutor Maurício Cardoso,RS,4 - Sul,4542,1 - Até 5000,Não,Sim,Não,-,Não,Só ônibus intermunicipal (sem circulação interna),Pendente,,,
4306759,Doutor Ricardo,RS,4 - Sul,1925,1 - Até 5000,Não,Sim,Não,-,Não,Só ônibus intermunicipal (sem circulação interna),Pendente,,,
4306767,Eldorado do Sul,RS,4 - Sul,40954,4 - 20001 até 50000,Não,Sim,Sim,-,Sim,Possui ônibus local (via intermunicipal que circula internamente),Pendente,,,
4306809,Encantado,RS,4 - Sul,23494,4 - 20001 até 50000,Sim,Sim,Sim,Sem adaptação,Sim,Possui ônibus urbano (intramunicipal),Pendente,,,
4306908,Encruzilhada do Sul,RS,4 - Sul,24280,4 - 20001 até 50000,Sim,Sim,Sim,Totalmente adaptada,Sim,Possui ônibus urbano (intramunicipal),Pendente,,,
4306924,Engenho Velho,RS,4 - Sul,1317,1 - Até 5000,Não,Não,-,-,Não,Não possui transporte coletivo por ônibus,Pendente,,,
4306932,Entre-Ijuís,RS,4 - Sul,9364,2 - 5001 até 10000,Sim,Sim,Sim,Sem adaptação,Sim,Possui ônibus urbano (intramunicipal),Pendente,,,
4306957,Entre Rios do Sul,RS,4 - Sul,2731,1 - Até 5000,Não,Sim,Não,-,Não,Só ônibus intermunicipal (sem circulação interna),Pendente,,,
4306973,Erebango,RS,4 - Sul,3121,1 - Até 5000,Não,Não,-,-,Não,Não possui transporte coletivo por ônibus,Pendente,,,
4307005,Erechim,RS,4 - Sul,109497,6 - 100001 até 500000,Sim,Sim,Não,Totalmente adaptada,Sim,Possui ônibus urbano (intramunicipal),Pendente,,,
4307054,Ernestina,RS,4 - Sul,3097,1 - Até 5000,Não,Sim,Sim,-,Sim,Possui ônibus local (via intermunicipal que circula internamente),Pendente,,,
4307104,Herval,RS,4 - Sul,6307,2 - 5001 até 10000,Não,Sim,Não,-,Não,Só ônibus intermunicipal (sem circulação interna),Pendente,,,
4307203,Erval Grande,RS,4 - Sul,5029,2 - 5001 até 10000,Não,Sim,Não,-,Não,Só ônibus intermunicipal (sem circulação interna),Pendente,,,
4307302,Erval Seco,RS,4 - Sul,6902,2 - 5001 até 10000,Sim,Sim,Sim,Parcialmente adaptada,Sim,Possui ônibus urbano (intramunicipal),Pendente,,,
4307401,Esmeralda,RS,4 - Sul,3264,1 - Até 5000,Não,Não,-,-,Não,Não possui transporte coletivo por ônibus,Pendente,,,
4307450,Esperança do Sul,RS,4 - Sul,3294,1 - Até 5000,Sim,Sim,Não,Parcialmente adaptada,Sim,Possui ônibus urbano (intramunicipal),Pendente,,,
4307500,Espumoso,RS,4 - Sul,15478,3 - 10001 até 20000,Sim,Não,-,Sem adaptação,Sim,Possui ônibus urbano (intramunicipal),Pendente,,,
4307559,Estação,RS,4 - Sul,5688,2 - 5001 até 10000,Não,Sim,Não,-,Não,Só ônibus intermunicipal (sem circulação interna),Pendente,,,
4307609,Estância Velha,RS,4 - Sul,49440,4 - 20001 até 50000,Sim,Sim,Sim,Parcialmente adaptada,Sim,Possui ônibus urbano (intramunicipal),Pendente,,,
4307708,Esteio,RS,4 - Sul,78181,5 - 50001 até 100000,Sim,Sim,Sim,Totalmente adaptada,Sim,Possui ônibus urbano (intramunicipal),Pendente,,,
4307807,Estrela,RS,4 - Sul,33243,4 - 20001 até 50000,Sim,Sim,Sim,Parcialmente adaptada,Sim,Possui ônibus urbano (intramunicipal),Pendente,,,
4307815,Estrela Velha,RS,4 - Sul,3120,1 - Até 5000,Não,Sim,Não,-,Não,Só ônibus intermunicipal (sem circulação interna),Pendente,,,
4307831,Eugênio de Castro,RS,4 - Sul,2685,1 - Até 5000,Não,Não,-,-,Não,Não possui transporte coletivo por ônibus,Pendente,,,
4307864,Fagundes Varela,RS,4 - Sul,2620,1 - Até 5000,Não,Não,-,-,Não,Não possui transporte coletivo por ônibus,Pendente,,,
4307906,Farroupilha,RS,4 - Sul,72477,5 - 50001 até 100000,Sim,Sim,Sim,Parcialmente adaptada,Sim,Possui ônibus urbano (intramunicipal),Pendente,,,
4308003,Faxinal do Soturno,RS,4 - Sul,6846,2 - 5001 até 10000,Não,Sim,Não,-,Não,Só ônibus intermunicipal (sem circulação interna),Pendente,,,
4308052,Faxinalzinho,RS,4 - Sul,2572,1 - Até 5000,Não,Não,-,-,Não,Não possui transporte coletivo por ônibus,Pendente,,,
4308078,Fazenda Vilanova,RS,4 - Sul,4399,1 - Até 5000,Não,Sim,Não,-,Não,Só ônibus intermunicipal (sem circulação interna),Pendente,,,
4308102,Feliz,RS,4 - Sul,13979,3 - 10001 até 20000,Não,Sim,Sim,-,Sim,Possui ônibus local (via intermunicipal que circula internamente),Pendente,,,
4308201,Flores da Cunha,RS,4 - Sul,31973,4 - 20001 até 50000,Sim,Sim,Não,Parcialmente adaptada,Sim,Possui ônibus urbano (intramunicipal),Pendente,,,
4308250,Floriano Peixoto,RS,4 - Sul,1694,1 - Até 5000,Não,Sim,Sim,-,Sim,Possui ônibus local (via intermunicipal que circula internamente),Pendente,,,
4308300,Fontoura Xavier,RS,4 - Sul,9721,2 - 5001 até 10000,Sim,Sim,Não,Sem adaptação,Sim,Possui ônibus urbano (intramunicipal),Pendente,,,
4308409,Formigueiro,RS,4 - Sul,6533,2 - 5001 até 10000,Não,Sim,Não,-,Não,Só ônibus intermunicipal (sem circulação interna),Pendente,,,
4308433,Forquetinha,RS,4 - Sul,2441,1 - Até 5000,Sim,Sim,Sim,Sem adaptação,Sim,Possui ônibus urbano (intramunicipal),Pendente,,,
4308458,Fortaleza dos Valos,RS,4 - Sul,4569,1 - Até 5000,Não,Sim,Não,-,Não,Só ônibus intermunicipal (sem circulação interna),Pendente,,,
4308508,Frederico Westphalen,RS,4 - Sul,33684,4 - 20001 até 50000,Não,Sim,Sim,-,Sim,Possui ônibus local (via intermunicipal que circula internamente),Pendente,,,
4308607,Garibaldi,RS,4 - Sul,35522,4 - 20001 até 50000,Sim,Sim,Sim,Parcialmente adaptada,Sim,Possui ônibus urbano (intramunicipal),Pendente,,,
4308656,Garruchos,RS,4 - Sul,2729,1 - Até 5000,Não,Não,-,-,Não,Não possui transporte coletivo por ônibus,Pendente,,,
4308706,Gaurama,RS,4 - Sul,5780,2 - 5001 até 10000,Não,Sim,Sim,-,Sim,Possui ônibus local (via intermunicipal que circula internamente),Pendente,,,
4308805,General Câmara,RS,4 - Sul,7751,2 - 5001 até 10000,Sim,Sim,Não,Sem adaptação,Sim,Possui ônibus urbano (intramunicipal),Pendente,,,
4308854,Gentil,RS,4 - Sul,1783,1 - Até 5000,Não,Não,-,-,Não,Não possui transporte coletivo por ônibus,Pendente,,,
4308904,Getúlio Vargas,RS,4 - Sul,16950,3 - 10001 até 20000,Não,Sim,Não,-,Não,Só ônibus intermunicipal (sem circulação interna),Pendente,,,
4309001,Giruá,RS,4 - Sul,16282,3 - 10001 até 20000,Não,Sim,Não,-,Não,Só ônibus intermunicipal (sem circulação interna),Pendente,,,
4309050,Glorinha,RS,4 - Sul,7842,2 - 5001 até 10000,Sim,Sim,Não,Totalmente adaptada,Sim,Possui ônibus urbano (intramunicipal),Pendente,,,
4309100,Gramado,RS,4 - Sul,41621,4 - 20001 até 50000,Sim,Sim,Sim,Parcialmente adaptada,Sim,Possui ônibus urbano (intramunicipal),Pendente,,,
4309126,Gramado dos Loureiros,RS,4 - Sul,2049,1 - Até 5000,Não,Não,-,-,Não,Não possui transporte coletivo por ônibus,Pendente,,,
4309159,Gramado Xavier,RS,4 - Sul,3356,1 - Até 5000,Não,Sim,Sim,-,Sim,Possui ônibus local (via intermunicipal que circula internamente),Pendente,,,
4309209,Gravataí,RS,4 - Sul,275294,6 - 100001 até 500000,Sim,Sim,Sim,Totalmente adaptada,Sim,Possui ônibus urbano (intramunicipal),Pendente,,,
4309258,Guabiju,RS,4 - Sul,1442,1 - Até 5000,Não,Sim,Não,-,Não,Só ônibus intermunicipal (sem circulação interna),Pendente,,,
4309308,Guaíba,RS,4 - Sul,95956,5 - 50001 até 100000,Sim,Sim,Não,Totalmente adaptada,Sim,Possui ônibus urbano (intramunicipal),Pendente,,,
4309407,Guaporé,RS,4 - Sul,26138,4 - 20001 até 50000,Sim,Sim,Não,Sem adaptação,Sim,Possui ônibus urbano (intramunicipal),Pendente,,,
4309506,Guarani das Missões,RS,4 - Sul,7553,2 - 5001 até 10000,Não,Sim,Não,-,Não,Só ônibus intermunicipal (sem circulação interna),Pendente,,,
4309555,Harmonia,RS,4 - Sul,5524,2 - 5001 até 10000,Não,Não,-,-,Não,Não possui transporte coletivo por ônibus,Sem fonte encontrada,"Linha 'HARMONIA' mencionada parece ser rota/bairro na região de Osório/Tramandaí-RS, não linha urbana do município Harmonia-RS (homônimo/confusão)",2026-08-11,"Evidência suspeita de confusão geográfica, descartada"
4309571,Herveiras,RS,4 - Sul,2608,1 - Até 5000,Não,Sim,Sim,-,Sim,Possui ônibus local (via intermunicipal que circula internamente),Pendente,,,
4309605,Horizontina,RS,4 - Sul,19246,3 - 10001 até 20000,Sim,Sim,Sim,Parcialmente adaptada,Sim,Possui ônibus urbano (intramunicipal),Pendente,,,
4309654,Hulha Negra,RS,4 - Sul,6102,2 - 5001 até 10000,Não,Sim,Não,-,Não,Só ônibus intermunicipal (sem circulação interna),Pendente,,,
4309704,Humaitá,RS,4 - Sul,4774,1 - Até 5000,Não,Não,-,-,Não,Não possui transporte coletivo por ônibus,Sem fonte encontrada,"Resultados majoritariamente confundidos com bairro Humaitá em Porto Alegre-RS, nada específico sobre município Humaitá-RS",2026-08-13,Confusão com bairro homônimo em Porto Alegre-RS
4309753,Ibarama,RS,4 - Sul,3793,1 - Até 5000,Não,Não,-,-,Não,Não possui transporte coletivo por ônibus,Pendente,,,
4309803,Ibiaçá,RS,4 - Sul,4618,1 - Até 5000,Não,Sim,Não,-,Não,Só ônibus intermunicipal (sem circulação interna),Pendente,,,
4309902,Ibiraiaras,RS,4 - Sul,6830,2 - 5001 até 10000,Não,Não,-,-,Não,Não possui transporte coletivo por ônibus,Sem fonte encontrada,Buscas retornaram apenas rodoviária/transporte intermunicipal regulado pelo DAER-RS (Ibiraiaras-RS),2026-08-10,Nenhuma evidência específica de ônibus urbano intramunicipal encontrada
4309951,Ibirapuitã,RS,4 - Sul,3793,1 - Até 5000,Não,Sim,Sim,-,Sim,Possui ônibus local (via intermunicipal que circula internamente),Pendente,,,
4310009,Ibirubá,RS,4 - Sul,22082,4 - 20001 até 50000,Sim,Sim,Não,Parcialmente adaptada,Sim,Possui ônibus urbano (intramunicipal),Pendente,,,
4310108,Igrejinha,RS,4 - Sul,34763,4 - 20001 até 50000,Não,Sim,Sim,-,Sim,Possui ônibus local (via intermunicipal que circula internamente),Pendente,,,
4310207,Ijuí,RS,4 - Sul,87775,5 - 50001 até 100000,Sim,Sim,Não,Parcialmente adaptada,Sim,Possui ônibus urbano (intramunicipal),Pendente,,,
4310306,Ilópolis,RS,4 - Sul,4245,1 - Até 5000,Não,Não,-,-,Não,Não possui transporte coletivo por ônibus,Pendente,,,
4310330,Imbé,RS,4 - Sul,27931,4 - 20001 até 50000,Sim,Sim,Sim,Parcialmente adaptada,Sim,Possui ônibus urbano (intramunicipal),Pendente,,,
4310363,Imigrante,RS,4 - Sul,3148,1 - Até 5000,Não,Sim,Não,-,Não,Só ônibus intermunicipal (sem circulação interna),Pendente,,,
4310405,Independência,RS,4 - Sul,6558,2 - 5001 até 10000,Não,Sim,Não,-,Não,Só ônibus intermunicipal (sem circulação interna),Pendente,,,
4310413,Inhacorá,RS,4 - Sul,2049,1 - Até 5000,Não,Não,-,-,Não,Não possui transporte coletivo por ônibus,Pendente,,,
4310439,Ipê,RS,4 - Sul,5496,2 - 5001 até 10000,Não,Sim,Não,-,Não,Só ônibus intermunicipal (sem circulação interna),Pendente,,,
4310462,Ipiranga do Sul,RS,4 - Sul,1750,1 - Até 5000,Sim,Não,-,Parcialmente adaptada,Sim,Possui ônibus urbano (intramunicipal),Pendente,,,
4310504,Iraí,RS,4 - Sul,7624,2 - 5001 até 10000,Não,Sim,Sim,-,Sim,Possui ônibus local (via intermunicipal que circula internamente),Pendente,,,
4310538,Itaara,RS,4 - Sul,5706,2 - 5001 até 10000,Não,Sim,Sim,-,Sim,Possui ônibus local (via intermunicipal que circula internamente),Pendente,,,
4310553,Itacurubi,RS,4 - Sul,3042,1 - Até 5000,Não,Não,-,-,Não,Não possui transporte coletivo por ônibus,Pendente,,,
4310579,Itapuca,RS,4 - Sul,1967,1 - Até 5000,Não,Sim,Não,-,Não,Só ônibus intermunicipal (sem circulação interna),Pendente,,,
4310603,Itaqui,RS,4 - Sul,36830,4 - 20001 até 50000,Sim,Sim,Sim,Parcialmente adaptada,Sim,Possui ônibus urbano (intramunicipal),Pendente,,,
4310652,Itati,RS,4 - Sul,2695,1 - Até 5000,Não,Sim,Sim,-,Sim,Possui ônibus local (via intermunicipal que circula internamente),Pendente,,,
4310702,Itatiba do Sul,RS,4 - Sul,3249,1 - Até 5000,Não,Sim,Não,-,Não,Só ônibus intermunicipal (sem circulação interna),Pendente,,,
4310751,Ivorá,RS,4 - Sul,1964,1 - Até 5000,Não,Sim,Não,-,Não,Só ônibus intermunicipal (sem circulação interna),Pendente,,,
4310801,Ivoti,RS,4 - Sul,23533,4 - 20001 até 50000,Sim,Sim,Sim,Parcialmente adaptada,Sim,Possui ônibus urbano (intramunicipal),Pendente,,,
4310850,Jaboticaba,RS,4 - Sul,3850,1 - Até 5000,Não,Sim,Não,-,Não,Só ônibus intermunicipal (sem circulação interna),Pendente,,,
4310876,Jacuizinho,RS,4 - Sul,2070,1 - Até 5000,Não,Não,-,-,Não,Não possui transporte coletivo por ônibus,Pendente,,,
4310900,Jacutinga,RS,4 - Sul,3401,1 - Até 5000,Não,Sim,Não,-,Não,Só ônibus intermunicipal (sem circulação interna),Pendente,,,
4311007,Jaguarão,RS,4 - Sul,27406,4 - 20001 até 50000,Sim,Sim,Não,Parcialmente adaptada,Sim,Possui ônibus urbano (intramunicipal),Pendente,,,
4311106,Jaguari,RS,4 - Sul,10779,3 - 10001 até 20000,Não,Sim,Não,-,Não,Só ônibus intermunicipal (sem circulação interna),Pendente,,,
4311122,Jaquirana,RS,4 - Sul,3755,1 - Até 5000,Não,Não,-,-,Não,Não possui transporte coletivo por ônibus,Pendente,,,
4311130,Jari,RS,4 - Sul,3414,1 - Até 5000,Não,Não,-,-,Não,Não possui transporte coletivo por ônibus,Pendente,,,
4311155,Jóia,RS,4 - Sul,7305,2 - 5001 até 10000,Não,Sim,Não,-,Não,Só ônibus intermunicipal (sem circulação interna),Pendente,,,
4311205,Júlio de Castilhos,RS,4 - Sul,18557,3 - 10001 até 20000,Sim,Sim,Sim,Sem adaptação,Sim,Possui ônibus urbano (intramunicipal),Pendente,,,
4311239,Lagoa Bonita do Sul,RS,4 - Sul,2287,1 - Até 5000,Sim,Sim,Sim,Parcialmente adaptada,Sim,Possui ônibus urbano (intramunicipal),Pendente,,,
4311254,Lagoão,RS,4 - Sul,5429,2 - 5001 até 10000,Não,Sim,Sim,-,Sim,Possui ônibus local (via intermunicipal que circula internamente),Pendente,,,
4311270,Lagoa dos Três Cantos,RS,4 - Sul,1779,1 - Até 5000,Não,Sim,Não,-,Não,Só ônibus intermunicipal (sem circulação interna),Pendente,,,
4311304,Lagoa Vermelha,RS,4 - Sul,28617,4 - 20001 até 50000,Não,Sim,Não,-,Não,Só ônibus intermunicipal (sem circulação interna),Pendente,,,
4311403,Lajeado,RS,4 - Sul,96651,5 - 50001 até 100000,Sim,Sim,Sim,Parcialmente adaptada,Sim,Possui ônibus urbano (intramunicipal),Pendente,,,
4311429,Lajeado do Bugre,RS,4 - Sul,2660,1 - Até 5000,Sim,Sim,Sim,Sem adaptação,Sim,Possui ônibus urbano (intramunicipal),Pendente,,,
4311502,Lavras do Sul,RS,4 - Sul,7294,2 - 5001 até 10000,Sim,Sim,Sim,Parcialmente adaptada,Sim,Possui ônibus urbano (intramunicipal),Pendente,,,
4311601,Liberato Salzano,RS,4 - Sul,4854,1 - Até 5000,Sim,Sim,Não,Parcialmente adaptada,Sim,Possui ônibus urbano (intramunicipal),Pendente,,,
4311627,Lindolfo Collor,RS,4 - Sul,6409,2 - 5001 até 10000,Não,Sim,Sim,-,Sim,Possui ônibus local (via intermunicipal que circula internamente),Pendente,,,
4311643,Linha Nova,RS,4 - Sul,1720,1 - Até 5000,Não,Não,-,-,Não,Não possui transporte coletivo por ônibus,Pendente,,,
4311700,Machadinho,RS,4 - Sul,5864,2 - 5001 até 10000,Não,Não,-,-,Não,Não possui transporte coletivo por ônibus,Sem fonte encontrada,Buscas retornaram apenas rodoviária intermunicipal e resultado confundido com linha 'Machadinho' em Canoas-RS,2026-08-10,"Confusão com linha urbana homônima em Canoas-RS, sem evidência válida"
4311718,Maçambará,RS,4 - Sul,4487,1 - Até 5000,Não,Sim,Sim,-,Sim,Possui ônibus local (via intermunicipal que circula internamente),Pendente,,,
4311734,Mampituba,RS,4 - Sul,3201,1 - Até 5000,Não,Sim,Sim,-,Sim,Possui ônibus local (via intermunicipal que circula internamente),Pendente,,,
4311759,Manoel Viana,RS,4 - Sul,6917,2 - 5001 até 10000,Sim,Sim,Não,Parcialmente adaptada,Sim,Possui ônibus urbano (intramunicipal),Pendente,,,
4311775,Maquiné,RS,4 - Sul,7588,2 - 5001 até 10000,Não,Sim,Não,-,Não,Só ônibus intermunicipal (sem circulação interna),Pendente,,,
4311791,Maratá,RS,4 - Sul,2521,1 - Até 5000,Não,Sim,Não,-,Não,Só ônibus intermunicipal (sem circulação interna),Pendente,,,
4311809,Marau,RS,4 - Sul,46656,4 - 20001 até 50000,Sim,Sim,Não,Parcialmente adaptada,Sim,Possui ônibus urbano (intramunicipal),Pendente,,,
4311908,Marcelino Ramos,RS,4 - Sul,4389,1 - Até 5000,Não,Sim,Não,-,Não,Só ônibus intermunicipal (sem circulação interna),Pendente,,,
4311981,Mariana Pimentel,RS,4 - Sul,4003,1 - Até 5000,Sim,Sim,Sim,Totalmente adaptada,Sim,Possui ônibus urbano (intramunicipal),Pendente,,,
4312005,Mariano Moro,RS,4 - Sul,1888,1 - Até 5000,Não,Não,-,-,Não,Não possui transporte coletivo por ônibus,Pendente,,,
4312054,Marques de Souza,RS,4 - Sul,4050,1 - Até 5000,Não,Sim,Sim,-,Sim,Possui ônibus local (via intermunicipal que circula internamente),Pendente,,,
4312104,Mata,RS,4 - Sul,4786,1 - Até 5000,Não,Sim,Não,-,Não,Só ônibus intermunicipal (sem circulação interna),Pendente,,,
4312138,Mato Castelhano,RS,4 - Sul,2610,1 - Até 5000,Não,Não,-,-,Não,Não possui transporte coletivo por ônibus,Pendente,,,
4312153,Mato Leitão,RS,4 - Sul,4990,1 - Até 5000,Sim,Sim,Sim,Sem adaptação,Sim,Possui ônibus urbano (intramunicipal),Pendente,,,
4312179,Mato Queimado,RS,4 - Sul,1833,1 - Até 5000,Não,Não,-,-,Não,Não possui transporte coletivo por ônibus,Pendente,,,
4312203,Maximiliano de Almeida,RS,4 - Sul,4258,1 - Até 5000,Não,Sim,Não,-,Não,Só ônibus intermunicipal (sem circulação interna),Pendente,,,
4312252,Minas do Leão,RS,4 - Sul,7661,2 - 5001 até 10000,Sim,Sim,Sim,Parcialmente adaptada,Sim,Possui ônibus urbano (intramunicipal),Pendente,,,
4312302,Miraguaí,RS,4 - Sul,4506,1 - Até 5000,Sim,Sim,Sim,Sem adaptação,Sim,Possui ônibus urbano (intramunicipal),Pendente,,,
4312351,Montauri,RS,4 - Sul,1530,1 - Até 5000,Não,Não,-,-,Não,Não possui transporte coletivo por ônibus,Pendente,,,
4312377,Monte Alegre dos Campos,RS,4 - Sul,3250,1 - Até 5000,Não,Sim,Sim,-,Sim,Possui ônibus local (via intermunicipal que circula internamente),Pendente,,,
4312385,Monte Belo do Sul,RS,4 - Sul,2609,1 - Até 5000,Sim,Sim,Sim,Sem adaptação,Sim,Possui ônibus urbano (intramunicipal),Pendente,,,
4312401,Montenegro,RS,4 - Sul,66295,5 - 50001 até 100000,Sim,Sim,Não,Parcialmente adaptada,Sim,Possui ônibus urbano (intramunicipal),Pendente,,,
4312427,Mormaço,RS,4 - Sul,2815,1 - Até 5000,Sim,Sim,Sim,Sem adaptação,Sim,Possui ônibus urbano (intramunicipal),Pendente,,,
4312443,Morrinhos do Sul,RS,4 - Sul,3134,1 - Até 5000,Não,Sim,Sim,-,Sim,Possui ônibus local (via intermunicipal que circula internamente),Pendente,,,
4312450,Morro Redondo,RS,4 - Sul,6169,2 - 5001 até 10000,Não,Sim,Sim,-,Sim,Possui ônibus local (via intermunicipal que circula internamente),Pendente,,,
4312476,Morro Reuter,RS,4 - Sul,6163,2 - 5001 até 10000,Não,Sim,Não,-,Não,Só ônibus intermunicipal (sem circulação interna),Pendente,,,
4312500,Mostardas,RS,4 - Sul,12346,3 - 10001 até 20000,Não,Sim,Sim,-,Sim,Possui ônibus local (via intermunicipal que circula internamente),Pendente,,,
4312609,Muçum,RS,4 - Sul,4694,1 - Até 5000,Não,Sim,Não,-,Não,Só ônibus intermunicipal (sem circulação interna),Pendente,,,
4312617,Muitos Capões,RS,4 - Sul,2938,1 - Até 5000,Sim,Sim,Não,Parcialmente adaptada,Sim,Possui ônibus urbano (intramunicipal),Pendente,,,
4312625,Muliterno,RS,4 - Sul,1755,1 - Até 5000,Não,Não,-,-,Não,Não possui transporte coletivo por ônibus,Pendente,,,
4312658,Não-Me-Toque,RS,4 - Sul,18314,3 - 10001 até 20000,Sim,Sim,Não,Parcialmente adaptada,Sim,Possui ônibus urbano (intramunicipal),Pendente,,,
4312674,Nicolau Vergueiro,RS,4 - Sul,1979,1 - Até 5000,Não,Sim,Sim,-,Sim,Possui ônibus local (via intermunicipal que circula internamente),Pendente,,,
4312708,Nonoai,RS,4 - Sul,14056,3 - 10001 até 20000,Não,Sim,Não,-,Não,Só ônibus intermunicipal (sem circulação interna),Pendente,,,
4312757,Nova Alvorada,RS,4 - Sul,3229,1 - Até 5000,Sim,Sim,Não,Sem adaptação,Sim,Possui ônibus urbano (intramunicipal),Pendente,,,
4312807,Nova Araçá,RS,4 - Sul,5086,2 - 5001 até 10000,Não,Sim,Não,-,Não,Só ônibus intermunicipal (sem circulação interna),Pendente,,,
4312906,Nova Bassano,RS,4 - Sul,9877,2 - 5001 até 10000,Não,Sim,Não,-,Não,Só ônibus intermunicipal (sem circulação interna),Pendente,,,
4312955,Nova Boa Vista,RS,4 - Sul,2088,1 - Até 5000,Não,Não,-,-,Não,Não possui transporte coletivo por ônibus,Pendente,,,
4313003,Nova Bréscia,RS,4 - Sul,3105,1 - Até 5000,Sim,Sim,Não,Sem adaptação,Sim,Possui ônibus urbano (intramunicipal),Pendente,,,
4313011,Nova Candelária,RS,4 - Sul,3134,1 - Até 5000,Não,Não,-,-,Não,Não possui transporte coletivo por ônibus,Pendente,,,
4313037,Nova Esperança do Sul,RS,4 - Sul,4974,1 - Até 5000,Não,Não,-,-,Não,Não possui transporte coletivo por ônibus,Sem fonte encontrada,Buscas retornaram apenas transporte intermunicipal (Nova Esperança do Sul-RS),2026-08-11,Nenhuma evidência específica de ônibus urbano intramunicipal encontrada
4313060,Nova Hartz,RS,4 - Sul,20539,4 - 20001 até 50000,Não,Sim,Sim,-,Sim,Possui ônibus local (via intermunicipal que circula internamente),Pendente,,,
4313086,Nova Pádua,RS,4 - Sul,2390,1 - Até 5000,Não,Sim,Sim,-,Sim,Possui ônibus local (via intermunicipal que circula internamente),Pendente,,,
4313102,Nova Palma,RS,4 - Sul,5683,2 - 5001 até 10000,Não,Sim,Sim,-,Sim,Possui ônibus local (via intermunicipal que circula internamente),Pendente,,,
4313201,Nova Petrópolis,RS,4 - Sul,23889,4 - 20001 até 50000,Sim,Sim,Não,Parcialmente adaptada,Sim,Possui ônibus urbano (intramunicipal),Pendente,,,
4313300,Nova Prata,RS,4 - Sul,26587,4 - 20001 até 50000,Sim,Sim,Não,Parcialmente adaptada,Sim,Possui ônibus urbano (intramunicipal),Pendente,,,
4313334,Nova Ramada,RS,4 - Sul,2201,1 - Até 5000,Não,Não,-,-,Não,Não possui transporte coletivo por ônibus,Pendente,,,
4313359,Nova Roma do Sul,RS,4 - Sul,3543,1 - Até 5000,Não,Sim,Não,-,Não,Só ônibus intermunicipal (sem circulação interna),Pendente,,,
4313375,Nova Santa Rita,RS,4 - Sul,30121,4 - 20001 até 50000,Sim,Sim,Sim,Totalmente adaptada,Sim,Possui ônibus urbano (intramunicipal),Pendente,,,
4313391,Novo Cabrais,RS,4 - Sul,3636,1 - Até 5000,Não,Sim,Não,-,Não,Só ônibus intermunicipal (sem circulação interna),Pendente,,,
4313409,Novo Hamburgo,RS,4 - Sul,235879,6 - 100001 até 500000,Sim,Sim,Sim,Totalmente adaptada,Sim,Possui ônibus urbano (intramunicipal),Pendente,,,
4313425,Novo Machado,RS,4 - Sul,3246,1 - Até 5000,Não,Não,-,-,Não,Não possui transporte coletivo por ônibus,Pendente,,,
4313441,Novo Tiradentes,RS,4 - Sul,2188,1 - Até 5000,Não,Sim,Sim,-,Sim,Possui ônibus local (via intermunicipal que circula internamente),Pendente,,,
4313466,Novo Xingu,RS,4 - Sul,1678,1 - Até 5000,Não,Não,-,-,Não,Não possui transporte coletivo por ônibus,Pendente,,,
4313490,Novo Barreiro,RS,4 - Sul,4371,1 - Até 5000,Sim,Sim,Sim,Sem adaptação,Sim,Possui ônibus urbano (intramunicipal),Pendente,,,
4313508,Osório,RS,4 - Sul,48929,4 - 20001 até 50000,Sim,Sim,Sim,Parcialmente adaptada,Sim,Possui ônibus urbano (intramunicipal),Pendente,,,
4313607,Paim Filho,RS,4 - Sul,3691,1 - Até 5000,Não,Sim,Não,-,Não,Só ônibus intermunicipal (sem circulação interna),Pendente,,,
4313656,Palmares do Sul,RS,4 - Sul,13170,3 - 10001 até 20000,Sim,Não,-,Parcialmente adaptada,Sim,Possui ônibus urbano (intramunicipal),Pendente,,,
4313706,Palmeira das Missões,RS,4 - Sul,34233,4 - 20001 até 50000,Sim,Sim,Sim,Parcialmente adaptada,Sim,Possui ônibus urbano (intramunicipal),Pendente,,,
4313805,Palmitinho,RS,4 - Sul,8032,2 - 5001 até 10000,Não,Sim,Não,-,Não,Só ônibus intermunicipal (sem circulação interna),Pendente,,,
4313904,Panambi,RS,4 - Sul,45042,4 - 20001 até 50000,Sim,Sim,Não,Parcialmente adaptada,Sim,Possui ônibus urbano (intramunicipal),Pendente,,,
4313953,Pantano Grande,RS,4 - Sul,10438,3 - 10001 até 20000,Sim,Sim,Sim,Totalmente adaptada,Sim,Possui ônibus urbano (intramunicipal),Pendente,,,
4314001,Paraí,RS,4 - Sul,7357,2 - 5001 até 10000,Não,Sim,Não,-,Não,Só ônibus intermunicipal (sem circulação interna),Pendente,,,
4314027,Paraíso do Sul,RS,4 - Sul,6635,2 - 5001 até 10000,Não,Sim,Não,-,Não,Só ônibus intermunicipal (sem circulação interna),Pendente,,,
4314035,Pareci Novo,RS,4 - Sul,4433,1 - Até 5000,Não,Sim,Sim,-,Sim,Possui ônibus local (via intermunicipal que circula internamente),Pendente,,,
4314050,Parobé,RS,4 - Sul,53555,5 - 50001 até 100000,Sim,Sim,Sim,Totalmente adaptada,Sim,Possui ônibus urbano (intramunicipal),Pendente,,,
4314068,Passa Sete,RS,4 - Sul,4036,1 - Até 5000,Sim,Sim,Sim,Parcialmente adaptada,Sim,Possui ônibus urbano (intramunicipal),Pendente,,,
4314076,Passo do Sobrado,RS,4 - Sul,6154,2 - 5001 até 10000,Sim,Sim,Sim,Sem adaptação,Sim,Possui ônibus urbano (intramunicipal),Pendente,,,
4314100,Passo Fundo,RS,4 - Sul,214564,6 - 100001 até 500000,Sim,Sim,Sim,Parcialmente adaptada,Sim,Possui ônibus urbano (intramunicipal),Pendente,,,
4314134,Paulo Bento,RS,4 - Sul,2188,1 - Até 5000,Não,Sim,Não,-,Não,Só ônibus intermunicipal (sem circulação interna),Pendente,,,
4314159,Paverama,RS,4 - Sul,8146,2 - 5001 até 10000,Não,Sim,Não,-,Não,Só ônibus intermunicipal (sem circulação interna),Pendente,,,
4314175,Pedras Altas,RS,4 - Sul,2100,1 - Até 5000,Sim,Não,-,Sem adaptação,Sim,Possui ônibus urbano (intramunicipal),Pendente,,,
4314209,Pedro Osório,RS,4 - Sul,7634,2 - 5001 até 10000,Sim,Sim,Sim,Sem adaptação,Sim,Possui ônibus urbano (intramunicipal),Pendente,,,
4314308,Pejuçara,RS,4 - Sul,3819,1 - Até 5000,Não,Sim,Não,-,Não,Só ônibus intermunicipal (sem circulação interna),Pendente,,,
4314407,Pelotas,RS,4 - Sul,336131,6 - 100001 até 500000,Sim,Sim,Sim,Totalmente adaptada,Sim,Possui ônibus urbano (intramunicipal),Confirmado,Cidade de grande porte com sistema de transporte público municipal/metropolitano amplamente documentado (prefeitura/consórcio de transporte),2026-08-07,Município de grande população (>280 mil hab.) com sistema de ônibus consolidado e publicamente conhecido; dado do MUNIC 2024 já indicava 'Sim' corretamente.
4314423,Picada Café,RS,4 - Sul,5470,2 - 5001 até 10000,Não,Sim,Não,-,Não,Só ônibus intermunicipal (sem circulação interna),Pendente,,,
4314456,Pinhal,RS,4 - Sul,3034,1 - Até 5000,Sim,Sim,Sim,Parcialmente adaptada,Sim,Possui ônibus urbano (intramunicipal),Pendente,,,
4314464,Pinhal da Serra,RS,4 - Sul,2299,1 - Até 5000,Não,Não,-,-,Não,Não possui transporte coletivo por ônibus,Pendente,,,
4314472,Pinhal Grande,RS,4 - Sul,3867,1 - Até 5000,Sim,Sim,Não,Sem adaptação,Sim,Possui ônibus urbano (intramunicipal),Pendente,,,
4314498,Pinheirinho do Vale,RS,4 - Sul,4637,1 - Até 5000,Não,Sim,Sim,-,Sim,Possui ônibus local (via intermunicipal que circula internamente),Pendente,,,
4314506,Pinheiro Machado,RS,4 - Sul,11409,3 - 10001 até 20000,Não,Sim,Não,-,Não,Só ônibus intermunicipal (sem circulação interna),Pendente,,,
4314548,Pinto Bandeira,RS,4 - Sul,2784,1 - Até 5000,Não,Sim,Não,-,Não,Só ônibus intermunicipal (sem circulação interna),Pendente,,,
4314555,Pirapó,RS,4 - Sul,2260,1 - Até 5000,Não,Não,-,-,Não,Não possui transporte coletivo por ônibus,Pendente,,,
4314605,Piratini,RS,4 - Sul,17792,3 - 10001 até 20000,Sim,Sim,Sim,Sem adaptação,Sim,Possui ônibus urbano (intramunicipal),Pendente,,,
4314704,Planalto,RS,4 - Sul,10624,3 - 10001 até 20000,Não,Sim,Não,-,Não,Só ônibus intermunicipal (sem circulação interna),Pendente,,,
4314753,Poço das Antas,RS,4 - Sul,2222,1 - Até 5000,Não,Sim,Sim,-,Sim,Possui ônibus local (via intermunicipal que circula internamente),Pendente,,,
4314779,Pontão,RS,4 - Sul,3350,1 - Até 5000,Sim,Sim,Não,Sem adaptação,Sim,Possui ônibus urbano (intramunicipal),Pendente,,,
4314787,Ponte Preta,RS,4 - Sul,1604,1 - Até 5000,Não,Não,-,-,Não,Não possui transporte coletivo por ônibus,Pendente,,,
4314803,Portão,RS,4 - Sul,35237,4 - 20001 até 50000,Sim,Sim,Sim,Parcialmente adaptada,Sim,Possui ônibus urbano (intramunicipal),Pendente,,,
4314902,Porto Alegre,RS,4 - Sul,1389322,7 - Maior que 500000,Sim,Sim,Não,Parcialmente adaptada,Sim,Possui ônibus urbano (intramunicipal),Confirmado,Sistema de transporte público municipal amplamente documentado (site da prefeitura/empresa de transporte municipal),2026-08-07,Capital estadual com sistema de ônibus urbano consolidado e publicamente conhecido; dado do MUNIC 2024 já indicava 'Sim' corretamente.
4315008,Porto Lucena,RS,4 - Sul,4424,1 - Até 5000,Não,Sim,Não,-,Não,Só ônibus intermunicipal (sem circulação interna),Pendente,,,
4315057,Porto Mauá,RS,4 - Sul,2176,1 - Até 5000,Não,Sim,Não,-,Não,Só ônibus intermunicipal (sem circulação interna),Pendente,,,
4315073,Porto Vera Cruz,RS,4 - Sul,1585,1 - Até 5000,Sim,Sim,Não,Sem adaptação,Sim,Possui ônibus urbano (intramunicipal),Pendente,,,
4315107,Porto Xavier,RS,4 - Sul,10132,3 - 10001 até 20000,Não,Sim,Não,-,Não,Só ônibus intermunicipal (sem circulação interna),Pendente,,,
4315131,Pouso Novo,RS,4 - Sul,1773,1 - Até 5000,Sim,Sim,Não,Totalmente adaptada,Sim,Possui ônibus urbano (intramunicipal),Pendente,,,
4315149,Presidente Lucena,RS,4 - Sul,3159,1 - Até 5000,Não,Sim,Não,-,Não,Só ônibus intermunicipal (sem circulação interna),Pendente,,,
4315156,Progresso,RS,4 - Sul,5430,2 - 5001 até 10000,Sim,Sim,Não,Sem adaptação,Sim,Possui ônibus urbano (intramunicipal),Pendente,,,
4315172,Protásio Alves,RS,4 - Sul,2069,1 - Até 5000,Não,Não,-,-,Não,Não possui transporte coletivo por ônibus,Pendente,,,
4315206,Putinga,RS,4 - Sul,3814,1 - Até 5000,Não,Sim,Não,-,Não,Só ônibus intermunicipal (sem circulação interna),Pendente,,,
4315305,Quaraí,RS,4 - Sul,23988,4 - 20001 até 50000,Sim,Sim,Não,Sem adaptação,Sim,Possui ônibus urbano (intramunicipal),Pendente,,,
4315313,Quatro Irmãos,RS,4 - Sul,1579,1 - Até 5000,Não,Não,-,-,Não,Não possui transporte coletivo por ônibus,Pendente,,,
4315321,Quevedos,RS,4 - Sul,2555,1 - Até 5000,Não,Sim,Sim,-,Sim,Possui ônibus local (via intermunicipal que circula internamente),Pendente,,,
4315354,Quinze de Novembro,RS,4 - Sul,4000,1 - Até 5000,Não,Não,-,-,Não,Não possui transporte coletivo por ônibus,Pendente,,,
4315404,Redentora,RS,4 - Sul,9934,2 - 5001 até 10000,Não,Sim,Sim,-,Sim,Possui ônibus local (via intermunicipal que circula internamente),Pendente,,,
4315453,Relvado,RS,4 - Sul,1828,1 - Até 5000,Não,Sim,Não,-,Não,Só ônibus intermunicipal (sem circulação interna),Pendente,,,
4315503,Restinga Sêca,RS,4 - Sul,15213,3 - 10001 até 20000,Não,Sim,Não,-,Não,Só ônibus intermunicipal (sem circulação interna),Pendente,,,
4315552,Rio dos Índios,RS,4 - Sul,2874,1 - Até 5000,Não,Sim,Sim,-,Sim,Possui ônibus local (via intermunicipal que circula internamente),Pendente,,,
4315602,Rio Grande,RS,4 - Sul,198958,6 - 100001 até 500000,Sim,Sim,Não,Parcialmente adaptada,Sim,Possui ônibus urbano (intramunicipal),Pendente,,,
4315701,Rio Pardo,RS,4 - Sul,35666,4 - 20001 até 50000,Sim,Sim,Sim,Parcialmente adaptada,Sim,Possui ônibus urbano (intramunicipal),Pendente,,,
4315750,Riozinho,RS,4 - Sul,4572,1 - Até 5000,Não,Sim,Sim,-,Sim,Possui ônibus local (via intermunicipal que circula internamente),Pendente,,,
4315800,Roca Sales,RS,4 - Sul,10644,3 - 10001 até 20000,Sim,Sim,Não,Sem adaptação,Sim,Possui ônibus urbano (intramunicipal),Pendente,,,
4315909,Rodeio Bonito,RS,4 - Sul,6821,2 - 5001 até 10000,Não,Sim,Não,-,Não,Só ônibus intermunicipal (sem circulação interna),Pendente,,,
4315958,Rolador,RS,4 - Sul,2332,1 - Até 5000,Não,Sim,Não,-,Não,Só ônibus intermunicipal (sem circulação interna),Pendente,,,
4316006,Rolante,RS,4 - Sul,21733,4 - 20001 até 50000,Não,Sim,Sim,-,Sim,Possui ônibus local (via intermunicipal que circula internamente),Pendente,,,
4316105,Ronda Alta,RS,4 - Sul,9972,2 - 5001 até 10000,Não,Sim,Sim,-,Sim,Possui ônibus local (via intermunicipal que circula internamente),Pendente,,,
4316204,Rondinha,RS,4 - Sul,5083,2 - 5001 até 10000,Não,Sim,Não,-,Não,Só ônibus intermunicipal (sem circulação interna),Pendente,,,
4316303,Roque Gonzales,RS,4 - Sul,6698,2 - 5001 até 10000,Sim,Sim,Sim,Sem adaptação,Sim,Possui ônibus urbano (intramunicipal),Pendente,,,
4316402,Rosário do Sul,RS,4 - Sul,37700,4 - 20001 até 50000,Sim,Sim,Não,Totalmente adaptada,Sim,Possui ônibus urbano (intramunicipal),Pendente,,,
4316428,Sagrada Família,RS,4 - Sul,2529,1 - Até 5000,Sim,Sim,Sim,Sem adaptação,Sim,Possui ônibus urbano (intramunicipal),Pendente,,,
4316436,Saldanha Marinho,RS,4 - Sul,2621,1 - Até 5000,Não,Não,-,-,Não,Não possui transporte coletivo por ônibus,Pendente,,,
4316451,Salto do Jacuí,RS,4 - Sul,10373,3 - 10001 até 20000,Não,Não,-,-,Não,Não possui transporte coletivo por ônibus,Confirmado,https://www.saltodojacui.rs.gov.br/servicos-e-atividades-de-interesse-coletivo/transporte-coletivo/,2026-08-08,Confirmado pela própria prefeitura: 'Não há serviço de transporte público urbano disponível em Salto do Jacuí'; município tem apenas conexões intermunicipais via terminal rodoviário.
4316477,Salvador das Missões,RS,4 - Sul,2953,1 - Até 5000,Sim,Sim,Sim,Parcialmente adaptada,Sim,Possui ônibus urbano (intramunicipal),Pendente,,,
4316501,Salvador do Sul,RS,4 - Sul,7182,2 - 5001 até 10000,Não,Sim,Sim,-,Sim,Possui ônibus local (via intermunicipal que circula internamente),Pendente,,,
4316600,Sananduva,RS,4 - Sul,16759,3 - 10001 até 20000,Não,Não,-,-,Não,Não possui transporte coletivo por ônibus,Sem fonte encontrada,,2026-08-08,Apenas rodoviária intermunicipal; sem fonte específica sobre ônibus urbano. Mantido dado original do MUNIC.
4316709,Santa Bárbara do Sul,RS,4 - Sul,8275,2 - 5001 até 10000,Não,Sim,Não,-,Não,Só ônibus intermunicipal (sem circulação interna),Pendente,,,
4316733,Santa Cecília do Sul,RS,4 - Sul,1710,1 - Até 5000,Não,Não,-,-,Não,Não possui transporte coletivo por ônibus,Pendente,,,
4316758,Santa Clara do Sul,RS,4 - Sul,7067,2 - 5001 até 10000,Não,Sim,Sim,-,Sim,Possui ônibus local (via intermunicipal que circula internamente),Pendente,,,
4316808,Santa Cruz do Sul,RS,4 - Sul,138104,6 - 100001 até 500000,Sim,Sim,Sim,Totalmente adaptada,Sim,Possui ônibus urbano (intramunicipal),Pendente,,,
4316907,Santa Maria,RS,4 - Sul,282244,6 - 100001 até 500000,Sim,Sim,Não,Totalmente adaptada,Sim,Possui ônibus urbano (intramunicipal),Confirmado,Cidade de grande porte com sistema de transporte público municipal/metropolitano amplamente documentado (prefeitura/consórcio de transporte),2026-08-07,Município de grande população (>280 mil hab.) com sistema de ônibus consolidado e publicamente conhecido; dado do MUNIC 2024 já indicava 'Sim' corretamente.
4316956,Santa Maria do Herval,RS,4 - Sul,6482,2 - 5001 até 10000,Não,Sim,Não,-,Não,Só ônibus intermunicipal (sem circulação interna),Pendente,,,
4316972,Santa Margarida do Sul,RS,4 - Sul,2658,1 - Até 5000,Não,Sim,Não,-,Não,Só ônibus intermunicipal (sem circulação interna),Pendente,,,
4317004,Santana da Boa Vista,RS,4 - Sul,7140,2 - 5001 até 10000,Não,Sim,Não,-,Não,Só ônibus intermunicipal (sem circulação interna),Pendente,,,
4317103,SantAna do Livramento,RS,4 - Sul,87296,5 - 50001 até 100000,Sim,Sim,Não,Parcialmente adaptada,Sim,Possui ônibus urbano (intramunicipal),Pendente,,,
4317202,Santa Rosa,RS,4 - Sul,79395,5 - 50001 até 100000,Sim,Sim,Sim,Parcialmente adaptada,Sim,Possui ônibus urbano (intramunicipal),Pendente,,,
4317251,Santa Tereza,RS,4 - Sul,1531,1 - Até 5000,Não,Sim,Não,-,Não,Só ônibus intermunicipal (sem circulação interna),Pendente,,,
4317301,Santa Vitória do Palmar,RS,4 - Sul,31961,4 - 20001 até 50000,Sim,Sim,Sim,Sem adaptação,Sim,Possui ônibus urbano (intramunicipal),Pendente,,,
4317400,Santiago,RS,4 - Sul,50331,5 - 50001 até 100000,Sim,Sim,Não,Parcialmente adaptada,Sim,Possui ônibus urbano (intramunicipal),Pendente,,,
4317509,Santo Ângelo,RS,4 - Sul,79130,5 - 50001 até 100000,Sim,Sim,Não,Parcialmente adaptada,Sim,Possui ônibus urbano (intramunicipal),Pendente,,,
4317558,Santo Antônio do Palma,RS,4 - Sul,2134,1 - Até 5000,Não,Não,-,-,Não,Não possui transporte coletivo por ônibus,Pendente,,,
4317608,Santo Antônio da Patrulha,RS,4 - Sul,44393,4 - 20001 até 50000,Sim,Sim,Sim,Parcialmente adaptada,Sim,Possui ônibus urbano (intramunicipal),Pendente,,,
4317707,Santo Antônio das Missões,RS,4 - Sul,10493,3 - 10001 até 20000,Sim,Sim,Não,Parcialmente adaptada,Sim,Possui ônibus urbano (intramunicipal),Pendente,,,
4317756,Santo Antônio do Planalto,RS,4 - Sul,2136,1 - Até 5000,Não,Não,-,-,Não,Não possui transporte coletivo por ônibus,Pendente,,,
4317806,Santo Augusto,RS,4 - Sul,14196,3 - 10001 até 20000,Não,Sim,Não,-,Não,Só ônibus intermunicipal (sem circulação interna),Pendente,,,
4317905,Santo Cristo,RS,4 - Sul,15656,3 - 10001 até 20000,Não,Sim,Sim,-,Sim,Possui ônibus local (via intermunicipal que circula internamente),Pendente,,,
4317954,Santo Expedito do Sul,RS,4 - Sul,2395,1 - Até 5000,Não,Não,-,-,Não,Não possui transporte coletivo por ônibus,Pendente,,,
4318002,São Borja,RS,4 - Sul,61323,5 - 50001 até 100000,Sim,Sim,Sim,Totalmente adaptada,Sim,Possui ônibus urbano (intramunicipal),Pendente,,,
4318051,São Domingos do Sul,RS,4 - Sul,2808,1 - Até 5000,Não,Sim,Não,-,Não,Só ônibus intermunicipal (sem circulação interna),Pendente,,,
4318101,São Francisco de Assis,RS,4 - Sul,17949,3 - 10001 até 20000,Sim,Sim,Sim,Sem adaptação,Sim,Possui ônibus urbano (intramunicipal),Pendente,,,
4318200,São Francisco de Paula,RS,4 - Sul,22373,4 - 20001 até 50000,Não,Sim,Não,-,Não,Só ônibus intermunicipal (sem circulação interna),Pendente,,,
4318309,São Gabriel,RS,4 - Sul,60102,5 - 50001 até 100000,Sim,Sim,Não,Sem adaptação,Sim,Possui ônibus urbano (intramunicipal),Pendente,,,
4318408,São Jerônimo,RS,4 - Sul,21421,4 - 20001 até 50000,Sim,Sim,Sim,Sem adaptação,Sim,Possui ônibus urbano (intramunicipal),Pendente,,,
4318424,São João da Urtiga,RS,4 - Sul,4549,1 - Até 5000,Não,Não,-,-,Não,Não possui transporte coletivo por ônibus,Sem fonte encontrada,"Empresas listadas fazem transporte de carga/escolar/fretamento, não linha urbana coletiva (São João da Urtiga-RS)",2026-08-13,Nenhuma evidência específica de ônibus urbano coletivo intramunicipal encontrada
4318432,São João do Polêsine,RS,4 - Sul,2707,1 - Até 5000,Não,Sim,Sim,-,Sim,Possui ônibus local (via intermunicipal que circula internamente),Pendente,,,
4318440,São Jorge,RS,4 - Sul,2976,1 - Até 5000,Não,Sim,Não,-,Não,Só ônibus intermunicipal (sem circulação interna),Pendente,,,
4318457,São José das Missões,RS,4 - Sul,2403,1 - Até 5000,Não,Sim,Sim,-,Sim,Possui ônibus local (via intermunicipal que circula internamente),Pendente,,,
4318465,São José do Herval,RS,4 - Sul,1934,1 - Até 5000,Sim,Sim,Não,Parcialmente adaptada,Sim,Possui ônibus urbano (intramunicipal),Pendente,,,
4318481,São José do Hortêncio,RS,4 - Sul,4551,1 - Até 5000,Sim,Não,-,Sem adaptação,Sim,Possui ônibus urbano (intramunicipal),Pendente,,,
4318499,São José do Inhacorá,RS,4 - Sul,2463,1 - Até 5000,Não,Não,-,-,Não,Não possui transporte coletivo por ônibus,Pendente,,,
4318507,São José do Norte,RS,4 - Sul,26245,4 - 20001 até 50000,Sim,Sim,Sim,Sem adaptação,Sim,Possui ônibus urbano (intramunicipal),Pendente,,,
4318606,São José do Ouro,RS,4 - Sul,6978,2 - 5001 até 10000,Não,Não,-,-,Não,Não possui transporte coletivo por ônibus,Sem fonte encontrada,Buscas retornaram apenas rodoviária intermunicipal (São José do Ouro-RS),2026-08-10,Nenhuma evidência específica de ônibus urbano intramunicipal encontrada
4318614,São José do Sul,RS,4 - Sul,2440,1 - Até 5000,Não,Não,-,-,Não,Não possui transporte coletivo por ônibus,Pendente,,,
4318622,São José dos Ausentes,RS,4 - Sul,4286,1 - Até 5000,Não,Sim,Não,-,Não,Só ônibus intermunicipal (sem circulação interna),Pendente,,,
4318705,São Leopoldo,RS,4 - Sul,225669,6 - 100001 até 500000,Sim,Sim,Sim,Totalmente adaptada,Sim,Possui ônibus urbano (intramunicipal),Pendente,,,
4318804,São Lourenço do Sul,RS,4 - Sul,43283,4 - 20001 até 50000,Sim,Sim,Sim,Parcialmente adaptada,Sim,Possui ônibus urbano (intramunicipal),Pendente,,,
4318903,São Luiz Gonzaga,RS,4 - Sul,35858,4 - 20001 até 50000,Não,Sim,Não,-,Não,Só ônibus intermunicipal (sem circulação interna),Pendente,,,
4319000,São Marcos,RS,4 - Sul,21537,4 - 20001 até 50000,Não,Sim,Não,-,Não,Só ônibus intermunicipal (sem circulação interna),Pendente,,,
4319109,São Martinho,RS,4 - Sul,5589,2 - 5001 até 10000,Não,Sim,Não,-,Não,Só ônibus intermunicipal (sem circulação interna),Pendente,,,
4319125,São Martinho da Serra,RS,4 - Sul,2911,1 - Até 5000,Sim,Sim,Sim,Sem adaptação,Sim,Possui ônibus urbano (intramunicipal),Pendente,,,
4319158,São Miguel das Missões,RS,4 - Sul,7196,2 - 5001 até 10000,Não,Não,-,-,Não,Não possui transporte coletivo por ônibus,Sem fonte encontrada,"Fonte indica ausência de sistema extenso de transporte público, com deslocamento predominante a pé (São Miguel das Missões-RS)",2026-08-10,"Evidência sugere ausência de ônibus urbano, mas não é fonte formal suficiente para Confirmado"
4319208,São Nicolau,RS,4 - Sul,5248,2 - 5001 até 10000,Sim,Sim,Não,Sem adaptação,Sim,Possui ônibus urbano (intramunicipal),Pendente,,,
4319307,São Paulo das Missões,RS,4 - Sul,5948,2 - 5001 até 10000,Não,Sim,Não,-,Não,Só ônibus intermunicipal (sem circulação interna),Pendente,,,
4319356,São Pedro da Serra,RS,4 - Sul,3614,1 - Até 5000,Não,Sim,Não,-,Não,Só ônibus intermunicipal (sem circulação interna),Pendente,,,
4319364,São Pedro das Missões,RS,4 - Sul,1791,1 - Até 5000,Não,Sim,Sim,-,Sim,Possui ônibus local (via intermunicipal que circula internamente),Pendente,,,
4319372,São Pedro do Butiá,RS,4 - Sul,3139,1 - Até 5000,Não,Sim,Não,-,Não,Só ônibus intermunicipal (sem circulação interna),Pendente,,,
4319406,São Pedro do Sul,RS,4 - Sul,15870,3 - 10001 até 20000,Não,Sim,Sim,-,Sim,Possui ônibus local (via intermunicipal que circula internamente),Pendente,,,
4319505,São Sebastião do Caí,RS,4 - Sul,24883,4 - 20001 até 50000,Sim,Sim,Sim,Parcialmente adaptada,Sim,Possui ônibus urbano (intramunicipal),Pendente,,,
4319604,São Sepé,RS,4 - Sul,21575,4 - 20001 até 50000,Sim,Sim,Não,Sem adaptação,Sim,Possui ônibus urbano (intramunicipal),Pendente,,,
4319703,São Valentim,RS,4 - Sul,3324,1 - Até 5000,Não,Sim,Não,-,Não,Só ônibus intermunicipal (sem circulação interna),Pendente,,,
4319711,São Valentim do Sul,RS,4 - Sul,2255,1 - Até 5000,Não,Sim,Não,-,Não,Só ônibus intermunicipal (sem circulação interna),Pendente,,,
4319737,São Valério do Sul,RS,4 - Sul,2594,1 - Até 5000,Não,Não,-,-,Não,Não possui transporte coletivo por ônibus,Pendente,,,
4319752,São Vendelino,RS,4 - Sul,2306,1 - Até 5000,Sim,Sim,Não,Parcialmente adaptada,Sim,Possui ônibus urbano (intramunicipal),Pendente,,,
4319802,São Vicente do Sul,RS,4 - Sul,8259,2 - 5001 até 10000,Não,Sim,Não,-,Não,Só ônibus intermunicipal (sem circulação interna),Pendente,,,
4319901,Sapiranga,RS,4 - Sul,77898,5 - 50001 até 100000,Sim,Sim,Sim,Totalmente adaptada,Sim,Possui ônibus urbano (intramunicipal),Pendente,,,
4320008,Sapucaia do Sul,RS,4 - Sul,136542,6 - 100001 até 500000,Sim,Sim,Sim,Totalmente adaptada,Sim,Possui ônibus urbano (intramunicipal),Pendente,,,
4320107,Sarandi,RS,4 - Sul,23356,4 - 20001 até 50000,Não,Sim,Sim,-,Sim,Possui ônibus local (via intermunicipal que circula internamente),Pendente,,,
4320206,Seberi,RS,4 - Sul,12313,3 - 10001 até 20000,Não,Sim,Não,-,Não,Só ônibus intermunicipal (sem circulação interna),Pendente,,,
4320230,Sede Nova,RS,4 - Sul,2753,1 - Até 5000,Não,Não,-,-,Não,Não possui transporte coletivo por ônibus,Pendente,,,
4320263,Segredo,RS,4 - Sul,6107,2 - 5001 até 10000,Não,Sim,Não,-,Não,Só ônibus intermunicipal (sem circulação interna),Pendente,,,
4320305,Selbach,RS,4 - Sul,5220,2 - 5001 até 10000,Não,Sim,Não,-,Não,Só ônibus intermunicipal (sem circulação interna),Pendente,,,
4320321,Senador Salgado Filho,RS,4 - Sul,2726,1 - Até 5000,Não,Não,-,-,Não,Não possui transporte coletivo por ônibus,Pendente,,,
4320354,Sentinela do Sul,RS,4 - Sul,5422,2 - 5001 até 10000,Não,Sim,Não,-,Não,Só ônibus intermunicipal (sem circulação interna),Pendente,,,
4320404,Serafina Corrêa,RS,4 - Sul,17379,3 - 10001 até 20000,Não,Sim,Não,-,Não,Só ônibus intermunicipal (sem circulação interna),Pendente,,,
4320453,Sério,RS,4 - Sul,2093,1 - Até 5000,Sim,Não,-,Parcialmente adaptada,Sim,Possui ônibus urbano (intramunicipal),Pendente,,,
4320503,Sertão,RS,4 - Sul,5637,2 - 5001 até 10000,Não,Sim,Não,-,Não,Só ônibus intermunicipal (sem circulação interna),Pendente,,,
4320552,Sertão Santana,RS,4 - Sul,5988,2 - 5001 até 10000,Não,Sim,Não,-,Não,Só ônibus intermunicipal (sem circulação interna),Pendente,,,
4320578,Sete de Setembro,RS,4 - Sul,1884,1 - Até 5000,Não,Não,-,-,Não,Não possui transporte coletivo por ônibus,Pendente,,,
4320602,Severiano de Almeida,RS,4 - Sul,3467,1 - Até 5000,Não,Sim,Não,-,Não,Só ônibus intermunicipal (sem circulação interna),Pendente,,,
4320651,Silveira Martins,RS,4 - Sul,2060,1 - Até 5000,Não,Sim,Não,-,Não,Só ônibus intermunicipal (sem circulação interna),Pendente,,,
4320677,Sinimbu,RS,4 - Sul,8698,2 - 5001 até 10000,Sim,Sim,Sim,Parcialmente adaptada,Sim,Possui ônibus urbano (intramunicipal),Pendente,,,
4320701,Sobradinho,RS,4 - Sul,14512,3 - 10001 até 20000,Não,Sim,Não,-,Não,Só ônibus intermunicipal (sem circulação interna),Pendente,,,
4320800,Soledade,RS,4 - Sul,30936,4 - 20001 até 50000,Não,Sim,Sim,-,Sim,Possui ônibus local (via intermunicipal que circula internamente),Pendente,,,
4320859,Tabaí,RS,4 - Sul,4565,1 - Até 5000,Não,Não,-,-,Não,Não possui transporte coletivo por ônibus,Sem fonte encontrada,Buscas retornaram apenas rodoviária intermunicipal (Tabaí-RS),2026-08-13,Nenhuma evidência específica de ônibus urbano intramunicipal encontrada
4320909,Tapejara,RS,4 - Sul,25201,4 - 20001 até 50000,Sim,Não,-,Parcialmente adaptada,Sim,Possui ônibus urbano (intramunicipal),Pendente,,,
4321006,Tapera,RS,4 - Sul,10822,3 - 10001 até 20000,Não,Sim,Não,-,Não,Só ônibus intermunicipal (sem circulação interna),Pendente,,,
4321105,Tapes,RS,4 - Sul,14938,3 - 10001 até 20000,Não,Sim,Não,-,Não,Só ônibus intermunicipal (sem circulação interna),Pendente,,,
4321204,Taquara,RS,4 - Sul,54360,5 - 50001 até 100000,Sim,Sim,Sim,Parcialmente adaptada,Sim,Possui ônibus urbano (intramunicipal),Pendente,,,
4321303,Taquari,RS,4 - Sul,25968,4 - 20001 até 50000,Sim,Sim,Não,Parcialmente adaptada,Sim,Possui ônibus urbano (intramunicipal),Pendente,,,
4321329,Taquaruçu do Sul,RS,4 - Sul,3190,1 - Até 5000,Sim,Sim,Sim,Parcialmente adaptada,Sim,Possui ônibus urbano (intramunicipal),Pendente,,,
4321352,Tavares,RS,4 - Sul,5319,2 - 5001 até 10000,Não,Não,-,-,Não,Não possui transporte coletivo por ônibus,Sem fonte encontrada,Buscas retornaram apenas rodoviária/transporte intermunicipal (Tavares-RS),2026-08-11,Nenhuma evidência específica de ônibus urbano intramunicipal encontrada
4321402,Tenente Portela,RS,4 - Sul,14811,3 - 10001 até 20000,Não,Sim,Não,-,Não,Só ônibus intermunicipal (sem circulação interna),Pendente,,,
4321436,Terra de Areia,RS,4 - Sul,10569,3 - 10001 até 20000,Não,Sim,Sim,-,Sim,Possui ônibus local (via intermunicipal que circula internamente),Pendente,,,
4321451,Teutônia,RS,4 - Sul,33963,4 - 20001 até 50000,Sim,Sim,Não,Totalmente adaptada,Sim,Possui ônibus urbano (intramunicipal),Pendente,,,
4321469,Tio Hugo,RS,4 - Sul,3352,1 - Até 5000,Não,Sim,Sim,-,Sim,Possui ônibus local (via intermunicipal que circula internamente),Pendente,,,
4321477,Tiradentes do Sul,RS,4 - Sul,5201,2 - 5001 até 10000,Não,Sim,Sim,-,Sim,Possui ônibus local (via intermunicipal que circula internamente),Pendente,,,
4321493,Toropi,RS,4 - Sul,2598,1 - Até 5000,Não,Sim,Sim,-,Sim,Possui ônibus local (via intermunicipal que circula internamente),Pendente,,,
4321501,Torres,RS,4 - Sul,43268,4 - 20001 até 50000,Sim,Sim,Sim,Parcialmente adaptada,Sim,Possui ônibus urbano (intramunicipal),Pendente,,,
4321600,Tramandaí,RS,4 - Sul,56296,5 - 50001 até 100000,Sim,Sim,Sim,Parcialmente adaptada,Sim,Possui ônibus urbano (intramunicipal),Pendente,,,
4321626,Travesseiro,RS,4 - Sul,2193,1 - Até 5000,Não,Sim,Sim,-,Sim,Possui ônibus local (via intermunicipal que circula internamente),Pendente,,,
4321634,Três Arroios,RS,4 - Sul,2638,1 - Até 5000,Não,Não,-,-,Não,Não possui transporte coletivo por ônibus,Pendente,,,
4321667,Três Cachoeiras,RS,4 - Sul,11216,3 - 10001 até 20000,Não,Sim,Não,-,Não,Só ônibus intermunicipal (sem circulação interna),Pendente,,,
4321709,Três Coroas,RS,4 - Sul,24420,4 - 20001 até 50000,Não,Sim,Sim,-,Sim,Possui ônibus local (via intermunicipal que circula internamente),Pendente,,,
4321808,Três de Maio,RS,4 - Sul,25452,4 - 20001 até 50000,Sim,Sim,Sim,Totalmente adaptada,Sim,Possui ônibus urbano (intramunicipal),Pendente,,,
4321832,Três Forquilhas,RS,4 - Sul,2814,1 - Até 5000,Não,Não,-,-,Não,Não possui transporte coletivo por ônibus,Pendente,,,
4321857,Três Palmeiras,RS,4 - Sul,4826,1 - Até 5000,Não,Não,-,-,Não,Não possui transporte coletivo por ônibus,Sem fonte encontrada,Buscas retornaram apenas rodoviária intermunicipal (Três Palmeiras-RS),2026-08-13,Nenhuma evidência específica de ônibus urbano intramunicipal encontrada
4321907,Três Passos,RS,4 - Sul,26284,4 - 20001 até 50000,Sim,Sim,Sim,Parcialmente adaptada,Sim,Possui ônibus urbano (intramunicipal),Pendente,,,
4321956,Trindade do Sul,RS,4 - Sul,7766,2 - 5001 até 10000,Não,Sim,Não,-,Não,Só ônibus intermunicipal (sem circulação interna),Pendente,,,
4322004,Triunfo,RS,4 - Sul,28414,4 - 20001 até 50000,Sim,Sim,Sim,Parcialmente adaptada,Sim,Possui ônibus urbano (intramunicipal),Pendente,,,
4322103,Tucunduva,RS,4 - Sul,5649,2 - 5001 até 10000,Não,Sim,Não,-,Não,Só ônibus intermunicipal (sem circulação interna),Pendente,,,
4322152,Tunas,RS,4 - Sul,3739,1 - Até 5000,Não,Sim,Sim,-,Sim,Possui ônibus local (via intermunicipal que circula internamente),Pendente,,,
4322186,Tupanci do Sul,RS,4 - Sul,1398,1 - Até 5000,Não,Não,-,-,Não,Não possui transporte coletivo por ônibus,Pendente,,,
4322202,Tupanciretã,RS,4 - Sul,20345,4 - 20001 até 50000,Sim,Sim,Não,Parcialmente adaptada,Sim,Possui ônibus urbano (intramunicipal),Pendente,,,
4322251,Tupandi,RS,4 - Sul,5160,2 - 5001 até 10000,Não,Não,-,-,Não,Não possui transporte coletivo por ônibus,Sem fonte encontrada,Fonte indica locomoção predominante por carro particular/táxi (Tupandi-RS),2026-08-11,"Evidência sugere ausência de ônibus urbano, mas não é fonte formal suficiente para Confirmado"
4322301,Tuparendi,RS,4 - Sul,8536,2 - 5001 até 10000,Não,Sim,Não,-,Não,Só ônibus intermunicipal (sem circulação interna),Pendente,,,
4322327,Turuçu,RS,4 - Sul,3489,1 - Até 5000,Não,Sim,Sim,-,Sim,Possui ônibus local (via intermunicipal que circula internamente),Pendente,,,
4322343,Ubiretama,RS,4 - Sul,2028,1 - Até 5000,Não,Não,-,-,Não,Não possui transporte coletivo por ônibus,Pendente,,,
4322350,União da Serra,RS,4 - Sul,1186,1 - Até 5000,Sim,Sim,Sim,Sem adaptação,Sim,Possui ônibus urbano (intramunicipal),Pendente,,,
4322376,Unistalda,RS,4 - Sul,2052,1 - Até 5000,Não,Sim,Não,-,Não,Só ônibus intermunicipal (sem circulação interna),Pendente,,,
4322400,Uruguaiana,RS,4 - Sul,120885,6 - 100001 até 500000,Sim,Sim,Sim,Parcialmente adaptada,Sim,Possui ônibus urbano (intramunicipal),Pendente,,,
4322509,Vacaria,RS,4 - Sul,66110,5 - 50001 até 100000,Sim,Sim,Não,Totalmente adaptada,Sim,Possui ônibus urbano (intramunicipal),Pendente,,,
4322525,Vale Verde,RS,4 - Sul,3214,1 - Até 5000,Não,Sim,Sim,-,Sim,Possui ônibus local (via intermunicipal que circula internamente),Pendente,,,
4322533,Vale do Sol,RS,4 - Sul,10080,3 - 10001 até 20000,Sim,Sim,Sim,Parcialmente adaptada,Sim,Possui ônibus urbano (intramunicipal),Pendente,,,
4322541,Vale Real,RS,4 - Sul,6213,2 - 5001 até 10000,Não,Sim,Não,-,Não,Só ônibus intermunicipal (sem circulação interna),Pendente,,,
4322558,Vanini,RS,4 - Sul,2047,1 - Até 5000,Não,Sim,Não,-,Não,Só ônibus intermunicipal (sem circulação interna),Pendente,,,
4322608,Venâncio Aires,RS,4 - Sul,70805,5 - 50001 até 100000,Sim,Sim,Sim,Parcialmente adaptada,Sim,Possui ônibus urbano (intramunicipal),Pendente,,,
4322707,Vera Cruz,RS,4 - Sul,27638,4 - 20001 até 50000,Sim,Sim,Sim,Totalmente adaptada,Sim,Possui ônibus urbano (intramunicipal),Pendente,,,
4322806,Veranópolis,RS,4 - Sul,24540,4 - 20001 até 50000,Sim,Sim,Não,Parcialmente adaptada,Sim,Possui ônibus urbano (intramunicipal),Pendente,,,
4322855,Vespasiano Corrêa,RS,4 - Sul,1852,1 - Até 5000,Não,Sim,Não,-,Não,Só ônibus intermunicipal (sem circulação interna),Pendente,,,
4322905,Viadutos,RS,4 - Sul,4852,1 - Até 5000,Não,Sim,Sim,-,Sim,Possui ônibus local (via intermunicipal que circula internamente),Pendente,,,
4323002,Viamão,RS,4 - Sul,232113,6 - 100001 até 500000,Sim,Sim,Sim,Totalmente adaptada,Sim,Possui ônibus urbano (intramunicipal),Pendente,,,
4323101,Vicente Dutra,RS,4 - Sul,4747,1 - Até 5000,Não,Sim,Não,-,Não,Só ônibus intermunicipal (sem circulação interna),Pendente,,,
4323200,Victor Graeff,RS,4 - Sul,2832,1 - Até 5000,Sim,Não,-,Sem adaptação,Sim,Possui ônibus urbano (intramunicipal),Pendente,,,
4323309,Vila Flores,RS,4 - Sul,3736,1 - Até 5000,Não,Sim,Não,-,Não,Só ônibus intermunicipal (sem circulação interna),Pendente,,,
4323358,Vila Lângaro,RS,4 - Sul,2122,1 - Até 5000,Não,Não,-,-,Não,Não possui transporte coletivo por ônibus,Pendente,,,
4323408,Vila Maria,RS,4 - Sul,4512,1 - Até 5000,Não,Sim,Sim,-,Sim,Possui ônibus local (via intermunicipal que circula internamente),Pendente,,,
4323457,Vila Nova do Sul,RS,4 - Sul,3935,1 - Até 5000,Não,Sim,Sim,-,Sim,Possui ônibus local (via intermunicipal que circula internamente),Pendente,,,
4323507,Vista Alegre,RS,4 - Sul,2712,1 - Até 5000,Sim,Sim,Não,Parcialmente adaptada,Sim,Possui ônibus urbano (intramunicipal),Pendente,,,
4323606,Vista Alegre do Prata,RS,4 - Sul,1624,1 - Até 5000,Não,Não,-,-,Não,Não possui transporte coletivo por ônibus,Pendente,,,
4323705,Vista Gaúcha,RS,4 - Sul,2842,1 - Até 5000,Sim,Sim,Sim,Parcialmente adaptada,Sim,Possui ônibus urbano (intramunicipal),Pendente,,,
4323754,Vitória das Missões,RS,4 - Sul,3318,1 - Até 5000,Não,Não,-,-,Não,Não possui transporte coletivo por ônibus,Pendente,,,
4323770,Westfália,RS,4 - Sul,3219,1 - Até 5000,Não,Sim,Sim,-,Sim,Possui ônibus local (via intermunicipal que circula internamente),Pendente,,,
4323804,Xangri-lá,RS,4 - Sul,16907,3 - 10001 até 20000,Não,Sim,Não,-,Não,Só ônibus intermunicipal (sem circulação interna),Pendente,,,
5000203,Água Clara,MS,5 - Centro-Oeste,17647,3 - 10001 até 20000,Não,Sim,Não,-,Não,Só ônibus intermunicipal (sem circulação interna),Pendente,,,
5000252,Alcinópolis,MS,5 - Centro-Oeste,4648,1 - Até 5000,Não,Sim,Não,-,Não,Só ônibus intermunicipal (sem circulação interna),Pendente,,,
5000609,Amambai,MS,5 - Centro-Oeste,41414,4 - 20001 até 50000,Sim,Sim,Sim,Parcialmente adaptada,Sim,Possui ônibus urbano (intramunicipal),Pendente,,,
5000708,Anastácio,MS,5 - Centro-Oeste,24741,4 - 20001 até 50000,Não,Sim,Não,-,Não,Só ônibus intermunicipal (sem circulação interna),Pendente,,,
5000807,Anaurilândia,MS,5 - Centro-Oeste,7735,2 - 5001 até 10000,Não,Sim,Não,-,Não,Só ônibus intermunicipal (sem circulação interna),Pendente,,,
5000856,Angélica,MS,5 - Centro-Oeste,11203,3 - 10001 até 20000,Não,Sim,Sim,-,Sim,Possui ônibus local (via intermunicipal que circula internamente),Pendente,,,
5000906,Antônio João,MS,5 - Centro-Oeste,9641,2 - 5001 até 10000,Não,Sim,Sim,-,Sim,Possui ônibus local (via intermunicipal que circula internamente),Pendente,,,
5001003,Aparecida do Taboado,MS,5 - Centro-Oeste,29446,4 - 20001 até 50000,Não,Sim,Não,-,Não,Só ônibus intermunicipal (sem circulação interna),Pendente,,,
5001102,Aquidauana,MS,5 - Centro-Oeste,48561,4 - 20001 até 50000,Não,Sim,Sim,-,Sim,Possui ônibus local (via intermunicipal que circula internamente),Pendente,,,
5001243,Aral Moreira,MS,5 - Centro-Oeste,11085,3 - 10001 até 20000,Não,Sim,Sim,-,Sim,Possui ônibus local (via intermunicipal que circula internamente),Pendente,,,
5001508,Bandeirantes,MS,5 - Centro-Oeste,8276,2 - 5001 até 10000,Não,Sim,Sim,-,Sim,Possui ônibus local (via intermunicipal que circula internamente),Pendente,,,
5001904,Bataguassu,MS,5 - Centro-Oeste,24004,4 - 20001 até 50000,Sim,Sim,Sim,Parcialmente adaptada,Sim,Possui ônibus urbano (intramunicipal),Pendente,,,
5002001,Batayporã,MS,5 - Centro-Oeste,10953,3 - 10001 até 20000,Não,Sim,Não,-,Não,Só ônibus intermunicipal (sem circulação interna),Pendente,,,
5002100,Bela Vista,MS,5 - Centro-Oeste,21965,4 - 20001 até 50000,Não,Sim,Não,-,Não,Só ônibus intermunicipal (sem circulação interna),Pendente,,,
5002159,Bodoquena,MS,5 - Centro-Oeste,8849,2 - 5001 até 10000,Não,Sim,Não,-,Não,Só ônibus intermunicipal (sem circulação interna),Pendente,,,
5002209,Bonito,MS,5 - Centro-Oeste,24761,4 - 20001 até 50000,Não,Sim,Não,-,Não,Só ônibus intermunicipal (sem circulação interna),Pendente,,,
5002308,Brasilândia,MS,5 - Centro-Oeste,11840,3 - 10001 até 20000,Não,Sim,Não,-,Não,Só ônibus intermunicipal (sem circulação interna),Pendente,,,
5002407,Caarapó,MS,5 - Centro-Oeste,32406,4 - 20001 até 50000,Não,Sim,Sim,-,Sim,Possui ônibus local (via intermunicipal que circula internamente),Pendente,,,
5002605,Camapuã,MS,5 - Centro-Oeste,13920,3 - 10001 até 20000,Sim,Sim,Sim,Sem adaptação,Sim,Possui ônibus urbano (intramunicipal),Pendente,,,
5002704,Campo Grande,MS,5 - Centro-Oeste,954537,7 - Maior que 500000,Sim,Sim,Sim,Totalmente adaptada,Sim,Possui ônibus urbano (intramunicipal),Confirmado,Sistema de transporte público municipal amplamente documentado (site da prefeitura/empresa de transporte municipal),2026-08-07,Capital estadual com sistema de ônibus urbano consolidado e publicamente conhecido; dado do MUNIC 2024 já indicava 'Sim' corretamente.
5002803,Caracol,MS,5 - Centro-Oeste,5115,2 - 5001 até 10000,Não,Sim,Não,-,Não,Só ônibus intermunicipal (sem circulação interna),Pendente,,,
5002902,Cassilândia,MS,5 - Centro-Oeste,21549,4 - 20001 até 50000,Não,Sim,Não,-,Não,Só ônibus intermunicipal (sem circulação interna),Pendente,,,
5002951,Chapadão do Sul,MS,5 - Centro-Oeste,33791,4 - 20001 até 50000,Sim,Sim,Não,Totalmente adaptada,Sim,Possui ônibus urbano (intramunicipal),Pendente,,,
5003108,Corguinho,MS,5 - Centro-Oeste,4893,1 - Até 5000,Não,Sim,Não,-,Não,Só ônibus intermunicipal (sem circulação interna),Pendente,,,
5003157,Coronel Sapucaia,MS,5 - Centro-Oeste,14661,3 - 10001 até 20000,Não,Sim,Sim,-,Sim,Possui ônibus local (via intermunicipal que circula internamente),Pendente,,,
5003207,Corumbá,MS,5 - Centro-Oeste,99107,5 - 50001 até 100000,Sim,Sim,Sim,Totalmente adaptada,Sim,Possui ônibus urbano (intramunicipal),Pendente,,,
5003256,Costa Rica,MS,5 - Centro-Oeste,28163,4 - 20001 até 50000,Sim,Sim,Sim,Totalmente adaptada,Sim,Possui ônibus urbano (intramunicipal),Pendente,,,
5003306,Coxim,MS,5 - Centro-Oeste,33390,4 - 20001 até 50000,Não,Sim,Não,-,Não,Só ônibus intermunicipal (sem circulação interna),Pendente,,,
5003454,Deodápolis,MS,5 - Centro-Oeste,14210,3 - 10001 até 20000,Não,Sim,Não,-,Não,Só ônibus intermunicipal (sem circulação interna),Pendente,,,
5003488,Dois Irmãos do Buriti,MS,5 - Centro-Oeste,11470,3 - 10001 até 20000,Não,Sim,Não,-,Não,Só ônibus intermunicipal (sem circulação interna),Pendente,,,
5003504,Douradina,MS,5 - Centro-Oeste,5749,2 - 5001 até 10000,Não,Sim,Não,-,Não,Só ônibus intermunicipal (sem circulação interna),Pendente,,,
5003702,Dourados,MS,5 - Centro-Oeste,260640,6 - 100001 até 500000,Sim,Sim,Sim,Totalmente adaptada,Sim,Possui ônibus urbano (intramunicipal),Pendente,,,
5003751,Eldorado,MS,5 - Centro-Oeste,11633,3 - 10001 até 20000,Não,Sim,Não,-,Não,Só ônibus intermunicipal (sem circulação interna),Pendente,,,
5003801,Fátima do Sul,MS,5 - Centro-Oeste,21388,4 - 20001 até 50000,Não,Sim,Não,-,Não,Só ônibus intermunicipal (sem circulação interna),Pendente,,,
5003900,Figueirão,MS,5 - Centro-Oeste,3709,1 - Até 5000,Não,Não,-,-,Não,Não possui transporte coletivo por ônibus,Pendente,,,
5004007,Glória de Dourados,MS,5 - Centro-Oeste,10777,3 - 10001 até 20000,Não,Sim,Sim,-,Sim,Possui ônibus local (via intermunicipal que circula internamente),Pendente,,,
5004106,Guia Lopes da Laguna,MS,5 - Centro-Oeste,10135,3 - 10001 até 20000,Não,Sim,Não,-,Não,Só ônibus intermunicipal (sem circulação interna),Pendente,,,
5004304,Iguatemi,MS,5 - Centro-Oeste,14017,3 - 10001 até 20000,Não,Sim,Não,-,Não,Só ônibus intermunicipal (sem circulação interna),Pendente,,,
5004403,Inocência,MS,5 - Centro-Oeste,8712,2 - 5001 até 10000,Não,Sim,Sim,-,Sim,Possui ônibus local (via intermunicipal que circula internamente),Pendente,,,
5004502,Itaporã,MS,5 - Centro-Oeste,25075,4 - 20001 até 50000,Não,Sim,Sim,-,Sim,Possui ônibus local (via intermunicipal que circula internamente),Pendente,,,
5004601,Itaquiraí,MS,5 - Centro-Oeste,19996,3 - 10001 até 20000,Não,Sim,Não,-,Não,Só ônibus intermunicipal (sem circulação interna),Pendente,,,
5004700,Ivinhema,MS,5 - Centro-Oeste,29613,4 - 20001 até 50000,Não,Sim,Sim,-,Sim,Possui ônibus local (via intermunicipal que circula internamente),Pendente,,,
5004809,Japorã,MS,5 - Centro-Oeste,8409,2 - 5001 até 10000,Não,Sim,Não,-,Não,Só ônibus intermunicipal (sem circulação interna),Pendente,,,
5004908,Jaraguari,MS,5 - Centro-Oeste,7425,2 - 5001 até 10000,Não,Sim,Não,-,Não,Só ônibus intermunicipal (sem circulação interna),Pendente,,,
5005004,Jardim,MS,5 - Centro-Oeste,24509,4 - 20001 até 50000,Não,Sim,Não,-,Não,Só ônibus intermunicipal (sem circulação interna),Pendente,,,
5005103,Jateí,MS,5 - Centro-Oeste,3620,1 - Até 5000,Não,Sim,Sim,-,Sim,Possui ônibus local (via intermunicipal que circula internamente),Pendente,,,
5005152,Juti,MS,5 - Centro-Oeste,7009,2 - 5001 até 10000,Não,Sim,Não,-,Não,Só ônibus intermunicipal (sem circulação interna),Pendente,,,
5005202,Ladário,MS,5 - Centro-Oeste,22290,4 - 20001 até 50000,Não,Sim,Sim,-,Sim,Possui ônibus local (via intermunicipal que circula internamente),Pendente,,,
5005251,Laguna Carapã,MS,5 - Centro-Oeste,7012,2 - 5001 até 10000,Não,Sim,Sim,-,Sim,Possui ônibus local (via intermunicipal que circula internamente),Pendente,,,
5005400,Maracaju,MS,5 - Centro-Oeste,47558,4 - 20001 até 50000,Sim,Sim,Sim,Totalmente adaptada,Sim,Possui ônibus urbano (intramunicipal),Pendente,,,
5005608,Miranda,MS,5 - Centro-Oeste,26487,4 - 20001 até 50000,Sim,Sim,Não,Totalmente adaptada,Sim,Possui ônibus urbano (intramunicipal),Pendente,,,
5005681,Mundo Novo,MS,5 - Centro-Oeste,19937,3 - 10001 até 20000,Não,Sim,Não,-,Não,Só ônibus intermunicipal (sem circulação interna),Pendente,,,
5005707,Naviraí,MS,5 - Centro-Oeste,52707,5 - 50001 até 100000,Não,Sim,Sim,-,Sim,Possui ônibus local (via intermunicipal que circula internamente),Pendente,,,
5005806,Nioaque,MS,5 - Centro-Oeste,13412,3 - 10001 até 20000,Não,Sim,Não,-,Não,Só ônibus intermunicipal (sem circulação interna),Pendente,,,
5006002,Nova Alvorada do Sul,MS,5 - Centro-Oeste,23054,4 - 20001 até 50000,Não,Sim,Não,-,Não,Só ônibus intermunicipal (sem circulação interna),Pendente,,,
5006200,Nova Andradina,MS,5 - Centro-Oeste,50610,5 - 50001 até 100000,Não,Sim,Sim,-,Sim,Possui ônibus local (via intermunicipal que circula internamente),Pendente,,,
5006259,Novo Horizonte do Sul,MS,5 - Centro-Oeste,4811,1 - Até 5000,Não,Sim,Sim,-,Sim,Possui ônibus local (via intermunicipal que circula internamente),Pendente,,,
5006275,Paraíso das Águas,MS,5 - Centro-Oeste,5777,2 - 5001 até 10000,Não,Sim,Sim,-,Sim,Possui ônibus local (via intermunicipal que circula internamente),Pendente,,,
5006309,Paranaíba,MS,5 - Centro-Oeste,42543,4 - 20001 até 50000,Não,Sim,Não,-,Não,Só ônibus intermunicipal (sem circulação interna),Pendente,,,
5006358,Paranhos,MS,5 - Centro-Oeste,13323,3 - 10001 até 20000,Não,Sim,Sim,-,Sim,Possui ônibus local (via intermunicipal que circula internamente),Pendente,,,
5006408,Pedro Gomes,MS,5 - Centro-Oeste,6974,2 - 5001 até 10000,Não,Sim,Não,-,Não,Só ônibus intermunicipal (sem circulação interna),Pendente,,,
5006606,Ponta Porã,MS,5 - Centro-Oeste,97577,5 - 50001 até 100000,Sim,Sim,Sim,Parcialmente adaptada,Sim,Possui ônibus urbano (intramunicipal),Pendente,,,
5006903,Porto Murtinho,MS,5 - Centro-Oeste,12864,3 - 10001 até 20000,Não,Sim,Não,-,Não,Só ônibus intermunicipal (sem circulação interna),Pendente,,,
5007109,Ribas do Rio Pardo,MS,5 - Centro-Oeste,23996,4 - 20001 até 50000,Sim,Sim,Não,Totalmente adaptada,Sim,Possui ônibus urbano (intramunicipal),Pendente,,,
5007208,Rio Brilhante,MS,5 - Centro-Oeste,39936,4 - 20001 até 50000,Não,Sim,Não,-,Não,Só ônibus intermunicipal (sem circulação interna),Pendente,,,
5007307,Rio Negro,MS,5 - Centro-Oeste,4933,1 - Até 5000,Sim,Sim,Sim,Parcialmente adaptada,Sim,Possui ônibus urbano (intramunicipal),Pendente,,,
5007406,Rio Verde de Mato Grosso,MS,5 - Centro-Oeste,20393,4 - 20001 até 50000,Não,Sim,Não,-,Não,Só ônibus intermunicipal (sem circulação interna),Pendente,,,
5007505,Rochedo,MS,5 - Centro-Oeste,5407,2 - 5001 até 10000,Não,Sim,Sim,-,Sim,Possui ônibus local (via intermunicipal que circula internamente),Pendente,,,
5007554,Santa Rita do Pardo,MS,5 - Centro-Oeste,7174,2 - 5001 até 10000,Sim,Sim,Sim,Parcialmente adaptada,Sim,Possui ônibus urbano (intramunicipal),Pendente,,,
5007695,São Gabriel do Oeste,MS,5 - Centro-Oeste,31694,4 - 20001 até 50000,Sim,Sim,Sim,Parcialmente adaptada,Sim,Possui ônibus urbano (intramunicipal),Pendente,,,
5007703,Sete Quedas,MS,5 - Centro-Oeste,11301,3 - 10001 até 20000,Não,Sim,Não,-,Não,Só ônibus intermunicipal (sem circulação interna),Pendente,,,
5007802,Selvíria,MS,5 - Centro-Oeste,8593,2 - 5001 até 10000,Sim,Sim,Sim,Parcialmente adaptada,Sim,Possui ônibus urbano (intramunicipal),Pendente,,,
5007901,Sidrolândia,MS,5 - Centro-Oeste,49374,4 - 20001 até 50000,Não,Sim,Sim,-,Sim,Possui ônibus local (via intermunicipal que circula internamente),Pendente,,,
5007935,Sonora,MS,5 - Centro-Oeste,14822,3 - 10001 até 20000,Não,Sim,Sim,-,Sim,Possui ônibus local (via intermunicipal que circula internamente),Pendente,,,
5007950,Tacuru,MS,5 - Centro-Oeste,11159,3 - 10001 até 20000,Não,Sim,Sim,-,Sim,Possui ônibus local (via intermunicipal que circula internamente),Pendente,,,
5007976,Taquarussu,MS,5 - Centro-Oeste,3730,1 - Até 5000,Não,Sim,Sim,-,Sim,Possui ônibus local (via intermunicipal que circula internamente),Pendente,,,
5008008,Terenos,MS,5 - Centro-Oeste,18139,3 - 10001 até 20000,Sim,Sim,Não,Sem adaptação,Sim,Possui ônibus urbano (intramunicipal),Pendente,,,
5008305,Três Lagoas,MS,5 - Centro-Oeste,141435,6 - 100001 até 500000,Sim,Sim,Não,Totalmente adaptada,Sim,Possui ônibus urbano (intramunicipal),Pendente,,,
5008404,Vicentina,MS,5 - Centro-Oeste,6476,2 - 5001 até 10000,Não,Sim,Não,-,Não,Só ônibus intermunicipal (sem circulação interna),Pendente,,,
5100102,Acorizal,MT,5 - Centro-Oeste,4990,1 - Até 5000,Não,Sim,Sim,-,Sim,Possui ônibus local (via intermunicipal que circula internamente),Pendente,,,
5100201,Água Boa,MT,5 - Centro-Oeste,31314,4 - 20001 até 50000,Não,Não,-,-,Não,Não possui transporte coletivo por ônibus,Sem fonte encontrada,,2026-08-07,Fontes encontradas eram genéricas/padronizadas (mesmo texto repetido em várias cidades) ou confundidas com localidades homônimas; sem confirmação confiável específica. Mantido dado original do MUNIC.
5100250,Alta Floresta,MT,5 - Centro-Oeste,61291,5 - 50001 até 100000,Não,Sim,Não,-,Não,Só ônibus intermunicipal (sem circulação interna),Pendente,,,
5100300,Alto Araguaia,MT,5 - Centro-Oeste,17657,3 - 10001 até 20000,Sim,Não,-,Parcialmente adaptada,Sim,Possui ônibus urbano (intramunicipal),Pendente,,,
5100359,Alto Boa Vista,MT,5 - Centro-Oeste,5875,2 - 5001 até 10000,Não,Sim,Sim,-,Sim,Possui ônibus local (via intermunicipal que circula internamente),Pendente,,,
5100409,Alto Garças,MT,5 - Centro-Oeste,13707,3 - 10001 até 20000,Não,Não,-,-,Não,Não possui transporte coletivo por ônibus,Confirmado,Busca web sobre mobilidade em Alto Garças/MT,2026-08-08,Confirmado: transporte público dentro da cidade é limitado; deslocamento predominante é por carro/táxi.
5100508,Alto Paraguai,MT,5 - Centro-Oeste,7717,2 - 5001 até 10000,Não,Sim,Não,-,Não,Só ônibus intermunicipal (sem circulação interna),Pendente,,,
5100607,Alto Taquari,MT,5 - Centro-Oeste,11571,3 - 10001 até 20000,Não,Não,-,-,Não,Não possui transporte coletivo por ônibus,Sem fonte encontrada,,2026-08-08,Busca retornou apenas informações sobre rodoviária/transporte intermunicipal ou empresa homônima que atua em outra região; sem confirmação confiável específica. Mantido dado original do MUNIC.
5100805,Apiacás,MT,5 - Centro-Oeste,8692,2 - 5001 até 10000,Não,Sim,Não,-,Não,Só ônibus intermunicipal (sem circulação interna),Pendente,,,
5101001,Araguaiana,MT,5 - Centro-Oeste,3950,1 - Até 5000,Não,Sim,Não,-,Não,Só ônibus intermunicipal (sem circulação interna),Pendente,,,
5101209,Araguainha,MT,5 - Centro-Oeste,1006,1 - Até 5000,Não,Não,-,-,Não,Não possui transporte coletivo por ônibus,Pendente,,,
5101258,Araputanga,MT,5 - Centro-Oeste,14854,3 - 10001 até 20000,Não,Sim,Não,-,Não,Só ônibus intermunicipal (sem circulação interna),Pendente,,,
5101308,Arenápolis,MT,5 - Centro-Oeste,10747,3 - 10001 até 20000,Não,Não,-,-,Não,Não possui transporte coletivo por ônibus,Sem fonte encontrada,,2026-08-08,Apenas rodoviária intermunicipal; sem fonte específica sobre ônibus urbano. Mantido dado original do MUNIC.
5101407,Aripuanã,MT,5 - Centro-Oeste,26010,4 - 20001 até 50000,Não,Sim,Não,-,Não,Só ônibus intermunicipal (sem circulação interna),Pendente,,,
5101605,Barão de Melgaço,MT,5 - Centro-Oeste,7204,2 - 5001 até 10000,Não,Não,-,-,Não,Não possui transporte coletivo por ônibus,Sem fonte encontrada,Buscas retornaram apenas transporte intermunicipal metropolitano de Cuiabá (Barão de Melgaço-MT),2026-08-10,Nenhuma evidência específica de ônibus urbano intramunicipal encontrada
5101704,Barra do Bugres,MT,5 - Centro-Oeste,29576,4 - 20001 até 50000,Não,Sim,Não,-,Não,Só ônibus intermunicipal (sem circulação interna),Pendente,,,
5101803,Barra do Garças,MT,5 - Centro-Oeste,72694,5 - 50001 até 100000,Sim,Sim,Sim,Parcialmente adaptada,Sim,Possui ônibus urbano (intramunicipal),Pendente,,,
5101852,Bom Jesus do Araguaia,MT,5 - Centro-Oeste,7731,2 - 5001 até 10000,Sim,Sim,Sim,Sem adaptação,Sim,Possui ônibus urbano (intramunicipal),Pendente,,,
5101902,Brasnorte,MT,5 - Centro-Oeste,17496,3 - 10001 até 20000,Não,Sim,Não,-,Não,Só ônibus intermunicipal (sem circulação interna),Pendente,,,
5102504,Cáceres,MT,5 - Centro-Oeste,91626,5 - 50001 até 100000,Não,Sim,Não,-,Não,Só ônibus intermunicipal (sem circulação interna),Pendente,,,
5102603,Campinápolis,MT,5 - Centro-Oeste,15713,3 - 10001 até 20000,Não,Não,-,-,Não,Não possui transporte coletivo por ônibus,Sem fonte encontrada,,2026-08-08,Busca retornou apenas informações sobre rodoviária/transporte intermunicipal ou localidades homônimas; sem confirmação confiável específica. Mantido dado original do MUNIC.
5102637,Campo Novo do Parecis,MT,5 - Centro-Oeste,50033,5 - 50001 até 100000,Sim,Sim,Não,Parcialmente adaptada,Sim,Possui ônibus urbano (intramunicipal),Pendente,,,
5102678,Campo Verde,MT,5 - Centro-Oeste,47831,4 - 20001 até 50000,Sim,Sim,Não,Totalmente adaptada,Sim,Possui ônibus urbano (intramunicipal),Pendente,,,
5102686,Campos de Júlio,MT,5 - Centro-Oeste,9608,2 - 5001 até 10000,Não,Sim,Não,-,Não,Só ônibus intermunicipal (sem circulação interna),Pendente,,,
5102694,Canabrava do Norte,MT,5 - Centro-Oeste,4480,1 - Até 5000,Não,Sim,Não,-,Não,Só ônibus intermunicipal (sem circulação interna),Pendente,,,
5102702,Canarana,MT,5 - Centro-Oeste,27657,4 - 20001 até 50000,Não,Não,-,-,Não,Não possui transporte coletivo por ônibus,Sem fonte encontrada,,2026-08-07,"Legislação municipal trata de transporte coletivo urbano, mas sem confirmação de sistema efetivamente operante; resultados focam em linhas intermunicipais. Mantido dado original do MUNIC."
5102793,Carlinda,MT,5 - Centro-Oeste,10324,3 - 10001 até 20000,Não,Sim,Não,-,Não,Só ônibus intermunicipal (sem circulação interna),Pendente,,,
5102850,Castanheira,MT,5 - Centro-Oeste,7459,2 - 5001 até 10000,Não,Sim,Não,-,Não,Só ônibus intermunicipal (sem circulação interna),Pendente,,,
5103007,Chapada dos Guimarães,MT,5 - Centro-Oeste,19374,3 - 10001 até 20000,Não,Sim,Sim,-,Sim,Possui ônibus local (via intermunicipal que circula internamente),Pendente,,,
5103056,Cláudia,MT,5 - Centro-Oeste,9436,2 - 5001 até 10000,Não,Sim,Não,-,Não,Só ônibus intermunicipal (sem circulação interna),Pendente,,,
5103106,Cocalinho,MT,5 - Centro-Oeste,6428,2 - 5001 até 10000,Não,Sim,Não,-,Não,Só ônibus intermunicipal (sem circulação interna),Pendente,,,
5103205,Colíder,MT,5 - Centro-Oeste,32010,4 - 20001 até 50000,Não,Sim,Não,-,Não,Só ônibus intermunicipal (sem circulação interna),Pendente,,,
5103254,Colniza,MT,5 - Centro-Oeste,26090,4 - 20001 até 50000,Não,Sim,Sim,-,Sim,Possui ônibus local (via intermunicipal que circula internamente),Pendente,,,
5103304,Comodoro,MT,5 - Centro-Oeste,18461,3 - 10001 até 20000,Sim,Sim,Sim,Parcialmente adaptada,Sim,Possui ônibus urbano (intramunicipal),Pendente,,,
5103353,Confresa,MT,5 - Centro-Oeste,37541,4 - 20001 até 50000,Não,Sim,Sim,-,Sim,Possui ônibus local (via intermunicipal que circula internamente),Pendente,,,
5103361,Conquista DOeste,MT,5 - Centro-Oeste,3874,1 - Até 5000,Não,Não,-,-,Não,Não possui transporte coletivo por ônibus,Pendente,,,
5103379,Cotriguaçu,MT,5 - Centro-Oeste,10398,3 - 10001 até 20000,Não,Sim,Não,-,Não,Só ônibus intermunicipal (sem circulação interna),Pendente,,,
5103403,Cuiabá,MT,5 - Centro-Oeste,682932,7 - Maior que 500000,Sim,Sim,Não,Totalmente adaptada,Sim,Possui ônibus urbano (intramunicipal),Confirmado,Sistema de transporte público municipal amplamente documentado (site da prefeitura/empresa de transporte municipal),2026-08-07,Capital estadual com sistema de ônibus urbano consolidado e publicamente conhecido; dado do MUNIC 2024 já indicava 'Sim' corretamente.
5103437,Curvelândia,MT,5 - Centro-Oeste,4967,1 - Até 5000,Não,Sim,Não,-,Não,Só ônibus intermunicipal (sem circulação interna),Pendente,,,
5103452,Denise,MT,5 - Centro-Oeste,6815,2 - 5001 até 10000,Não,Sim,Não,-,Não,Só ônibus intermunicipal (sem circulação interna),Pendente,,,
5103502,Diamantino,MT,5 - Centro-Oeste,22479,4 - 20001 até 50000,Sim,Sim,Não,Sem adaptação,Sim,Possui ônibus urbano (intramunicipal),Pendente,,,
5103601,Dom Aquino,MT,5 - Centro-Oeste,7915,2 - 5001 até 10000,Não,Sim,Não,-,Não,Só ônibus intermunicipal (sem circulação interna),Pendente,,,
5103700,Feliz Natal,MT,5 - Centro-Oeste,10564,3 - 10001 até 20000,Não,Não,-,-,Não,Não possui transporte coletivo por ônibus,Sem fonte encontrada,,2026-08-08,Busca retornou apenas informações sobre rodoviária/transporte intermunicipal ou texto genérico/padronizado de baixa confiabilidade; sem confirmação confiável específica. Mantido dado original do MUNIC.
5103809,Figueirópolis DOeste,MT,5 - Centro-Oeste,3112,1 - Até 5000,Não,Sim,Não,-,Não,Só ônibus intermunicipal (sem circulação interna),Pendente,,,
5103858,Gaúcha do Norte,MT,5 - Centro-Oeste,9181,2 - 5001 até 10000,Não,Sim,Não,-,Não,Só ônibus intermunicipal (sem circulação interna),Pendente,,,
5103908,General Carneiro,MT,5 - Centro-Oeste,6250,2 - 5001 até 10000,Não,Sim,Não,-,Não,Só ônibus intermunicipal (sem circulação interna),Pendente,,,
5103957,Glória DOeste,MT,5 - Centro-Oeste,2899,1 - Até 5000,Não,Não,-,-,Não,Não possui transporte coletivo por ônibus,Pendente,,,
5104104,Guarantã do Norte,MT,5 - Centro-Oeste,31328,4 - 20001 até 50000,Não,Sim,Não,-,Não,Só ônibus intermunicipal (sem circulação interna),Pendente,,,
5104203,Guiratinga,MT,5 - Centro-Oeste,10532,3 - 10001 até 20000,Não,Sim,Não,-,Não,Só ônibus intermunicipal (sem circulação interna),Pendente,,,
5104500,Indiavaí,MT,5 - Centro-Oeste,2194,1 - Até 5000,Não,Não,-,-,Não,Não possui transporte coletivo por ônibus,Pendente,,,
5104526,Ipiranga do Norte,MT,5 - Centro-Oeste,8409,2 - 5001 até 10000,Não,Não,-,-,Não,Não possui transporte coletivo por ônibus,Sem fonte encontrada,Buscas retornaram apenas rodoviária intermunicipal (Ipiranga do Norte-MT),2026-08-08,Nenhuma evidência específica de ônibus urbano intramunicipal encontrada
5104542,Itanhangá,MT,5 - Centro-Oeste,8049,2 - 5001 até 10000,Não,Não,-,-,Não,Não possui transporte coletivo por ônibus,Sem fonte encontrada,Texto genérico/templado indica predomínio de transporte particular (Itanhangá-MT),2026-08-08,"Texto padronizado característico de conteúdo genérico, não confiável como evidência definitiva"
5104559,Itaúba,MT,5 - Centro-Oeste,5161,2 - 5001 até 10000,Não,Sim,Não,-,Não,Só ônibus intermunicipal (sem circulação interna),Pendente,,,
5104609,Itiquira,MT,5 - Centro-Oeste,12519,3 - 10001 até 20000,Não,Sim,Não,-,Não,Só ônibus intermunicipal (sem circulação interna),Pendente,,,
5104807,Jaciara,MT,5 - Centro-Oeste,29560,4 - 20001 até 50000,Não,Sim,Não,-,Não,Só ônibus intermunicipal (sem circulação interna),Pendente,,,
5104906,Jangada,MT,5 - Centro-Oeste,7447,2 - 5001 até 10000,Sim,Sim,Não,Parcialmente adaptada,Sim,Possui ônibus urbano (intramunicipal),Pendente,,,
5105002,Jauru,MT,5 - Centro-Oeste,8076,2 - 5001 até 10000,Sim,Sim,Sim,Parcialmente adaptada,Sim,Possui ônibus urbano (intramunicipal),Pendente,,,
5105101,Juara,MT,5 - Centro-Oeste,35899,4 - 20001 até 50000,Sim,Sim,Não,Sem adaptação,Sim,Possui ônibus urbano (intramunicipal),Pendente,,,
5105150,Juína,MT,5 - Centro-Oeste,47800,4 - 20001 até 50000,Sim,Sim,Não,Parcialmente adaptada,Sim,Possui ônibus urbano (intramunicipal),Pendente,,,
5105176,Juruena,MT,5 - Centro-Oeste,10149,3 - 10001 até 20000,Não,Sim,Não,-,Não,Só ônibus intermunicipal (sem circulação interna),Pendente,,,
5105200,Juscimeira,MT,5 - Centro-Oeste,11620,3 - 10001 até 20000,Não,Sim,Sim,-,Sim,Possui ônibus local (via intermunicipal que circula internamente),Pendente,,,
5105234,Lambari DOeste,MT,5 - Centro-Oeste,4724,1 - Até 5000,Não,Sim,Não,-,Não,Só ônibus intermunicipal (sem circulação interna),Pendente,,,
5105259,Lucas do Rio Verde,MT,5 - Centro-Oeste,92256,5 - 50001 até 100000,Sim,Sim,Não,Totalmente adaptada,Sim,Possui ônibus urbano (intramunicipal),Pendente,,,
5105309,Luciara,MT,5 - Centro-Oeste,2591,1 - Até 5000,Não,Sim,Sim,-,Sim,Possui ônibus local (via intermunicipal que circula internamente),Pendente,,,
5105507,Vila Bela da Santíssima Trindade,MT,5 - Centro-Oeste,17384,3 - 10001 até 20000,Não,Sim,Não,-,Não,Só ônibus intermunicipal (sem circulação interna),Pendente,,,
5105580,Marcelândia,MT,5 - Centro-Oeste,11414,3 - 10001 até 20000,Não,Sim,Não,-,Não,Só ônibus intermunicipal (sem circulação interna),Pendente,,,
5105606,Matupá,MT,5 - Centro-Oeste,21415,4 - 20001 até 50000,Não,Sim,Não,-,Não,Só ônibus intermunicipal (sem circulação interna),Pendente,,,
5105622,Mirassol dOeste,MT,5 - Centro-Oeste,27511,4 - 20001 até 50000,Não,Sim,Não,-,Não,Só ônibus intermunicipal (sem circulação interna),Pendente,,,
5105903,Nobres,MT,5 - Centro-Oeste,15753,3 - 10001 até 20000,Não,Sim,Não,-,Não,Só ônibus intermunicipal (sem circulação interna),Pendente,,,
5106000,Nortelândia,MT,5 - Centro-Oeste,5935,2 - 5001 até 10000,Não,Não,-,-,Não,Não possui transporte coletivo por ônibus,Sem fonte encontrada,Buscas retornaram apenas rodoviária intermunicipal (Nortelândia-MT),2026-08-10,Nenhuma evidência específica de ônibus urbano intramunicipal encontrada
5106109,Nossa Senhora do Livramento,MT,5 - Centro-Oeste,11658,3 - 10001 até 20000,Não,Não,-,-,Não,Não possui transporte coletivo por ônibus,Sem fonte encontrada,,2026-08-08,Busca retornou apenas informações sobre rodoviária/transporte intermunicipal ou empresa homônima que atua em outra região; sem confirmação confiável específica. Mantido dado original do MUNIC.
5106158,Nova Bandeirantes,MT,5 - Centro-Oeste,14160,3 - 10001 até 20000,Não,Sim,Não,-,Não,Só ônibus intermunicipal (sem circulação interna),Pendente,,,
5106174,Nova Nazaré,MT,5 - Centro-Oeste,4467,1 - Até 5000,Não,Não,-,-,Não,Não possui transporte coletivo por ônibus,Pendente,,,
5106182,Nova Lacerda,MT,5 - Centro-Oeste,6965,2 - 5001 até 10000,Não,Não,-,-,Não,Não possui transporte coletivo por ônibus,Sem fonte encontrada,"Empresas listadas (FMT, AGH, GMR) parecem ser transportadoras de carga/rodoviárias, sem evidência de ônibus urbano (Nova Lacerda-MT)",2026-08-10,Nenhuma evidência específica de ônibus urbano intramunicipal encontrada
5106190,Nova Santa Helena,MT,5 - Centro-Oeste,4431,1 - Até 5000,Não,Sim,Não,-,Não,Só ônibus intermunicipal (sem circulação interna),Pendente,,,
5106208,Nova Brasilândia,MT,5 - Centro-Oeste,3853,1 - Até 5000,Não,Não,-,-,Não,Não possui transporte coletivo por ônibus,Pendente,,,
5106216,Nova Canaã do Norte,MT,5 - Centro-Oeste,11771,3 - 10001 até 20000,Não,Sim,Não,-,Não,Só ônibus intermunicipal (sem circulação interna),Pendente,,,
5106224,Nova Mutum,MT,5 - Centro-Oeste,61223,5 - 50001 até 100000,Sim,Sim,Não,Parcialmente adaptada,Sim,Possui ônibus urbano (intramunicipal),Pendente,,,
5106232,Nova Olímpia,MT,5 - Centro-Oeste,16314,3 - 10001 até 20000,Não,Não,-,-,Não,Não possui transporte coletivo por ônibus,Sem fonte encontrada,,2026-08-08,Busca retornou apenas informações sobre rodoviária/transporte intermunicipal; sem confirmação confiável específica. Mantido dado original do MUNIC.
5106240,Nova Ubiratã,MT,5 - Centro-Oeste,12108,3 - 10001 até 20000,Sim,Sim,Não,Totalmente adaptada,Sim,Possui ônibus urbano (intramunicipal),Pendente,,,
5106257,Nova Xavantina,MT,5 - Centro-Oeste,25486,4 - 20001 até 50000,Não,Não,-,-,Não,Não possui transporte coletivo por ônibus,Sem fonte encontrada,,2026-08-07,Apenas rodoviária intermunicipal; sem fonte específica sobre ônibus urbano. Mantido dado original do MUNIC.
5106265,Novo Mundo,MT,5 - Centro-Oeste,6444,2 - 5001 até 10000,Não,Não,-,-,Não,Não possui transporte coletivo por ônibus,Sem fonte encontrada,"Fonte indica ausência de sistema extenso de transporte público, com táxi/mototáxi como alternativa (Novo Mundo-MT)",2026-08-10,"Evidência sugere ausência de ônibus urbano, mas não é fonte formal suficiente para Confirmado"
5106273,Novo Horizonte do Norte,MT,5 - Centro-Oeste,3307,1 - Até 5000,Não,Sim,Não,-,Não,Só ônibus intermunicipal (sem circulação interna),Pendente,,,
5106281,Novo São Joaquim,MT,5 - Centro-Oeste,7160,2 - 5001 até 10000,Não,Sim,Não,-,Não,Só ônibus intermunicipal (sem circulação interna),Pendente,,,
5106299,Paranaíta,MT,5 - Centro-Oeste,11989,3 - 10001 até 20000,Não,Sim,Não,-,Não,Só ônibus intermunicipal (sem circulação interna),Pendente,,,
5106307,Paranatinga,MT,5 - Centro-Oeste,28228,4 - 20001 até 50000,Sim,Sim,Não,Sem adaptação,Sim,Possui ônibus urbano (intramunicipal),Pendente,,,
5106315,Novo Santo Antônio,MT,5 - Centro-Oeste,2040,1 - Até 5000,Não,Não,-,-,Não,Não possui transporte coletivo por ônibus,Pendente,,,
5106372,Pedra Preta,MT,5 - Centro-Oeste,18722,3 - 10001 até 20000,Não,Sim,Não,-,Não,Só ônibus intermunicipal (sem circulação interna),Pendente,,,
5106422,Peixoto de Azevedo,MT,5 - Centro-Oeste,33599,4 - 20001 até 50000,Não,Sim,Não,-,Não,Só ônibus intermunicipal (sem circulação interna),Pendente,,,
5106455,Planalto da Serra,MT,5 - Centro-Oeste,3287,1 - Até 5000,Não,Sim,Não,-,Não,Só ônibus intermunicipal (sem circulação interna),Pendente,,,
5106505,Poconé,MT,5 - Centro-Oeste,31269,4 - 20001 até 50000,Não,Sim,Não,-,Não,Só ônibus intermunicipal (sem circulação interna),Pendente,,,
5106653,Pontal do Araguaia,MT,5 - Centro-Oeste,7299,2 - 5001 até 10000,Não,Não,-,-,Não,Não possui transporte coletivo por ônibus,Sem fonte encontrada,Buscas retornaram apenas rodoviária intermunicipal (Pontal do Araguaia-MT),2026-08-10,Nenhuma evidência específica de ônibus urbano intramunicipal encontrada
5106703,Ponte Branca,MT,5 - Centro-Oeste,2076,1 - Até 5000,Não,Sim,Não,-,Não,Só ônibus intermunicipal (sem circulação interna),Pendente,,,
5106752,Pontes e Lacerda,MT,5 - Centro-Oeste,54795,5 - 50001 até 100000,Não,Sim,Não,-,Não,Só ônibus intermunicipal (sem circulação interna),Pendente,,,
5106778,Porto Alegre do Norte,MT,5 - Centro-Oeste,12524,3 - 10001 até 20000,Não,Sim,Não,-,Não,Só ônibus intermunicipal (sem circulação interna),Pendente,,,
5106802,Porto dos Gaúchos,MT,5 - Centro-Oeste,5690,2 - 5001 até 10000,Não,Sim,Não,-,Não,Só ônibus intermunicipal (sem circulação interna),Pendente,,,
5106828,Porto Esperidião,MT,5 - Centro-Oeste,10167,3 - 10001 até 20000,Não,Sim,Não,-,Não,Só ônibus intermunicipal (sem circulação interna),Pendente,,,
5106851,Porto Estrela,MT,5 - Centro-Oeste,3181,1 - Até 5000,Não,Não,-,-,Não,Não possui transporte coletivo por ônibus,Pendente,,,
5107008,Poxoréu,MT,5 - Centro-Oeste,24587,4 - 20001 até 50000,Não,Sim,Não,-,Não,Só ônibus intermunicipal (sem circulação interna),Pendente,,,
5107040,Primavera do Leste,MT,5 - Centro-Oeste,92927,5 - 50001 até 100000,Não,Sim,Não,-,Não,Só ônibus intermunicipal (sem circulação interna),Pendente,,,
5107065,Querência,MT,5 - Centro-Oeste,29820,4 - 20001 até 50000,Não,Não,-,-,Não,Não possui transporte coletivo por ônibus,Confirmado,Busca web sobre mobilidade urbana em Querência/MT,2026-08-07,Confirmado explicitamente: 'Querência não possui sistema de transporte público urbano de ônibus ou metrô'; locomoção interna é por veículo particular/moto.
5107107,São José dos Quatro Marcos,MT,5 - Centro-Oeste,17830,3 - 10001 até 20000,Não,Sim,Não,-,Não,Só ônibus intermunicipal (sem circulação interna),Pendente,,,
5107156,Reserva do Cabaçal,MT,5 - Centro-Oeste,2062,1 - Até 5000,Não,Não,-,-,Não,Não possui transporte coletivo por ônibus,Pendente,,,
5107180,Ribeirão Cascalheira,MT,5 - Centro-Oeste,10431,3 - 10001 até 20000,Não,Não,-,-,Não,Não possui transporte coletivo por ônibus,Sem fonte encontrada,,2026-08-08,Busca retornou apenas informações sobre rodoviária/transporte intermunicipal/escolar; sem confirmação confiável específica de ônibus urbano. Mantido dado original do MUNIC.
5107198,Ribeirãozinho,MT,5 - Centro-Oeste,2697,1 - Até 5000,Não,Não,-,-,Não,Não possui transporte coletivo por ônibus,Pendente,,,
5107206,Rio Branco,MT,5 - Centro-Oeste,4489,1 - Até 5000,Não,Sim,Não,-,Não,Só ônibus intermunicipal (sem circulação interna),Pendente,,,
5107248,Santa Carmem,MT,5 - Centro-Oeste,5677,2 - 5001 até 10000,Não,Sim,Sim,-,Sim,Possui ônibus local (via intermunicipal que circula internamente),Pendente,,,
5107263,Santo Afonso,MT,5 - Centro-Oeste,2460,1 - Até 5000,Não,Sim,Não,-,Não,Só ônibus intermunicipal (sem circulação interna),Pendente,,,
5107297,São José do Povo,MT,5 - Centro-Oeste,2780,1 - Até 5000,Não,Não,-,-,Não,Não possui transporte coletivo por ônibus,Pendente,,,
5107305,São José do Rio Claro,MT,5 - Centro-Oeste,14662,3 - 10001 até 20000,Não,Sim,Sim,-,Sim,Possui ônibus local (via intermunicipal que circula internamente),Pendente,,,
5107354,São José do Xingu,MT,5 - Centro-Oeste,6168,2 - 5001 até 10000,Não,Sim,Não,-,Não,Só ônibus intermunicipal (sem circulação interna),Pendente,,,
5107404,São Pedro da Cipa,MT,5 - Centro-Oeste,4247,1 - Até 5000,Não,Não,-,-,Não,Não possui transporte coletivo por ônibus,Pendente,,,
5107578,Rondolândia,MT,5 - Centro-Oeste,3527,1 - Até 5000,Não,Sim,Não,-,Não,Só ônibus intermunicipal (sem circulação interna),Pendente,,,
5107602,Rondonópolis,MT,5 - Centro-Oeste,259167,6 - 100001 até 500000,Sim,Sim,Sim,Totalmente adaptada,Sim,Possui ônibus urbano (intramunicipal),Pendente,,,
5107701,Rosário Oeste,MT,5 - Centro-Oeste,15236,3 - 10001 até 20000,Não,Não,-,-,Não,Não possui transporte coletivo por ônibus,Sem fonte encontrada,,2026-08-08,Apenas rodoviária intermunicipal; sem fonte específica sobre ônibus urbano. Mantido dado original do MUNIC.
5107743,Santa Cruz do Xingu,MT,5 - Centro-Oeste,2834,1 - Até 5000,Não,Não,-,-,Não,Não possui transporte coletivo por ônibus,Pendente,,,
5107750,Salto do Céu,MT,5 - Centro-Oeste,3679,1 - Até 5000,Não,Não,-,-,Não,Não possui transporte coletivo por ônibus,Pendente,,,
5107768,Santa Rita do Trivelato,MT,5 - Centro-Oeste,3463,1 - Até 5000,Não,Não,-,-,Não,Não possui transporte coletivo por ônibus,Pendente,,,
5107776,Santa Terezinha,MT,5 - Centro-Oeste,7720,2 - 5001 até 10000,Não,Sim,Não,-,Não,Só ônibus intermunicipal (sem circulação interna),Pendente,,,
5107792,Santo Antônio do Leste,MT,5 - Centro-Oeste,4212,1 - Até 5000,Não,Sim,Não,-,Não,Só ônibus intermunicipal (sem circulação interna),Pendente,,,
5107800,Santo Antônio do Leverger,MT,5 - Centro-Oeste,16795,3 - 10001 até 20000,Não,Sim,Sim,-,Sim,Possui ônibus local (via intermunicipal que circula internamente),Pendente,,,
5107859,São Félix do Araguaia,MT,5 - Centro-Oeste,14332,3 - 10001 até 20000,Não,Sim,Sim,-,Sim,Possui ônibus local (via intermunicipal que circula internamente),Pendente,,,
5107875,Sapezal,MT,5 - Centro-Oeste,31499,4 - 20001 até 50000,Não,Sim,Não,-,Não,Só ônibus intermunicipal (sem circulação interna),Pendente,,,
5107883,Serra Nova Dourada,MT,5 - Centro-Oeste,1901,1 - Até 5000,Não,Não,-,-,Não,Não possui transporte coletivo por ônibus,Pendente,,,
5107909,Sinop,MT,5 - Centro-Oeste,216029,6 - 100001 até 500000,Sim,Sim,Não,Sem adaptação,Sim,Possui ônibus urbano (intramunicipal),Pendente,,,
5107925,Sorriso,MT,5 - Centro-Oeste,120985,6 - 100001 até 500000,Sim,Sim,Não,Parcialmente adaptada,Sim,Possui ônibus urbano (intramunicipal),Pendente,,,
5107941,Tabaporã,MT,5 - Centro-Oeste,9908,2 - 5001 até 10000,Não,Sim,Não,-,Não,Só ônibus intermunicipal (sem circulação interna),Pendente,,,
5107958,Tangará da Serra,MT,5 - Centro-Oeste,112547,6 - 100001 até 500000,Sim,Sim,Não,Parcialmente adaptada,Sim,Possui ônibus urbano (intramunicipal),Pendente,,,
5108006,Tapurah,MT,5 - Centro-Oeste,15272,3 - 10001 até 20000,Não,Sim,Não,-,Não,Só ônibus intermunicipal (sem circulação interna),Pendente,,,
5108055,Terra Nova do Norte,MT,5 - Centro-Oeste,10641,3 - 10001 até 20000,Não,Sim,Não,-,Não,Só ônibus intermunicipal (sem circulação interna),Pendente,,,
5108105,Tesouro,MT,5 - Centro-Oeste,2977,1 - Até 5000,Não,Não,-,-,Não,Não possui transporte coletivo por ônibus,Pendente,,,
5108204,Torixoréu,MT,5 - Centro-Oeste,4230,1 - Até 5000,Não,Sim,Não,-,Não,Só ônibus intermunicipal (sem circulação interna),Pendente,,,
5108303,União do Sul,MT,5 - Centro-Oeste,3897,1 - Até 5000,Não,Sim,Não,-,Não,Só ônibus intermunicipal (sem circulação interna),Pendente,,,
5108352,Vale de São Domingos,MT,5 - Centro-Oeste,2907,1 - Até 5000,Não,Não,-,-,Não,Não possui transporte coletivo por ônibus,Pendente,,,
5108402,Várzea Grande,MT,5 - Centro-Oeste,314627,6 - 100001 até 500000,Sim,Sim,Sim,Totalmente adaptada,Sim,Possui ônibus urbano (intramunicipal),Confirmado,Cidade de grande porte com sistema de transporte público municipal/metropolitano amplamente documentado (prefeitura/consórcio de transporte),2026-08-07,Município de grande população (>280 mil hab.) com sistema de ônibus consolidado e publicamente conhecido; dado do MUNIC 2024 já indicava 'Sim' corretamente.
5108501,Vera,MT,5 - Centro-Oeste,13389,3 - 10001 até 20000,Não,Não,-,-,Não,Não possui transporte coletivo por ônibus,Sem fonte encontrada,,2026-08-08,Busca retornou apenas informações sobre rodoviária/transporte intermunicipal ou localidades homônimas; sem confirmação confiável específica. Mantido dado original do MUNIC.
5108600,Vila Rica,MT,5 - Centro-Oeste,19827,3 - 10001 até 20000,Não,Sim,Não,-,Não,Só ônibus intermunicipal (sem circulação interna),Pendente,,,
5108808,Nova Guarita,MT,5 - Centro-Oeste,4579,1 - Até 5000,Não,Não,-,-,Não,Não possui transporte coletivo por ônibus,Sem fonte encontrada,Buscas retornaram apenas transporte intermunicipal (Nova Guarita-MT),2026-08-13,Nenhuma evidência específica de ônibus urbano intramunicipal encontrada
5108857,Nova Marilândia,MT,5 - Centro-Oeste,3678,1 - Até 5000,Não,Não,-,-,Não,Não possui transporte coletivo por ônibus,Pendente,,,
5108907,Nova Maringá,MT,5 - Centro-Oeste,5775,2 - 5001 até 10000,Não informou,Não informou,Não informou,Não informou,Sem info,Sem informação (recusa/não informou),Pendente,,,
5108956,Nova Monte Verde,MT,5 - Centro-Oeste,8451,2 - 5001 até 10000,Não,Sim,Sim,-,Sim,Possui ônibus local (via intermunicipal que circula internamente),Pendente,,,
5200050,Abadia de Goiás,GO,5 - Centro-Oeste,21165,4 - 20001 até 50000,Sim,Sim,Sim,Totalmente adaptada,Sim,Possui ônibus urbano (intramunicipal),Pendente,,,
5200100,Abadiânia,GO,5 - Centro-Oeste,17638,3 - 10001 até 20000,Não,Sim,Não,-,Não,Só ônibus intermunicipal (sem circulação interna),Pendente,,,
5200134,Acreúna,GO,5 - Centro-Oeste,21995,4 - 20001 até 50000,Não,Sim,Sim,-,Sim,Possui ônibus local (via intermunicipal que circula internamente),Pendente,,,
5200159,Adelândia,GO,5 - Centro-Oeste,2297,1 - Até 5000,Não,Sim,Sim,-,Sim,Possui ônibus local (via intermunicipal que circula internamente),Pendente,,,
5200175,Água Fria de Goiás,GO,5 - Centro-Oeste,4991,1 - Até 5000,Não,Sim,Não,-,Não,Só ônibus intermunicipal (sem circulação interna),Pendente,,,
5200209,Água Limpa,GO,5 - Centro-Oeste,1856,1 - Até 5000,Não,Não,-,-,Não,Não possui transporte coletivo por ônibus,Pendente,,,
5200258,Águas Lindas de Goiás,GO,5 - Centro-Oeste,240613,6 - 100001 até 500000,Sim,Sim,Sim,Parcialmente adaptada,Sim,Possui ônibus urbano (intramunicipal),Pendente,,,
5200308,Alexânia,GO,5 - Centro-Oeste,28009,4 - 20001 até 50000,Não,Sim,Não,-,Não,Só ônibus intermunicipal (sem circulação interna),Pendente,,,
5200506,Aloândia,GO,5 - Centro-Oeste,1984,1 - Até 5000,Não,Não,-,-,Não,Não possui transporte coletivo por ônibus,Pendente,,,
5200555,Alto Horizonte,GO,5 - Centro-Oeste,6375,2 - 5001 até 10000,Não,Sim,Não,-,Não,Só ônibus intermunicipal (sem circulação interna),Pendente,,,
5200605,Alto Paraíso de Goiás,GO,5 - Centro-Oeste,10936,3 - 10001 até 20000,Não,Sim,Não,-,Não,Só ônibus intermunicipal (sem circulação interna),Pendente,,,
5200803,Alvorada do Norte,GO,5 - Centro-Oeste,8597,2 - 5001 até 10000,Não,Sim,Não,-,Não,Só ônibus intermunicipal (sem circulação interna),Pendente,,,
5200829,Amaralina,GO,5 - Centro-Oeste,3281,1 - Até 5000,Não,Não,-,-,Não,Não possui transporte coletivo por ônibus,Pendente,,,
5200852,Americano do Brasil,GO,5 - Centro-Oeste,5281,2 - 5001 até 10000,Não,Sim,Não,-,Não,Só ônibus intermunicipal (sem circulação interna),Pendente,,,
5200902,Amorinópolis,GO,5 - Centro-Oeste,2952,1 - Até 5000,Não,Sim,Não,-,Não,Só ônibus intermunicipal (sem circulação interna),Pendente,,,
5201108,Anápolis,GO,5 - Centro-Oeste,415847,6 - 100001 até 500000,Sim,Sim,Não,Totalmente adaptada,Sim,Possui ônibus urbano (intramunicipal),Confirmado,Cidade de grande porte com sistema de transporte público municipal/metropolitano amplamente documentado (prefeitura/consórcio de transporte),2026-08-07,Município de grande população (>280 mil hab.) com sistema de ônibus consolidado e publicamente conhecido; dado do MUNIC 2024 já indicava 'Sim' corretamente.
5201207,Anhanguera,GO,5 - Centro-Oeste,921,1 - Até 5000,Não,Não,-,-,Não,Não possui transporte coletivo por ônibus,Pendente,,,
5201306,Anicuns,GO,5 - Centro-Oeste,18443,3 - 10001 até 20000,Sim,Sim,Não,Parcialmente adaptada,Sim,Possui ônibus urbano (intramunicipal),Pendente,,,
5201405,Aparecida de Goiânia,GO,5 - Centro-Oeste,550925,7 - Maior que 500000,Sim,Sim,Sim,Totalmente adaptada,Sim,Possui ônibus urbano (intramunicipal),Confirmado,Cidade de grande porte com sistema de transporte público municipal/metropolitano amplamente documentado (prefeitura/consórcio de transporte),2026-08-07,Município de grande população (>280 mil hab.) com sistema de ônibus consolidado e publicamente conhecido; dado do MUNIC 2024 já indicava 'Sim' corretamente.
5201454,Aparecida do Rio Doce,GO,5 - Centro-Oeste,3012,1 - Até 5000,Não,Sim,Não,-,Não,Só ônibus intermunicipal (sem circulação interna),Pendente,,,
5201504,Aporé,GO,5 - Centro-Oeste,4452,1 - Até 5000,Não,Sim,Não,-,Não,Só ônibus intermunicipal (sem circulação interna),Pendente,,,
5201603,Araçu,GO,5 - Centro-Oeste,3842,1 - Até 5000,Não,Sim,Não,-,Não,Só ônibus intermunicipal (sem circulação interna),Pendente,,,
5201702,Aragarças,GO,5 - Centro-Oeste,18604,3 - 10001 até 20000,Sim,Sim,Sim,Parcialmente adaptada,Sim,Possui ônibus urbano (intramunicipal),Pendente,,,
5201801,Aragoiânia,GO,5 - Centro-Oeste,12554,3 - 10001 até 20000,Não,Sim,Sim,-,Sim,Possui ônibus local (via intermunicipal que circula internamente),Pendente,,,
5202155,Araguapaz,GO,5 - Centro-Oeste,7182,2 - 5001 até 10000,Sim,Sim,Sim,Totalmente adaptada,Sim,Possui ônibus urbano (intramunicipal),Pendente,,,
5202353,Arenópolis,GO,5 - Centro-Oeste,2930,1 - Até 5000,Não,Não,-,-,Não,Não possui transporte coletivo por ônibus,Pendente,,,
5202502,Aruanã,GO,5 - Centro-Oeste,8515,2 - 5001 até 10000,Sim,Sim,Não,Parcialmente adaptada,Sim,Possui ônibus urbano (intramunicipal),Pendente,,,
5202601,Aurilândia,GO,5 - Centro-Oeste,3266,1 - Até 5000,Não,Sim,Não,-,Não,Só ônibus intermunicipal (sem circulação interna),Pendente,,,
5202809,Avelinópolis,GO,5 - Centro-Oeste,2963,1 - Até 5000,Não,Sim,Não,-,Não,Só ônibus intermunicipal (sem circulação interna),Pendente,,,
5203104,Baliza,GO,5 - Centro-Oeste,3335,1 - Até 5000,Não,Sim,Não,-,Não,Só ônibus intermunicipal (sem circulação interna),Pendente,,,
5203203,Barro Alto,GO,5 - Centro-Oeste,10738,3 - 10001 até 20000,Não,Sim,Não,-,Não,Só ônibus intermunicipal (sem circulação interna),Pendente,,,
5203302,Bela Vista de Goiás,GO,5 - Centro-Oeste,36583,4 - 20001 até 50000,Sim,Sim,Sim,Totalmente adaptada,Sim,Possui ônibus urbano (intramunicipal),Pendente,,,
5203401,Bom Jardim de Goiás,GO,5 - Centro-Oeste,7824,2 - 5001 até 10000,Não,Sim,Não,-,Não,Só ônibus intermunicipal (sem circulação interna),Pendente,,,
5203500,Bom Jesus de Goiás,GO,5 - Centro-Oeste,24701,4 - 20001 até 50000,Não,Sim,Não,-,Não,Só ônibus intermunicipal (sem circulação interna),Pendente,,,
5203559,Bonfinópolis,GO,5 - Centro-Oeste,10828,3 - 10001 até 20000,Não,Sim,Não,-,Não,Só ônibus intermunicipal (sem circulação interna),Pendente,,,
5203575,Bonópolis,GO,5 - Centro-Oeste,3306,1 - Até 5000,Não,Sim,Não,-,Não,Só ônibus intermunicipal (sem circulação interna),Pendente,,,
5203609,Brazabrantes,GO,5 - Centro-Oeste,4149,1 - Até 5000,Não,Sim,Não,-,Não,Só ônibus intermunicipal (sem circulação interna),Pendente,,,
5203807,Britânia,GO,5 - Centro-Oeste,5788,2 - 5001 até 10000,Não,Não,-,-,Não,Não possui transporte coletivo por ônibus,Sem fonte encontrada,Buscas retornaram apenas transporte intermunicipal/interestadual (Britânia-GO),2026-08-10,Nenhuma evidência específica de ônibus urbano intramunicipal encontrada
5203906,Buriti Alegre,GO,5 - Centro-Oeste,10831,3 - 10001 até 20000,Não,Sim,Sim,-,Sim,Possui ônibus local (via intermunicipal que circula internamente),Pendente,,,
5203939,Buriti de Goiás,GO,5 - Centro-Oeste,2789,1 - Até 5000,Não,Sim,Sim,-,Sim,Possui ônibus local (via intermunicipal que circula internamente),Pendente,,,
5203962,Buritinópolis,GO,5 - Centro-Oeste,3154,1 - Até 5000,Não,Sim,Sim,-,Sim,Possui ônibus local (via intermunicipal que circula internamente),Pendente,,,
5204003,Cabeceiras,GO,5 - Centro-Oeste,7678,2 - 5001 até 10000,Sim,Sim,Sim,Sem adaptação,Sim,Possui ônibus urbano (intramunicipal),Pendente,,,
5204102,Cachoeira Alta,GO,5 - Centro-Oeste,11789,3 - 10001 até 20000,Não,Sim,Não,-,Não,Só ônibus intermunicipal (sem circulação interna),Pendente,,,
5204201,Cachoeira de Goiás,GO,5 - Centro-Oeste,1419,1 - Até 5000,Não,Sim,Não,-,Não,Só ônibus intermunicipal (sem circulação interna),Pendente,,,
5204250,Cachoeira Dourada,GO,5 - Centro-Oeste,7801,2 - 5001 até 10000,Não,Sim,Sim,-,Sim,Possui ônibus local (via intermunicipal que circula internamente),Pendente,,,
5204300,Caçu,GO,5 - Centro-Oeste,14006,3 - 10001 até 20000,Sim,Não,-,Parcialmente adaptada,Sim,Possui ônibus urbano (intramunicipal),Pendente,,,
5204409,Caiapônia,GO,5 - Centro-Oeste,16655,3 - 10001 até 20000,Não,Sim,Não,-,Não,Só ônibus intermunicipal (sem circulação interna),Pendente,,,
5204508,Caldas Novas,GO,5 - Centro-Oeste,104788,6 - 100001 até 500000,Não,Sim,Sim,-,Sim,Possui ônibus local (via intermunicipal que circula internamente),Pendente,,,
5204557,Caldazinha,GO,5 - Centro-Oeste,4735,1 - Até 5000,Não,Sim,Sim,-,Sim,Possui ônibus local (via intermunicipal que circula internamente),Pendente,,,
5204607,Campestre de Goiás,GO,5 - Centro-Oeste,3854,1 - Até 5000,Não,Sim,Sim,-,Sim,Possui ônibus local (via intermunicipal que circula internamente),Pendente,,,
5204656,Campinaçu,GO,5 - Centro-Oeste,3758,1 - Até 5000,Não,Sim,Não,-,Não,Só ônibus intermunicipal (sem circulação interna),Pendente,,,
5204706,Campinorte,GO,5 - Centro-Oeste,12879,3 - 10001 até 20000,Não,Sim,Não,-,Não,Só ônibus intermunicipal (sem circulação interna),Pendente,,,
5204805,Campo Alegre de Goiás,GO,5 - Centro-Oeste,7711,2 - 5001 até 10000,Não,Sim,Não,-,Não,Só ônibus intermunicipal (sem circulação interna),Pendente,,,
5204854,Campo Limpo de Goiás,GO,5 - Centro-Oeste,8449,2 - 5001 até 10000,Não,Sim,Não,-,Não,Só ônibus intermunicipal (sem circulação interna),Pendente,,,
5204904,Campos Belos,GO,5 - Centro-Oeste,18258,3 - 10001 até 20000,Não,Sim,Não,-,Não,Só ônibus intermunicipal (sem circulação interna),Pendente,,,
5204953,Campos Verdes,GO,5 - Centro-Oeste,3899,1 - Até 5000,Não,Sim,Não,-,Não,Só ônibus intermunicipal (sem circulação interna),Pendente,,,
5205000,Carmo do Rio Verde,GO,5 - Centro-Oeste,9937,2 - 5001 até 10000,Não,Sim,Não,-,Não,Só ônibus intermunicipal (sem circulação interna),Pendente,,,
5205059,Castelândia,GO,5 - Centro-Oeste,2921,1 - Até 5000,Não,Sim,Sim,-,Sim,Possui ônibus local (via intermunicipal que circula internamente),Pendente,,,
5205109,Catalão,GO,5 - Centro-Oeste,120789,6 - 100001 até 500000,Sim,Sim,Sim,Totalmente adaptada,Sim,Possui ônibus urbano (intramunicipal),Pendente,,,
5205208,Caturaí,GO,5 - Centro-Oeste,5318,2 - 5001 até 10000,Não,Sim,Não,-,Não,Só ônibus intermunicipal (sem circulação interna),Pendente,,,
5205307,Cavalcante,GO,5 - Centro-Oeste,9721,2 - 5001 até 10000,Não,Sim,Não,-,Não,Só ônibus intermunicipal (sem circulação interna),Pendente,,,
5205406,Ceres,GO,5 - Centro-Oeste,22484,4 - 20001 até 50000,Não,Não,-,-,Não,Não possui transporte coletivo por ônibus,Sem fonte encontrada,,2026-08-07,Apenas linha intermunicipal Goiânia-Ceres; sem fonte específica sobre ônibus urbano interno. Mantido dado original do MUNIC.
5205455,Cezarina,GO,5 - Centro-Oeste,8265,2 - 5001 até 10000,Não,Sim,Não,-,Não,Só ônibus intermunicipal (sem circulação interna),Pendente,,,
5205471,Chapadão do Céu,GO,5 - Centro-Oeste,13897,3 - 10001 até 20000,Não,Sim,Não,-,Não,Só ônibus intermunicipal (sem circulação interna),Pendente,,,
5205497,Cidade Ocidental,GO,5 - Centro-Oeste,98963,5 - 50001 até 100000,Não,Sim,Sim,-,Sim,Possui ônibus local (via intermunicipal que circula internamente),Pendente,,,
5205513,Cocalzinho de Goiás,GO,5 - Centro-Oeste,26638,4 - 20001 até 50000,Não,Sim,Não,-,Não,Só ônibus intermunicipal (sem circulação interna),Pendente,,,
5205521,Colinas do Sul,GO,5 - Centro-Oeste,4153,1 - Até 5000,Não,Sim,Não,-,Não,Só ônibus intermunicipal (sem circulação interna),Pendente,,,
5205703,Córrego do Ouro,GO,5 - Centro-Oeste,2456,1 - Até 5000,Não,Sim,Não,-,Não,Só ônibus intermunicipal (sem circulação interna),Pendente,,,
5205802,Corumbá de Goiás,GO,5 - Centro-Oeste,10714,3 - 10001 até 20000,Não,Sim,Não,-,Não,Só ônibus intermunicipal (sem circulação interna),Pendente,,,
5205901,Corumbaíba,GO,5 - Centro-Oeste,9416,2 - 5001 até 10000,Não,Sim,Não,-,Não,Só ônibus intermunicipal (sem circulação interna),Pendente,,,
5206206,Cristalina,GO,5 - Centro-Oeste,65705,5 - 50001 até 100000,Não,Sim,Não,-,Não,Só ônibus intermunicipal (sem circulação interna),Pendente,,,
5206305,Cristianópolis,GO,5 - Centro-Oeste,3630,1 - Até 5000,Não,Sim,Não,-,Não,Só ônibus intermunicipal (sem circulação interna),Pendente,,,
5206404,Crixás,GO,5 - Centro-Oeste,17445,3 - 10001 até 20000,Não,Sim,Não,-,Não,Só ônibus intermunicipal (sem circulação interna),Pendente,,,
5206503,Cromínia,GO,5 - Centro-Oeste,3977,1 - Até 5000,Não,Não,-,-,Não,Não possui transporte coletivo por ônibus,Pendente,,,
5206602,Cumari,GO,5 - Centro-Oeste,2955,1 - Até 5000,Não,Sim,Não,-,Não,Só ônibus intermunicipal (sem circulação interna),Pendente,,,
5206701,Damianópolis,GO,5 - Centro-Oeste,3884,1 - Até 5000,Não,Sim,Não,-,Não,Só ônibus intermunicipal (sem circulação interna),Pendente,,,
5206800,Damolândia,GO,5 - Centro-Oeste,2755,1 - Até 5000,Não,Sim,Não,-,Não,Só ônibus intermunicipal (sem circulação interna),Pendente,,,
5206909,Davinópolis,GO,5 - Centro-Oeste,1901,1 - Até 5000,Não,Sim,Não,-,Não,Só ônibus intermunicipal (sem circulação interna),Pendente,,,
5207105,Diorama,GO,5 - Centro-Oeste,2023,1 - Até 5000,Não,Sim,Não,-,Não,Só ônibus intermunicipal (sem circulação interna),Pendente,,,
5207253,Doverlândia,GO,5 - Centro-Oeste,6895,2 - 5001 até 10000,Sim,Sim,Não,Parcialmente adaptada,Sim,Possui ônibus urbano (intramunicipal),Pendente,,,
5207352,Edealina,GO,5 - Centro-Oeste,4087,1 - Até 5000,Não,Sim,Não,-,Não,Só ônibus intermunicipal (sem circulação interna),Pendente,,,
5207402,Edéia,GO,5 - Centro-Oeste,11953,3 - 10001 até 20000,Não,Sim,Não,-,Não,Só ônibus intermunicipal (sem circulação interna),Pendente,,,
5207501,Estrela do Norte,GO,5 - Centro-Oeste,3224,1 - Até 5000,Não,Não,-,-,Não,Não possui transporte coletivo por ônibus,Pendente,,,
5207535,Faina,GO,5 - Centro-Oeste,7164,2 - 5001 até 10000,Não,Sim,Não,-,Não,Só ônibus intermunicipal (sem circulação interna),Pendente,,,
5207600,Fazenda Nova,GO,5 - Centro-Oeste,5878,2 - 5001 até 10000,Não,Não,-,-,Não,Não possui transporte coletivo por ônibus,Sem fonte encontrada,"Resultado sobre 'Fazenda Nova' é bairro/linha de ônibus em Goiânia-GO, não o município Fazenda Nova-GO (homônimo/confusão)",2026-08-10,Confusão com bairro homônimo em Goiânia-GO
5207808,Firminópolis,GO,5 - Centro-Oeste,10365,3 - 10001 até 20000,Não,Sim,Não,-,Não,Só ônibus intermunicipal (sem circulação interna),Pendente,,,
5207907,Flores de Goiás,GO,5 - Centro-Oeste,14156,3 - 10001 até 20000,Não,Sim,Não,-,Não,Só ônibus intermunicipal (sem circulação interna),Pendente,,,
5208004,Formosa,GO,5 - Centro-Oeste,120478,6 - 100001 até 500000,Sim,Sim,Sim,Totalmente adaptada,Sim,Possui ônibus urbano (intramunicipal),Pendente,,,
5208103,Formoso,GO,5 - Centro-Oeste,4681,1 - Até 5000,Não,Sim,Não,-,Não,Só ônibus intermunicipal (sem circulação interna),Pendente,,,
5208152,Gameleira de Goiás,GO,5 - Centro-Oeste,3542,1 - Até 5000,Não,Sim,Não,-,Não,Só ônibus intermunicipal (sem circulação interna),Pendente,,,
5208301,Divinópolis de Goiás,GO,5 - Centro-Oeste,4440,1 - Até 5000,Não,Sim,Sim,-,Sim,Possui ônibus local (via intermunicipal que circula internamente),Pendente,,,
5208400,Goianápolis,GO,5 - Centro-Oeste,14555,3 - 10001 até 20000,Não,Sim,Não,-,Não,Só ônibus intermunicipal (sem circulação interna),Pendente,,,
5208509,Goiandira,GO,5 - Centro-Oeste,4986,1 - Até 5000,Não,Sim,Não,-,Não,Só ônibus intermunicipal (sem circulação interna),Pendente,,,
5208608,Goianésia,GO,5 - Centro-Oeste,77014,5 - 50001 até 100000,Sim,Sim,Não,Parcialmente adaptada,Sim,Possui ônibus urbano (intramunicipal),Pendente,,,
5208707,Goiânia,GO,5 - Centro-Oeste,1494599,7 - Maior que 500000,Sim,Sim,Sim,Totalmente adaptada,Sim,Possui ônibus urbano (intramunicipal),Confirmado,Sistema de transporte público municipal amplamente documentado (site da prefeitura/empresa de transporte municipal),2026-08-07,Capital estadual com sistema de ônibus urbano consolidado e publicamente conhecido; dado do MUNIC 2024 já indicava 'Sim' corretamente.
5208806,Goianira,GO,5 - Centro-Oeste,78754,5 - 50001 até 100000,Não,Sim,Sim,-,Sim,Possui ônibus local (via intermunicipal que circula internamente),Pendente,,,
5208905,Goiás,GO,5 - Centro-Oeste,24233,4 - 20001 até 50000,Sim,Sim,Sim,Totalmente adaptada,Sim,Possui ônibus urbano (intramunicipal),Pendente,,,
5209101,Goiatuba,GO,5 - Centro-Oeste,36777,4 - 20001 até 50000,Não,Sim,Não,-,Não,Só ônibus intermunicipal (sem circulação interna),Pendente,,,
5209150,Gouvelândia,GO,5 - Centro-Oeste,4356,1 - Até 5000,Não,Sim,Não,-,Não,Só ônibus intermunicipal (sem circulação interna),Pendente,,,
5209200,Guapó,GO,5 - Centro-Oeste,20588,4 - 20001 até 50000,Não,Sim,Sim,-,Sim,Possui ônibus local (via intermunicipal que circula internamente),Pendente,,,
5209291,Guaraíta,GO,5 - Centro-Oeste,2185,1 - Até 5000,Não,Não,-,-,Não,Não possui transporte coletivo por ônibus,Pendente,,,
5209408,Guarani de Goiás,GO,5 - Centro-Oeste,4106,1 - Até 5000,Não,Sim,Não,-,Não,Só ônibus intermunicipal (sem circulação interna),Pendente,,,
5209457,Guarinos,GO,5 - Centro-Oeste,2165,1 - Até 5000,Não,Não,-,-,Não,Não possui transporte coletivo por ônibus,Pendente,,,
5209606,Heitoraí,GO,5 - Centro-Oeste,3360,1 - Até 5000,Não,Sim,Sim,-,Sim,Possui ônibus local (via intermunicipal que circula internamente),Pendente,,,
5209705,Hidrolândia,GO,5 - Centro-Oeste,29827,4 - 20001 até 50000,Não,Sim,Sim,-,Sim,Possui ônibus local (via intermunicipal que circula internamente),Pendente,,,
5209804,Hidrolina,GO,5 - Centro-Oeste,3514,1 - Até 5000,Não,Não,-,-,Não,Não possui transporte coletivo por ônibus,Pendente,,,
5209903,Iaciara,GO,5 - Centro-Oeste,10430,3 - 10001 até 20000,Não,Sim,Não,-,Não,Só ônibus intermunicipal (sem circulação interna),Pendente,,,
5209937,Inaciolândia,GO,5 - Centro-Oeste,6061,2 - 5001 até 10000,Não,Sim,Não,-,Não,Só ônibus intermunicipal (sem circulação interna),Pendente,,,
5209952,Indiara,GO,5 - Centro-Oeste,17747,3 - 10001 até 20000,Não,Não,-,-,Não,Não possui transporte coletivo por ônibus,Sem fonte encontrada,,2026-08-07,Apenas linha intermunicipal Goiânia-Indiara; sem fonte específica sobre ônibus urbano interno. Mantido dado original do MUNIC.
5210000,Inhumas,GO,5 - Centro-Oeste,53629,5 - 50001 até 100000,Não,Sim,Não,-,Não,Só ônibus intermunicipal (sem circulação interna),Pendente,,,
5210109,Ipameri,GO,5 - Centro-Oeste,26163,4 - 20001 até 50000,Não,Sim,Sim,-,Sim,Possui ônibus local (via intermunicipal que circula internamente),Pendente,,,
5210158,Ipiranga de Goiás,GO,5 - Centro-Oeste,2964,1 - Até 5000,Não,Não,-,-,Não,Não possui transporte coletivo por ônibus,Pendente,,,
5210208,Iporá,GO,5 - Centro-Oeste,36983,4 - 20001 até 50000,Não,Não,-,-,Não,Não possui transporte coletivo por ônibus,Sem fonte encontrada,,2026-08-07,Apenas informações sobre linhas intermunicipais; sem fonte específica sobre ônibus urbano dentro da cidade. Mantido dado original do MUNIC.
5210307,Israelândia,GO,5 - Centro-Oeste,2540,1 - Até 5000,Não,Sim,Não,-,Não,Só ônibus intermunicipal (sem circulação interna),Pendente,,,
5210406,Itaberaí,GO,5 - Centro-Oeste,46943,4 - 20001 até 50000,Sim,Sim,Não,Sem adaptação,Sim,Possui ônibus urbano (intramunicipal),Pendente,,,
5210562,Itaguari,GO,5 - Centro-Oeste,5088,2 - 5001 até 10000,Não,Sim,Não,-,Não,Só ônibus intermunicipal (sem circulação interna),Pendente,,,
5210604,Itaguaru,GO,5 - Centro-Oeste,4880,1 - Até 5000,Não,Sim,Sim,-,Sim,Possui ônibus local (via intermunicipal que circula internamente),Pendente,,,
5210802,Itajá,GO,5 - Centro-Oeste,4328,1 - Até 5000,Não,Sim,Não,-,Não,Só ônibus intermunicipal (sem circulação interna),Pendente,,,
5210901,Itapaci,GO,5 - Centro-Oeste,21708,4 - 20001 até 50000,Não,Sim,Não,-,Não,Só ônibus intermunicipal (sem circulação interna),Pendente,,,
5211008,Itapirapuã,GO,5 - Centro-Oeste,8125,2 - 5001 até 10000,Não,Sim,Não,-,Não,Só ônibus intermunicipal (sem circulação interna),Pendente,,,
5211206,Itapuranga,GO,5 - Centro-Oeste,26574,4 - 20001 até 50000,Não,Não,-,-,Não,Não possui transporte coletivo por ônibus,Sem fonte encontrada,,2026-08-07,Busca retornou apenas informações sobre rodoviária/transporte intermunicipal ou localidades homônimas; sem confirmação confiável específica. Mantido dado original do MUNIC.
5211305,Itarumã,GO,5 - Centro-Oeste,6142,2 - 5001 até 10000,Não,Sim,Não,-,Não,Só ônibus intermunicipal (sem circulação interna),Pendente,,,
5211404,Itauçu,GO,5 - Centro-Oeste,7701,2 - 5001 até 10000,Não,Sim,Não,-,Não,Só ônibus intermunicipal (sem circulação interna),Pendente,,,
5211503,Itumbiara,GO,5 - Centro-Oeste,112289,6 - 100001 até 500000,Sim,Sim,Sim,Totalmente adaptada,Sim,Possui ônibus urbano (intramunicipal),Pendente,,,
5211602,Ivolândia,GO,5 - Centro-Oeste,2729,1 - Até 5000,Não,Não,-,-,Não,Não possui transporte coletivo por ônibus,Pendente,,,
5211701,Jandaia,GO,5 - Centro-Oeste,6360,2 - 5001 até 10000,Não,Sim,Não,-,Não,Só ônibus intermunicipal (sem circulação interna),Pendente,,,
5211800,Jaraguá,GO,5 - Centro-Oeste,46427,4 - 20001 até 50000,Não,Sim,Não,-,Não,Só ônibus intermunicipal (sem circulação interna),Pendente,,,
5211909,Jataí,GO,5 - Centro-Oeste,110404,6 - 100001 até 500000,Sim,Sim,Sim,Totalmente adaptada,Sim,Possui ônibus urbano (intramunicipal),Pendente,,,
5212006,Jaupaci,GO,5 - Centro-Oeste,2946,1 - Até 5000,Não,Sim,Não,-,Não,Só ônibus intermunicipal (sem circulação interna),Pendente,,,
5212055,Jesúpolis,GO,5 - Centro-Oeste,2124,1 - Até 5000,Não,Sim,Não,-,Não,Só ônibus intermunicipal (sem circulação interna),Pendente,,,
5212105,Joviânia,GO,5 - Centro-Oeste,7247,2 - 5001 até 10000,Não,Sim,Não,-,Não,Só ônibus intermunicipal (sem circulação interna),Pendente,,,
5212204,Jussara,GO,5 - Centro-Oeste,19901,3 - 10001 até 20000,Não,Sim,Sim,-,Sim,Possui ônibus local (via intermunicipal que circula internamente),Pendente,,,
5212253,Lagoa Santa,GO,5 - Centro-Oeste,1426,1 - Até 5000,Não,Não,-,-,Não,Não possui transporte coletivo por ônibus,Pendente,,,
5212303,Leopoldo de Bulhões,GO,5 - Centro-Oeste,9035,2 - 5001 até 10000,Não,Sim,Não,-,Não,Só ônibus intermunicipal (sem circulação interna),Pendente,,,
5212501,Luziânia,GO,5 - Centro-Oeste,218872,6 - 100001 até 500000,Sim,Sim,Sim,Totalmente adaptada,Sim,Possui ônibus urbano (intramunicipal),Pendente,,,
5212600,Mairipotaba,GO,5 - Centro-Oeste,2618,1 - Até 5000,Não,Não,-,-,Não,Não possui transporte coletivo por ônibus,Pendente,,,
5212709,Mambaí,GO,5 - Centro-Oeste,8405,2 - 5001 até 10000,Não,Sim,Sim,-,Sim,Possui ônibus local (via intermunicipal que circula internamente),Pendente,,,
5212808,Mara Rosa,GO,5 - Centro-Oeste,10815,3 - 10001 até 20000,Não,Sim,Não,-,Não,Só ônibus intermunicipal (sem circulação interna),Pendente,,,
5212907,Marzagão,GO,5 - Centro-Oeste,2893,1 - Até 5000,Não,Sim,Não,-,Não,Só ônibus intermunicipal (sem circulação interna),Pendente,,,
5212956,Matrinchã,GO,5 - Centro-Oeste,4033,1 - Até 5000,Não,Sim,Não,-,Não,Só ônibus intermunicipal (sem circulação interna),Pendente,,,
5213004,Maurilândia,GO,5 - Centro-Oeste,10239,3 - 10001 até 20000,Não,Sim,Não,-,Não,Só ônibus intermunicipal (sem circulação interna),Pendente,,,
5213053,Mimoso de Goiás,GO,5 - Centro-Oeste,2633,1 - Até 5000,Não,Não,-,-,Não,Não possui transporte coletivo por ônibus,Pendente,,,
5213087,Minaçu,GO,5 - Centro-Oeste,26939,4 - 20001 até 50000,Não,Sim,Não,-,Não,Só ônibus intermunicipal (sem circulação interna),Pendente,,,
5213103,Mineiros,GO,5 - Centro-Oeste,73781,5 - 50001 até 100000,Não,Sim,Não,-,Não,Só ônibus intermunicipal (sem circulação interna),Pendente,,,
5213400,Moiporá,GO,5 - Centro-Oeste,1693,1 - Até 5000,Não,Não,-,-,Não,Não possui transporte coletivo por ônibus,Pendente,,,
5213509,Monte Alegre de Goiás,GO,5 - Centro-Oeste,6613,2 - 5001 até 10000,Não,Sim,Não,-,Não,Só ônibus intermunicipal (sem circulação interna),Pendente,,,
5213707,Montes Claros de Goiás,GO,5 - Centro-Oeste,8972,2 - 5001 até 10000,Não,Não,-,-,Não,Não possui transporte coletivo por ônibus,Sem fonte encontrada,"Fonte indica locomoção predominante por transporte particular/táxi, resultados majoritários confundidos com Montes Claros-MG",2026-08-08,"Evidência sugere ausência de ônibus urbano, mas não é fonte específica e confiável o suficiente para Confirmado"
5213756,Montividiu,GO,5 - Centro-Oeste,12957,3 - 10001 até 20000,Não,Sim,Sim,-,Sim,Possui ônibus local (via intermunicipal que circula internamente),Pendente,,,
5213772,Montividiu do Norte,GO,5 - Centro-Oeste,3770,1 - Até 5000,Não,Sim,Não,-,Não,Só ônibus intermunicipal (sem circulação interna),Pendente,,,
5213806,Morrinhos,GO,5 - Centro-Oeste,53640,5 - 50001 até 100000,Não,Sim,Não,-,Não,Só ônibus intermunicipal (sem circulação interna),Pendente,,,
5213855,Morro Agudo de Goiás,GO,5 - Centro-Oeste,2499,1 - Até 5000,Não,Sim,Não,-,Não,Só ônibus intermunicipal (sem circulação interna),Pendente,,,
5213905,Mossâmedes,GO,5 - Centro-Oeste,4655,1 - Até 5000,Não,Não,-,-,Não,Não possui transporte coletivo por ônibus,Sem fonte encontrada,Buscas retornaram apenas rodoviária/transporte intermunicipal (Mossâmedes-GO),2026-08-13,Nenhuma evidência específica de ônibus urbano intramunicipal encontrada
5214002,Mozarlândia,GO,5 - Centro-Oeste,15109,3 - 10001 até 20000,Sim,Sim,Não,Parcialmente adaptada,Sim,Possui ônibus urbano (intramunicipal),Pendente,,,
5214051,Mundo Novo,GO,5 - Centro-Oeste,6223,2 - 5001 até 10000,Não,Não,-,-,Não,Não possui transporte coletivo por ônibus,Sem fonte encontrada,"'Terminal Novo Mundo' é um terminal em Goiânia-GO (bairro), não o município Mundo Novo-GO (homônimo/confusão)",2026-08-10,Confusão com bairro/terminal homônimo em Goiânia-GO
5214101,Mutunópolis,GO,5 - Centro-Oeste,3562,1 - Até 5000,Sim,Sim,Sim,Parcialmente adaptada,Sim,Possui ônibus urbano (intramunicipal),Pendente,,,
5214408,Nazário,GO,5 - Centro-Oeste,8330,2 - 5001 até 10000,Sim,Sim,Sim,Parcialmente adaptada,Sim,Possui ônibus urbano (intramunicipal),Pendente,,,
5214507,Nerópolis,GO,5 - Centro-Oeste,33706,4 - 20001 até 50000,Sim,Sim,Não,Parcialmente adaptada,Sim,Possui ônibus urbano (intramunicipal),Pendente,,,
5214606,Niquelândia,GO,5 - Centro-Oeste,34466,4 - 20001 até 50000,Não,Sim,Não,-,Não,Só ônibus intermunicipal (sem circulação interna),Pendente,,,
5214705,Nova América,GO,5 - Centro-Oeste,2375,1 - Até 5000,Sim,Sim,Sim,Totalmente adaptada,Sim,Possui ônibus urbano (intramunicipal),Pendente,,,
5214804,Nova Aurora,GO,5 - Centro-Oeste,2130,1 - Até 5000,Não,Sim,Não,-,Não,Só ônibus intermunicipal (sem circulação interna),Pendente,,,
5214838,Nova Crixás,GO,5 - Centro-Oeste,13095,3 - 10001 até 20000,Não,Sim,Não,-,Não,Só ônibus intermunicipal (sem circulação interna),Pendente,,,
5214861,Nova Glória,GO,5 - Centro-Oeste,8375,2 - 5001 até 10000,Não,Sim,Não,-,Não,Só ônibus intermunicipal (sem circulação interna),Pendente,,,
5214879,Nova Iguaçu de Goiás,GO,5 - Centro-Oeste,3072,1 - Até 5000,Não,Sim,Não,-,Não,Só ônibus intermunicipal (sem circulação interna),Pendente,,,
5214903,Nova Roma,GO,5 - Centro-Oeste,3053,1 - Até 5000,Não,Não,-,-,Não,Não possui transporte coletivo por ônibus,Pendente,,,
5215009,Nova Veneza,GO,5 - Centro-Oeste,9790,2 - 5001 até 10000,Não,Sim,Não,-,Não,Só ônibus intermunicipal (sem circulação interna),Pendente,,,
5215207,Novo Brasil,GO,5 - Centro-Oeste,3568,1 - Até 5000,Não,Sim,Não,-,Não,Só ônibus intermunicipal (sem circulação interna),Pendente,,,
5215231,Novo Gama,GO,5 - Centro-Oeste,107092,6 - 100001 até 500000,Sim,Sim,Não,Parcialmente adaptada,Sim,Possui ônibus urbano (intramunicipal),Pendente,,,
5215256,Novo Planalto,GO,5 - Centro-Oeste,3723,1 - Até 5000,Não,Sim,Não,-,Não,Só ônibus intermunicipal (sem circulação interna),Pendente,,,
5215306,Orizona,GO,5 - Centro-Oeste,16890,3 - 10001 até 20000,Não,Sim,Não,-,Não,Só ônibus intermunicipal (sem circulação interna),Pendente,,,
5215405,Ouro Verde de Goiás,GO,5 - Centro-Oeste,4108,1 - Até 5000,Não,Sim,Não,-,Não,Só ônibus intermunicipal (sem circulação interna),Pendente,,,
5215504,Ouvidor,GO,5 - Centro-Oeste,7542,2 - 5001 até 10000,Não,Sim,Não,-,Não,Só ônibus intermunicipal (sem circulação interna),Pendente,,,
5215603,Padre Bernardo,GO,5 - Centro-Oeste,36692,4 - 20001 até 50000,Não,Sim,Sim,-,Sim,Possui ônibus local (via intermunicipal que circula internamente),Pendente,,,
5215652,Palestina de Goiás,GO,5 - Centro-Oeste,3132,1 - Até 5000,Não,Não,-,-,Não,Não possui transporte coletivo por ônibus,Pendente,,,
5215702,Palmeiras de Goiás,GO,5 - Centro-Oeste,33749,4 - 20001 até 50000,Não,Sim,Sim,-,Sim,Possui ônibus local (via intermunicipal que circula internamente),Pendente,,,
5215801,Palmelo,GO,5 - Centro-Oeste,2273,1 - Até 5000,Não,Não,-,-,Não,Não possui transporte coletivo por ônibus,Pendente,,,
5215900,Palminópolis,GO,5 - Centro-Oeste,3939,1 - Até 5000,Não,Sim,Não,-,Não,Só ônibus intermunicipal (sem circulação interna),Pendente,,,
5216007,Panamá,GO,5 - Centro-Oeste,2449,1 - Até 5000,Não,Sim,Não,-,Não,Só ônibus intermunicipal (sem circulação interna),Pendente,,,
5216304,Paranaiguara,GO,5 - Centro-Oeste,7470,2 - 5001 até 10000,Não,Sim,Não,-,Não,Só ônibus intermunicipal (sem circulação interna),Pendente,,,
5216403,Paraúna,GO,5 - Centro-Oeste,10749,3 - 10001 até 20000,Sim,Sim,Sim,Parcialmente adaptada,Sim,Possui ônibus urbano (intramunicipal),Pendente,,,
5216452,Perolândia,GO,5 - Centro-Oeste,3000,1 - Até 5000,Não,Sim,Não,-,Não,Só ônibus intermunicipal (sem circulação interna),Pendente,,,
5216809,Petrolina de Goiás,GO,5 - Centro-Oeste,9577,2 - 5001 até 10000,Não,Sim,Não,-,Não,Só ônibus intermunicipal (sem circulação interna),Pendente,,,
5216908,Pilar de Goiás,GO,5 - Centro-Oeste,2288,1 - Até 5000,Não,Sim,Não,-,Não,Só ônibus intermunicipal (sem circulação interna),Pendente,,,
5217104,Piracanjuba,GO,5 - Centro-Oeste,25309,4 - 20001 até 50000,Não,Sim,Não,-,Não,Só ônibus intermunicipal (sem circulação interna),Pendente,,,
5217203,Piranhas,GO,5 - Centro-Oeste,11913,3 - 10001 até 20000,Não,Sim,Não,-,Não,Só ônibus intermunicipal (sem circulação interna),Pendente,,,
5217302,Pirenópolis,GO,5 - Centro-Oeste,27757,4 - 20001 até 50000,Não,Sim,Não,-,Não,Só ônibus intermunicipal (sem circulação interna),Pendente,,,
5217401,Pires do Rio,GO,5 - Centro-Oeste,33494,4 - 20001 até 50000,Não,Sim,Não,-,Não,Só ônibus intermunicipal (sem circulação interna),Pendente,,,
5217609,Planaltina,GO,5 - Centro-Oeste,110619,6 - 100001 até 500000,Sim,Sim,Não,Parcialmente adaptada,Sim,Possui ônibus urbano (intramunicipal),Pendente,,,
5217708,Pontalina,GO,5 - Centro-Oeste,18685,3 - 10001 até 20000,Não,Sim,Não,-,Não,Só ônibus intermunicipal (sem circulação interna),Pendente,,,
5218003,Porangatu,GO,5 - Centro-Oeste,45400,4 - 20001 até 50000,Não,Sim,Não,-,Não,Só ônibus intermunicipal (sem circulação interna),Pendente,,,
5218052,Porteirão,GO,5 - Centro-Oeste,4225,1 - Até 5000,Não,Sim,Não,-,Não,Só ônibus intermunicipal (sem circulação interna),Pendente,,,
5218102,Portelândia,GO,5 - Centro-Oeste,3234,1 - Até 5000,Não,Sim,Não,-,Não,Só ônibus intermunicipal (sem circulação interna),Pendente,,,
5218300,Posse,GO,5 - Centro-Oeste,36060,4 - 20001 até 50000,Não,Sim,Sim,-,Sim,Possui ônibus local (via intermunicipal que circula internamente),Pendente,,,
5218391,Professor Jamil,GO,5 - Centro-Oeste,3732,1 - Até 5000,Não,Não,-,-,Não,Não possui transporte coletivo por ônibus,Pendente,,,
5218508,Quirinópolis,GO,5 - Centro-Oeste,49986,4 - 20001 até 50000,Sim,Sim,Sim,Totalmente adaptada,Sim,Possui ônibus urbano (intramunicipal),Pendente,,,
5218607,Rialma,GO,5 - Centro-Oeste,12551,3 - 10001 até 20000,Não,Sim,Não,-,Não,Só ônibus intermunicipal (sem circulação interna),Pendente,,,
5218706,Rianápolis,GO,5 - Centro-Oeste,3938,1 - Até 5000,Não,Não,-,-,Não,Não possui transporte coletivo por ônibus,Pendente,,,
5218789,Rio Quente,GO,5 - Centro-Oeste,3994,1 - Até 5000,Sim,Sim,Sim,Sem adaptação,Sim,Possui ônibus urbano (intramunicipal),Pendente,,,
5218805,Rio Verde,GO,5 - Centro-Oeste,238025,6 - 100001 até 500000,Sim,Sim,Sim,Totalmente adaptada,Sim,Possui ônibus urbano (intramunicipal),Pendente,,,
5218904,Rubiataba,GO,5 - Centro-Oeste,20132,4 - 20001 até 50000,Não,Sim,Não,-,Não,Só ônibus intermunicipal (sem circulação interna),Pendente,,,
5219001,Sanclerlândia,GO,5 - Centro-Oeste,8063,2 - 5001 até 10000,Não,Sim,Sim,-,Sim,Possui ônibus local (via intermunicipal que circula internamente),Pendente,,,
5219100,Santa Bárbara de Goiás,GO,5 - Centro-Oeste,6280,2 - 5001 até 10000,Não,Sim,Não,-,Não,Só ônibus intermunicipal (sem circulação interna),Pendente,,,
5219209,Santa Cruz de Goiás,GO,5 - Centro-Oeste,3016,1 - Até 5000,Não,Não,-,-,Não,Não possui transporte coletivo por ônibus,Pendente,,,
5219258,Santa Fé de Goiás,GO,5 - Centro-Oeste,5036,2 - 5001 até 10000,Não,Sim,Não,-,Não,Só ônibus intermunicipal (sem circulação interna),Pendente,,,
5219308,Santa Helena de Goiás,GO,5 - Centro-Oeste,39481,4 - 20001 até 50000,Não,Sim,Não,-,Não,Só ônibus intermunicipal (sem circulação interna),Pendente,,,
5219357,Santa Isabel,GO,5 - Centro-Oeste,3556,1 - Até 5000,Não,Sim,Não,-,Não,Só ônibus intermunicipal (sem circulação interna),Pendente,,,
5219407,Santa Rita do Araguaia,GO,5 - Centro-Oeste,5842,2 - 5001 até 10000,Não,Não,-,-,Não,Não possui transporte coletivo por ônibus,Sem fonte encontrada,Fonte indica mobilidade urbana predominante por carro/táxi/a pé (Santa Rita do Araguaia-GO),2026-08-10,"Evidência sugere ausência de ônibus urbano, mas não é fonte formal suficiente para Confirmado"
5219456,Santa Rita do Novo Destino,GO,5 - Centro-Oeste,2648,1 - Até 5000,Não,Não,-,-,Não,Não possui transporte coletivo por ônibus,Pendente,,,
5219506,Santa Rosa de Goiás,GO,5 - Centro-Oeste,2837,1 - Até 5000,Não,Sim,Não,-,Não,Só ônibus intermunicipal (sem circulação interna),Pendente,,,
5219605,Santa Tereza de Goiás,GO,5 - Centro-Oeste,3225,1 - Até 5000,Não,Sim,Não,-,Não,Só ônibus intermunicipal (sem circulação interna),Pendente,,,
5219704,Santa Terezinha de Goiás,GO,5 - Centro-Oeste,10818,3 - 10001 até 20000,Não,Sim,Não,-,Não,Só ônibus intermunicipal (sem circulação interna),Pendente,,,
5219712,Santo Antônio da Barra,GO,5 - Centro-Oeste,4293,1 - Até 5000,Não,Sim,Sim,-,Sim,Possui ônibus local (via intermunicipal que circula internamente),Pendente,,,
5219738,Santo Antônio de Goiás,GO,5 - Centro-Oeste,7873,2 - 5001 até 10000,Não,Sim,Sim,-,Sim,Possui ônibus local (via intermunicipal que circula internamente),Pendente,,,
5219753,Santo Antônio do Descoberto,GO,5 - Centro-Oeste,74614,5 - 50001 até 100000,Não,Sim,Sim,-,Sim,Possui ônibus local (via intermunicipal que circula internamente),Pendente,,,
5219803,São Domingos,GO,5 - Centro-Oeste,9581,2 - 5001 até 10000,Não,Sim,Não,-,Não,Só ônibus intermunicipal (sem circulação interna),Pendente,,,
5219902,São Francisco de Goiás,GO,5 - Centro-Oeste,6491,2 - 5001 até 10000,Não,Sim,Não,-,Não,Só ônibus intermunicipal (sem circulação interna),Pendente,,,
5220009,São João dAliança,GO,5 - Centro-Oeste,14757,3 - 10001 até 20000,Não,Sim,Não,-,Não,Só ônibus intermunicipal (sem circulação interna),Pendente,,,
5220058,São João da Paraúna,GO,5 - Centro-Oeste,1807,1 - Até 5000,Não,Não,-,-,Não,Não possui transporte coletivo por ônibus,Pendente,,,
5220108,São Luís de Montes Belos,GO,5 - Centro-Oeste,35031,4 - 20001 até 50000,Não,Sim,Não,-,Não,Só ônibus intermunicipal (sem circulação interna),Pendente,,,
5220157,São Luiz do Norte,GO,5 - Centro-Oeste,4926,1 - Até 5000,Não,Sim,Não,-,Não,Só ônibus intermunicipal (sem circulação interna),Pendente,,,
5220207,São Miguel do Araguaia,GO,5 - Centro-Oeste,22079,4 - 20001 até 50000,Não,Sim,Não,-,Não,Só ônibus intermunicipal (sem circulação interna),Pendente,,,
5220264,São Miguel do Passa Quatro,GO,5 - Centro-Oeste,4621,1 - Até 5000,Não,Não,-,-,Não,Não possui transporte coletivo por ônibus,Sem fonte encontrada,Buscas retornaram apenas transporte intermunicipal (São Miguel do Passa Quatro-GO),2026-08-13,Nenhuma evidência específica de ônibus urbano intramunicipal encontrada
5220280,São Patrício,GO,5 - Centro-Oeste,2190,1 - Até 5000,Não,Não,-,-,Não,Não possui transporte coletivo por ônibus,Pendente,,,
5220405,São Simão,GO,5 - Centro-Oeste,17194,3 - 10001 até 20000,Sim,Sim,Não,Parcialmente adaptada,Sim,Possui ônibus urbano (intramunicipal),Pendente,,,
5220454,Senador Canedo,GO,5 - Centro-Oeste,169849,6 - 100001 até 500000,Sim,Sim,Sim,Parcialmente adaptada,Sim,Possui ônibus urbano (intramunicipal),Pendente,,,
5220504,Serranópolis,GO,5 - Centro-Oeste,8201,2 - 5001 até 10000,Não,Não,-,-,Não,Não possui transporte coletivo por ônibus,Sem fonte encontrada,Buscas retornaram apenas rodoviária/transporte intermunicipal (Serranópolis-GO),2026-08-08,Nenhuma evidência específica de ônibus urbano intramunicipal encontrada
5220603,Silvânia,GO,5 - Centro-Oeste,22939,4 - 20001 até 50000,Não,Sim,Não,-,Não,Só ônibus intermunicipal (sem circulação interna),Pendente,,,
5220686,Simolândia,GO,5 - Centro-Oeste,5693,2 - 5001 até 10000,Não,Sim,Não,-,Não,Só ônibus intermunicipal (sem circulação interna),Pendente,,,
5220702,Sítio dAbadia,GO,5 - Centro-Oeste,2973,1 - Até 5000,Não,Não,-,-,Não,Não possui transporte coletivo por ônibus,Pendente,,,
5221007,Taquaral de Goiás,GO,5 - Centro-Oeste,4146,1 - Até 5000,Sim,Sim,Não,Parcialmente adaptada,Sim,Possui ônibus urbano (intramunicipal),Pendente,,,
5221080,Teresina de Goiás,GO,5 - Centro-Oeste,2685,1 - Até 5000,Não,Sim,Não,-,Não,Só ônibus intermunicipal (sem circulação interna),Pendente,,,
5221197,Terezópolis de Goiás,GO,5 - Centro-Oeste,8243,2 - 5001 até 10000,Não,Sim,Sim,-,Sim,Possui ônibus local (via intermunicipal que circula internamente),Pendente,,,
5221304,Três Ranchos,GO,5 - Centro-Oeste,2970,1 - Até 5000,Não,Sim,Não,-,Não,Só ônibus intermunicipal (sem circulação interna),Pendente,,,
5221403,Trindade,GO,5 - Centro-Oeste,150858,6 - 100001 até 500000,Sim,Sim,Sim,Parcialmente adaptada,Sim,Possui ônibus urbano (intramunicipal),Pendente,,,
5221452,Trombas,GO,5 - Centro-Oeste,3106,1 - Até 5000,Não,Sim,Não,-,Não,Só ônibus intermunicipal (sem circulação interna),Pendente,,,
5221502,Turvânia,GO,5 - Centro-Oeste,4478,1 - Até 5000,Não,Sim,Sim,-,Sim,Possui ônibus local (via intermunicipal que circula internamente),Pendente,,,
5221551,Turvelândia,GO,5 - Centro-Oeste,5130,2 - 5001 até 10000,Não,Sim,Não,-,Não,Só ônibus intermunicipal (sem circulação interna),Pendente,,,
5221577,Uirapuru,GO,5 - Centro-Oeste,2809,1 - Até 5000,Não,Sim,Não,-,Não,Só ônibus intermunicipal (sem circulação interna),Pendente,,,
5221601,Uruaçu,GO,5 - Centro-Oeste,44150,4 - 20001 até 50000,Não,Sim,Não,-,Não,Só ônibus intermunicipal (sem circulação interna),Pendente,,,
5221700,Uruana,GO,5 - Centro-Oeste,13871,3 - 10001 até 20000,Não,Sim,Não,-,Não,Só ônibus intermunicipal (sem circulação interna),Pendente,,,
5221809,Urutaí,GO,5 - Centro-Oeste,3667,1 - Até 5000,Não,Não,-,-,Não,Não possui transporte coletivo por ônibus,Pendente,,,
5221858,Valparaíso de Goiás,GO,5 - Centro-Oeste,213506,6 - 100001 até 500000,Sim,Sim,Não,Sem adaptação,Sim,Possui ônibus urbano (intramunicipal),Pendente,,,
5221908,Varjão,GO,5 - Centro-Oeste,3768,1 - Até 5000,Não,Sim,Não,-,Não,Só ônibus intermunicipal (sem circulação interna),Pendente,,,
5222005,Vianópolis,GO,5 - Centro-Oeste,15476,3 - 10001 até 20000,Não,Sim,Não,-,Não,Só ônibus intermunicipal (sem circulação interna),Pendente,,,
5222054,Vicentinópolis,GO,5 - Centro-Oeste,9077,2 - 5001 até 10000,Não,Sim,Não,-,Não,Só ônibus intermunicipal (sem circulação interna),Pendente,,,
5222203,Vila Boa,GO,5 - Centro-Oeste,4185,1 - Até 5000,Não,Sim,Sim,-,Sim,Possui ônibus local (via intermunicipal que circula internamente),Pendente,,,
5222302,Vila Propício,GO,5 - Centro-Oeste,5982,2 - 5001 até 10000,Não,Sim,Não,-,Não,Só ônibus intermunicipal (sem circulação interna),Pendente,,,
5300108,Brasília,DF,5 - Centro-Oeste,2982818,7 - Maior que 500000,Sim,Sim,Sim,Totalmente adaptada,Sim,Possui ônibus urbano (intramunicipal),Confirmado,Sistema de transporte público municipal amplamente documentado (site da prefeitura/empresa de transporte municipal),2026-08-07,Capital estadual com sistema de ônibus urbano consolidado e publicamente conhecido; dado do MUNIC 2024 já indicava 'Sim' corretamente.
